title,description,days_until_deadline,assignee_active_tasks,assignee_overdue_rate,assignee_avg_completion_delay,project_type,priority
Minor UI alignment fix,Minor UI alignment fix. This is a minor improvement with low business impact.,-1,2,0.2,1.3,AI Platform,LOW
Organize file structure,Organize file structure. No immediate operational risk involved.,26,0,0.11,0.1,EdTech,LOW
Improve onboarding process for Recruitment Drive,Improve onboarding process for Recruitment Drive. This task will improve operational efficiency.,10,5,0.12,0.0,Healthcare,MEDIUM
Enhance performance of Auth Service,Enhance performance of Auth Service. Important for improving overall system quality.,18,5,0.33,1.0,EdTech,MEDIUM
Minor UI alignment fix,Minor UI alignment fix. No immediate operational risk involved.,48,0,0.06,0.3,E-commerce,LOW
Enhance internal documentation,Enhance internal documentation. No immediate operational risk involved.,46,5,0.15,1.4,Fintech,LOW
Organize file structure,Organize file structure. No immediate operational risk involved.,38,1,0.09,2.0,EdTech,LOW
Organize file structure,Organize file structure. Can be addressed during routine maintenance.,32,5,0.14,0.2,SaaS,LOW
Minor UI alignment fix,Minor UI alignment fix. Can be addressed during routine maintenance.,55,3,0.11,1.2,SaaS,LOW
Upgrade billing process in Expense Audit,Upgrade billing process in Expense Audit. Important for improving overall system quality.,8,2,0.08,2.9,Fintech,MEDIUM
Payment failure reported by Enterprise Client,Payment failure reported by Enterprise Client. This task is blocking critical business operations.,3,10,0.5,8.4,Fintech,HIGH
Improve analytics reporting for Search,Improve analytics reporting for Search. This task will improve operational efficiency.,6,5,0.05,2.1,Fintech,MEDIUM
Upgrade billing process in Expense Audit,Upgrade billing process in Expense Audit. This enhancement supports ongoing optimization efforts.,18,10,0.02,1.5,SaaS,MEDIUM
Revenue-impacting defect in Login,Revenue-impacting defect in Login. Failure to resolve may result in financial or reputational damage.,21,4,0.87,5.6,Fintech,HIGH
Audit failure in Marketing,Audit failure in Marketing. This task is blocking critical business operations.,15,18,0.45,3.3,E-commerce,HIGH
Minor UI alignment fix,Minor UI alignment fix. No immediate operational risk involved.,16,3,0.11,1.2,SaaS,LOW
Automate campaign tracking for Q4 Launch,Automate campaign tracking for Q4 Launch. This enhancement supports ongoing optimization efforts.,21,5,0.4,1.4,EdTech,MEDIUM
Optimize workflow in Finance,Optimize workflow in Finance. This task will improve operational efficiency.,19,13,0.19,1.3,Fintech,MEDIUM
Improve onboarding process for Payroll Review,Improve onboarding process for Payroll Review. Important for improving overall system quality.,-1,10,0.27,1.7,Healthcare,MEDIUM
Payment failure reported by Startup Client,Payment failure reported by Startup Client. This issue is affecting multiple stakeholders and requires immediate attention.,8,11,0.86,7.0,AI Platform,HIGH
Enhance internal documentation,Enhance internal documentation. Can be addressed during routine maintenance.,36,1,0.15,1.0,EdTech,LOW
Improve comments in codebase,Improve comments in codebase. No immediate operational risk involved.,43,0,0.02,0.9,E-commerce,LOW
Production outage affecting Notification Service,Production outage affecting Notification Service. This issue is affecting multiple stakeholders and requires immediate attention.,6,0,0.59,4.7,Healthcare,HIGH
Optimize workflow in Sales,Optimize workflow in Sales. Important for improving overall system quality.,21,0,0.42,0.3,EdTech,MEDIUM
Enhance internal documentation,Enhance internal documentation. No immediate operational risk involved.,54,2,0.14,1.6,EdTech,LOW
Revenue-impacting defect in Analytics,Revenue-impacting defect in Analytics. This issue is affecting multiple stakeholders and requires immediate attention.,-1,0,0.8,2.4,AI Platform,HIGH
Update design theme slightly,Update design theme slightly. Can be addressed during routine maintenance.,56,5,0.06,0.2,E-commerce,LOW
Payment failure reported by Enterprise Client,Payment failure reported by Enterprise Client. This issue is affecting multiple stakeholders and requires immediate attention.,19,0,0.54,6.0,EdTech,HIGH
Critical issue in Payment Gateway,Critical issue in Payment Gateway. This issue is affecting multiple stakeholders and requires immediate attention.,19,6,0.77,2.3,EdTech,HIGH
Upgrade billing process in Budget Planning,Upgrade billing process in Budget Planning. This enhancement supports ongoing optimization efforts.,14,7,0.0,1.4,SaaS,MEDIUM
Automate campaign tracking for Email Automation,Automate campaign tracking for Email Automation. This enhancement supports ongoing optimization efforts.,-1,1,0.16,3.0,E-commerce,MEDIUM
Minor UI alignment fix,Minor UI alignment fix. This is a minor improvement with low business impact.,36,0,0.18,1.2,EdTech,LOW
Client escalation regarding Login,Client escalation regarding Login. This task is blocking critical business operations.,4,9,0.85,8.0,E-commerce,HIGH
Minor UI alignment fix,Minor UI alignment fix. This is a minor improvement with low business impact.,10,2,0.01,0.8,AI Platform,LOW
Security breach detected in Database,Security breach detected in Database. This task is blocking critical business operations.,9,0,0.46,4.6,SaaS,HIGH
Minor UI alignment fix,Minor UI alignment fix. Can be addressed during routine maintenance.,42,8,0.18,0.0,EdTech,LOW
Compliance violation in Operations,Compliance violation in Operations. This issue is affecting multiple stakeholders and requires immediate attention.,11,9,0.63,5.6,SaaS,HIGH
Update design theme slightly,Update design theme slightly. This is a minor improvement with low business impact.,19,0,0.11,0.2,Fintech,LOW
Optimize workflow in Sales,Optimize workflow in Sales. This enhancement supports ongoing optimization efforts.,39,0,0.25,0.1,SaaS,MEDIUM
Enhance UI for Checkout,Enhance UI for Checkout. Important for improving overall system quality.,9,5,0.19,0.2,SaaS,MEDIUM
Integrate new API into Inventory Service,Integrate new API into Inventory Service. This enhancement supports ongoing optimization efforts.,22,0,0.32,3.7,Healthcare,MEDIUM
Minor UI alignment fix,Minor UI alignment fix. Can be addressed during routine maintenance.,-1,0,0.07,1.3,AI Platform,LOW
Revenue-impacting defect in Analytics,Revenue-impacting defect in Analytics. Failure to resolve may result in financial or reputational damage.,16,11,0.31,2.2,EdTech,HIGH
Refactor variable naming in Frontend App,Refactor variable naming in Frontend App. This is a minor improvement with low business impact.,-1,0,0.04,1.8,E-commerce,LOW
Minor UI alignment fix,Minor UI alignment fix. No immediate operational risk involved.,31,0,0.16,1.7,Healthcare,LOW
Audit failure in Sales,Audit failure in Sales. This issue is affecting multiple stakeholders and requires immediate attention.,15,0,0.73,2.4,Fintech,HIGH
Optimize workflow in HR,Optimize workflow in HR. This enhancement supports ongoing optimization efforts.,25,1,0.45,0.3,EdTech,MEDIUM
Payment failure reported by Enterprise Client,Payment failure reported by Enterprise Client. This task is blocking critical business operations.,3,1,0.71,9.3,Fintech,HIGH
Automate campaign tracking for Q4 Launch,Automate campaign tracking for Q4 Launch. This enhancement supports ongoing optimization efforts.,15,6,0.06,3.2,Healthcare,MEDIUM
Cleanup unused resources,Cleanup unused resources. This is a minor improvement with low business impact.,-1,4,0.07,1.9,AI Platform,LOW
Enhance UI for Checkout,Enhance UI for Checkout. This task will improve operational efficiency.,14,0,0.45,1.4,Healthcare,MEDIUM
Immediate rollback required for Payment Gateway,Immediate rollback required for Payment Gateway. This issue is affecting multiple stakeholders and requires immediate attention.,8,0,0.7,5.2,SaaS,HIGH
Upgrade billing process in Invoice Processing,Upgrade billing process in Invoice Processing. This task will improve operational efficiency.,-1,5,0.37,2.1,Fintech,MEDIUM
Payment failure reported by Startup Client,Payment failure reported by Startup Client. This task is blocking critical business operations.,6,10,0.85,7.4,Healthcare,HIGH
Minor UI alignment fix,Minor UI alignment fix. No immediate operational risk involved.,11,0,0.14,1.9,E-commerce,LOW
Client escalation regarding Settings,Client escalation regarding Settings. This task is blocking critical business operations.,7,16,0.43,3.2,Fintech,HIGH
Enhance UI for Checkout,Enhance UI for Checkout. Important for improving overall system quality.,9,0,0.12,2.9,Healthcare,MEDIUM
Refactor codebase in Auth Service,Refactor codebase in Auth Service. Important for improving overall system quality.,-1,12,0.18,2.0,Fintech,MEDIUM
Compliance violation in Operations,Compliance violation in Operations. This issue is affecting multiple stakeholders and requires immediate attention.,8,14,0.57,6.7,E-commerce,HIGH
Improve onboarding process for Recruitment Drive,Improve onboarding process for Recruitment Drive. This enhancement supports ongoing optimization efforts.,-1,11,0.27,3.5,E-commerce,MEDIUM
Audit failure in HR,Audit failure in HR. Failure to resolve may result in financial or reputational damage.,11,11,0.44,3.4,SaaS,HIGH
Fix minor typo in documentation,Fix minor typo in documentation. This is a minor improvement with low business impact.,40,0,0.14,0.5,AI Platform,LOW
Revenue-impacting defect in Login,Revenue-impacting defect in Login. Failure to resolve may result in financial or reputational damage.,12,0,0.71,8.6,E-commerce,HIGH
Refactor codebase in Data Pipeline,Refactor codebase in Data Pipeline. Important for improving overall system quality.,30,3,0.06,3.0,AI Platform,MEDIUM
Optimize workflow in Support,Optimize workflow in Support. This enhancement supports ongoing optimization efforts.,21,4,0.33,0.3,SaaS,MEDIUM
Minor UI alignment fix,Minor UI alignment fix. No immediate operational risk involved.,45,0,0.04,0.1,Healthcare,LOW
Fix minor typo in documentation,Fix minor typo in documentation. Can be addressed during routine maintenance.,52,3,0.06,0.6,Healthcare,LOW
Upgrade billing process in Invoice Processing,Upgrade billing process in Invoice Processing. Important for improving overall system quality.,13,9,0.33,3.5,Fintech,MEDIUM
Production outage affecting User Service,Production outage affecting User Service. This task is blocking critical business operations.,19,9,0.59,4.5,Fintech,HIGH
Refactor codebase in Payment Gateway,Refactor codebase in Payment Gateway. This task will improve operational efficiency.,18,3,0.47,2.3,E-commerce,MEDIUM
Automate campaign tracking for Q4 Launch,Automate campaign tracking for Q4 Launch. Important for improving overall system quality.,-1,10,0.48,2.6,Fintech,MEDIUM
Security breach detected in Mobile App,Security breach detected in Mobile App. This issue is affecting multiple stakeholders and requires immediate attention.,3,14,0.35,4.2,Fintech,HIGH
Revenue-impacting defect in Settings,Revenue-impacting defect in Settings. Failure to resolve may result in financial or reputational damage.,4,7,0.28,7.0,AI Platform,HIGH
Enhance performance of Auth Service,Enhance performance of Auth Service. Important for improving overall system quality.,19,4,0.23,2.1,SaaS,MEDIUM
Client escalation regarding Search,Client escalation regarding Search. This task is blocking critical business operations.,13,10,0.38,9.8,Fintech,HIGH
Optimize workflow in Finance,Optimize workflow in Finance. Important for improving overall system quality.,25,0,0.23,3.4,E-commerce,MEDIUM
Minor UI alignment fix,Minor UI alignment fix. No immediate operational risk involved.,26,3,0.02,0.6,Healthcare,LOW
Implement new feature for Dashboard,Implement new feature for Dashboard. This enhancement supports ongoing optimization efforts.,15,6,0.31,2.0,EdTech,MEDIUM
Cleanup unused resources,Cleanup unused resources. This is a minor improvement with low business impact.,41,0,0.16,1.6,SaaS,LOW
Minor UI alignment fix,Minor UI alignment fix. This is a minor improvement with low business impact.,23,3,0.03,1.8,AI Platform,LOW
Critical issue in Database,Critical issue in Database. This issue is affecting multiple stakeholders and requires immediate attention.,10,9,0.59,2.3,E-commerce,HIGH
Improve comments in codebase,Improve comments in codebase. No immediate operational risk involved.,28,0,0.18,1.9,EdTech,LOW
Organize file structure,Organize file structure. Can be addressed during routine maintenance.,51,0,0.13,1.3,Fintech,LOW
Automate campaign tracking for Q4 Launch,Automate campaign tracking for Q4 Launch. This enhancement supports ongoing optimization efforts.,27,3,0.12,2.8,Healthcare,MEDIUM
Audit failure in Operations,Audit failure in Operations. Failure to resolve may result in financial or reputational damage.,6,5,0.41,6.6,Fintech,HIGH
Update dependency versions,Update dependency versions. No immediate operational risk involved.,37,5,0.13,1.2,Healthcare,LOW
Improve analytics reporting for Checkout,Improve analytics reporting for Checkout. This enhancement supports ongoing optimization efforts.,35,11,0.11,2.0,E-commerce,MEDIUM
Update dependency versions,Update dependency versions. This is a minor improvement with low business impact.,35,0,0.14,1.9,EdTech,LOW
Immediate rollback required for Frontend App,Immediate rollback required for Frontend App. This issue is affecting multiple stakeholders and requires immediate attention.,5,12,0.69,7.0,EdTech,HIGH
System crash during Search,System crash during Search. Failure to resolve may result in financial or reputational damage.,-1,15,0.38,8.8,SaaS,HIGH
Refactor variable naming in Payment Gateway,Refactor variable naming in Payment Gateway. Can be addressed during routine maintenance.,-1,0,0.03,0.6,SaaS,LOW
Critical issue in Mobile App,Critical issue in Mobile App. This task is blocking critical business operations.,9,0,0.59,3.9,EdTech,HIGH
Upgrade billing process in Expense Audit,Upgrade billing process in Expense Audit. This task will improve operational efficiency.,-1,9,0.35,2.6,Healthcare,MEDIUM
Upgrade billing process in Budget Planning,Upgrade billing process in Budget Planning. This enhancement supports ongoing optimization efforts.,13,0,0.35,1.9,E-commerce,MEDIUM
Compliance violation in Finance,Compliance violation in Finance. Failure to resolve may result in financial or reputational damage.,9,0,0.34,6.8,E-commerce,HIGH
Integrate new API into Inventory Service,Integrate new API into Inventory Service. This enhancement supports ongoing optimization efforts.,-1,7,0.34,3.9,E-commerce,MEDIUM
Optimize workflow in Support,Optimize workflow in Support. This enhancement supports ongoing optimization efforts.,10,0,0.36,1.9,SaaS,MEDIUM
Enhance performance of Database,Enhance performance of Database. This enhancement supports ongoing optimization efforts.,18,11,0.21,0.1,AI Platform,MEDIUM
Upgrade billing process in Invoice Processing,Upgrade billing process in Invoice Processing. This enhancement supports ongoing optimization efforts.,40,8,0.18,1.4,SaaS,MEDIUM
Update dependency versions,Update dependency versions. No immediate operational risk involved.,27,3,0.17,2.0,Fintech,LOW
Update design theme slightly,Update design theme slightly. This is a minor improvement with low business impact.,24,7,0.07,1.4,EdTech,LOW
Update design theme slightly,Update design theme slightly. No immediate operational risk involved.,43,4,0.12,0.3,Fintech,LOW
Enhance performance of Backend API,Enhance performance of Backend API. This enhancement supports ongoing optimization efforts.,8,3,0.43,0.8,SaaS,MEDIUM
Compliance violation in Marketing,Compliance violation in Marketing. This task is blocking critical business operations.,4,1,0.65,4.0,E-commerce,HIGH
Enhance internal documentation,Enhance internal documentation. This is a minor improvement with low business impact.,55,3,0.03,1.8,EdTech,LOW
Update dependency versions,Update dependency versions. This is a minor improvement with low business impact.,34,0,0.15,0.4,Fintech,LOW
Improve analytics reporting for Settings,Improve analytics reporting for Settings. This enhancement supports ongoing optimization efforts.,-1,0,0.1,3.7,E-commerce,MEDIUM
Critical issue in Frontend App,Critical issue in Frontend App. This task is blocking critical business operations.,12,0,0.62,7.7,SaaS,HIGH
Implement new feature for Profile,Implement new feature for Profile. This enhancement supports ongoing optimization efforts.,35,4,0.23,1.7,Healthcare,MEDIUM
System crash during Login,System crash during Login. This task is blocking critical business operations.,-1,0,0.41,6.1,E-commerce,HIGH
Production outage affecting Inventory Service,Production outage affecting Inventory Service. This task is blocking critical business operations.,12,4,0.27,8.4,SaaS,HIGH
Critical issue in Database,Critical issue in Database. Failure to resolve may result in financial or reputational damage.,15,6,0.63,3.0,EdTech,HIGH
Payment failure reported by Startup Client,Payment failure reported by Startup Client. This task is blocking critical business operations.,3,12,0.77,8.0,Fintech,HIGH
Critical issue in Auth Service,Critical issue in Auth Service. This task is blocking critical business operations.,20,10,0.86,9.4,Fintech,HIGH
Improve analytics reporting for Checkout,Improve analytics reporting for Checkout. Important for improving overall system quality.,28,12,0.38,1.0,SaaS,MEDIUM
Payment failure reported by Enterprise Client,Payment failure reported by Enterprise Client. This task is blocking critical business operations.,-1,3,0.82,4.8,Healthcare,HIGH
Automate campaign tracking for Black Friday Campaign,Automate campaign tracking for Black Friday Campaign. Important for improving overall system quality.,-1,0,0.31,3.0,AI Platform,MEDIUM
Production outage affecting Reporting Service,Production outage affecting Reporting Service. Failure to resolve may result in financial or reputational damage.,-1,9,0.89,9.1,Fintech,HIGH
Upgrade billing process in Expense Audit,Upgrade billing process in Expense Audit. Important for improving overall system quality.,32,0,0.06,1.7,Healthcare,MEDIUM
Cleanup unused resources,Cleanup unused resources. Can be addressed during routine maintenance.,28,1,0.03,0.9,EdTech,LOW
Revenue-impacting defect in Dashboard,Revenue-impacting defect in Dashboard. This issue is affecting multiple stakeholders and requires immediate attention.,6,3,0.23,5.7,Healthcare,HIGH
Implement new feature for Dashboard,Implement new feature for Dashboard. Important for improving overall system quality.,21,10,0.14,1.9,E-commerce,MEDIUM
Revenue-impacting defect in Profile,Revenue-impacting defect in Profile. Failure to resolve may result in financial or reputational damage.,-1,0,0.74,2.9,EdTech,HIGH
Fix minor typo in documentation,Fix minor typo in documentation. No immediate operational risk involved.,35,2,0.11,0.2,Healthcare,LOW
Audit failure in Sales,Audit failure in Sales. This task is blocking critical business operations.,27,0,0.35,4.4,Fintech,HIGH
Update design theme slightly,Update design theme slightly. Can be addressed during routine maintenance.,39,0,0.1,1.7,Healthcare,LOW
Improve comments in codebase,Improve comments in codebase. No immediate operational risk involved.,47,0,0.07,0.8,Healthcare,LOW
Critical issue in Data Pipeline,Critical issue in Data Pipeline. This task is blocking critical business operations.,2,0,0.8,4.0,Fintech,HIGH
Enhance internal documentation,Enhance internal documentation. This is a minor improvement with low business impact.,24,6,0.13,0.9,SaaS,LOW
Enhance UI for Dashboard,Enhance UI for Dashboard. This task will improve operational efficiency.,16,10,0.37,1.9,Fintech,MEDIUM
Organize file structure,Organize file structure. No immediate operational risk involved.,61,1,0.05,0.8,Fintech,LOW
Implement new feature for Search,Implement new feature for Search. This enhancement supports ongoing optimization efforts.,-1,3,0.18,2.3,Healthcare,MEDIUM
Update design theme slightly,Update design theme slightly. Can be addressed during routine maintenance.,66,7,0.16,0.1,AI Platform,LOW
Automate campaign tracking for Q4 Launch,Automate campaign tracking for Q4 Launch. This task will improve operational efficiency.,25,8,0.31,3.3,Fintech,MEDIUM
Automate campaign tracking for Q4 Launch,Automate campaign tracking for Q4 Launch. This enhancement supports ongoing optimization efforts.,12,5,0.04,0.4,SaaS,MEDIUM
Organize file structure,Organize file structure. Can be addressed during routine maintenance.,1,0,0.06,0.2,Healthcare,LOW
Enhance UI for Analytics,Enhance UI for Analytics. This task will improve operational efficiency.,16,9,0.26,2.2,Fintech,MEDIUM
Enhance UI for Profile,Enhance UI for Profile. Important for improving overall system quality.,17,5,0.46,0.8,AI Platform,MEDIUM
Cleanup unused resources,Cleanup unused resources. This is a minor improvement with low business impact.,27,3,0.15,0.6,SaaS,LOW
Critical issue in Auth Service,Critical issue in Auth Service. This issue is affecting multiple stakeholders and requires immediate attention.,3,7,0.78,4.1,SaaS,HIGH
Enhance internal documentation,Enhance internal documentation. Can be addressed during routine maintenance.,-1,2,0.19,1.0,E-commerce,LOW
Critical issue in Backend API,Critical issue in Backend API. This issue is affecting multiple stakeholders and requires immediate attention.,5,11,0.74,4.2,Healthcare,HIGH
Production outage affecting Inventory Service,Production outage affecting Inventory Service. This issue is affecting multiple stakeholders and requires immediate attention.,17,0,0.88,6.0,EdTech,HIGH
Automate campaign tracking for Black Friday Campaign,Automate campaign tracking for Black Friday Campaign. This enhancement supports ongoing optimization efforts.,15,0,0.22,3.0,Healthcare,MEDIUM
Enhance UI for Dashboard,Enhance UI for Dashboard. This task will improve operational efficiency.,28,3,0.2,1.7,Healthcare,MEDIUM
Enhance internal documentation,Enhance internal documentation. No immediate operational risk involved.,-1,2,0.17,0.8,EdTech,LOW
Automate campaign tracking for Email Automation,Automate campaign tracking for Email Automation. This enhancement supports ongoing optimization efforts.,15,0,0.06,1.6,AI Platform,MEDIUM
Security breach detected in Auth Service,Security breach detected in Auth Service. Failure to resolve may result in financial or reputational damage.,-1,0,0.35,9.1,Healthcare,HIGH
Enhance performance of Payment Gateway,Enhance performance of Payment Gateway. This enhancement supports ongoing optimization efforts.,35,7,0.4,0.0,EdTech,MEDIUM
Fix minor typo in documentation,Fix minor typo in documentation. No immediate operational risk involved.,24,0,0.08,0.4,EdTech,LOW
Minor UI alignment fix,Minor UI alignment fix. No immediate operational risk involved.,18,0,0.06,1.5,EdTech,LOW
Optimize workflow in Finance,Optimize workflow in Finance. This enhancement supports ongoing optimization efforts.,24,6,0.49,0.3,EdTech,MEDIUM
Immediate rollback required for Database,Immediate rollback required for Database. This task is blocking critical business operations.,23,6,0.88,6.7,Fintech,HIGH
Refactor codebase in Frontend App,Refactor codebase in Frontend App. This task will improve operational efficiency.,-1,0,0.41,3.6,EdTech,MEDIUM
Automate campaign tracking for Email Automation,Automate campaign tracking for Email Automation. This task will improve operational efficiency.,21,5,0.06,2.3,SaaS,MEDIUM
Enhance performance of Auth Service,Enhance performance of Auth Service. This task will improve operational efficiency.,24,0,0.4,3.0,Healthcare,MEDIUM
Enhance performance of Database,Enhance performance of Database. This enhancement supports ongoing optimization efforts.,-1,3,0.01,0.6,SaaS,MEDIUM
Fix minor typo in documentation,Fix minor typo in documentation. No immediate operational risk involved.,-1,0,0.1,0.2,E-commerce,LOW
Improve onboarding process for Payroll Review,Improve onboarding process for Payroll Review. This enhancement supports ongoing optimization efforts.,24,9,0.05,3.0,Healthcare,MEDIUM
Integrate new API into Reporting Service,Integrate new API into Reporting Service. This task will improve operational efficiency.,6,4,0.2,2.6,AI Platform,MEDIUM
Refactor codebase in Data Pipeline,Refactor codebase in Data Pipeline. This enhancement supports ongoing optimization efforts.,23,3,0.18,1.1,EdTech,MEDIUM
Improve formatting in Backend API,Improve formatting in Backend API. This is a minor improvement with low business impact.,48,0,0.16,1.6,E-commerce,LOW
Compliance violation in Marketing,Compliance violation in Marketing. Failure to resolve may result in financial or reputational damage.,20,0,0.72,7.7,Healthcare,HIGH
Upgrade billing process in Expense Audit,Upgrade billing process in Expense Audit. This task will improve operational efficiency.,-1,7,0.11,0.6,E-commerce,MEDIUM
Automate campaign tracking for Referral Program,Automate campaign tracking for Referral Program. This task will improve operational efficiency.,-1,13,0.38,2.6,Fintech,MEDIUM
Immediate rollback required for Mobile App,Immediate rollback required for Mobile App. This issue is affecting multiple stakeholders and requires immediate attention.,3,12,0.76,1.5,AI Platform,HIGH
Update design theme slightly,Update design theme slightly. Can be addressed during routine maintenance.,30,0,0.16,0.4,Healthcare,LOW
Improve analytics reporting for Profile,Improve analytics reporting for Profile. This enhancement supports ongoing optimization efforts.,12,9,0.14,0.2,E-commerce,MEDIUM
Payment failure reported by Government Client,Payment failure reported by Government Client. This task is blocking critical business operations.,2,8,0.43,7.6,Healthcare,HIGH
Fix minor typo in documentation,Fix minor typo in documentation. This is a minor improvement with low business impact.,55,7,0.06,1.3,Fintech,LOW
Automate campaign tracking for Black Friday Campaign,Automate campaign tracking for Black Friday Campaign. This task will improve operational efficiency.,14,6,0.3,0.7,SaaS,MEDIUM
Refactor codebase in Payment Gateway,Refactor codebase in Payment Gateway. This task will improve operational efficiency.,16,9,0.34,0.5,Fintech,MEDIUM
Improve onboarding process for Recruitment Drive,Improve onboarding process for Recruitment Drive. This enhancement supports ongoing optimization efforts.,-1,2,0.01,3.2,EdTech,MEDIUM
Cleanup unused resources,Cleanup unused resources. Can be addressed during routine maintenance.,72,1,0.17,1.7,E-commerce,LOW
Audit failure in Finance,Audit failure in Finance. This issue is affecting multiple stakeholders and requires immediate attention.,24,14,0.71,5.5,E-commerce,HIGH
Refactor variable naming in Backend API,Refactor variable naming in Backend API. This is a minor improvement with low business impact.,25,1,0.1,0.8,SaaS,LOW
Cleanup unused resources,Cleanup unused resources. This is a minor improvement with low business impact.,39,5,0.1,0.9,Fintech,LOW
Update dependency versions,Update dependency versions. No immediate operational risk involved.,17,3,0.04,0.7,Healthcare,LOW
Fix minor typo in documentation,Fix minor typo in documentation. No immediate operational risk involved.,14,0,0.09,0.2,Healthcare,LOW
Immediate rollback required for Frontend App,Immediate rollback required for Frontend App. Failure to resolve may result in financial or reputational damage.,1,0,0.79,4.3,SaaS,HIGH
Minor UI alignment fix,Minor UI alignment fix. Can be addressed during routine maintenance.,35,0,0.13,2.0,Fintech,LOW
Production outage affecting Reporting Service,Production outage affecting Reporting Service. This issue is affecting multiple stakeholders and requires immediate attention.,6,15,0.85,8.8,EdTech,HIGH
Update design theme slightly,Update design theme slightly. This is a minor improvement with low business impact.,51,0,0.08,0.4,AI Platform,LOW
Improve onboarding process for Payroll Review,Improve onboarding process for Payroll Review. This enhancement supports ongoing optimization efforts.,35,6,0.23,1.4,E-commerce,MEDIUM
Upgrade billing process in Invoice Processing,Upgrade billing process in Invoice Processing. This task will improve operational efficiency.,36,0,0.47,3.9,EdTech,MEDIUM
Immediate rollback required for Backend API,Immediate rollback required for Backend API. This task is blocking critical business operations.,12,0,0.84,6.4,E-commerce,HIGH
Update dependency versions,Update dependency versions. No immediate operational risk involved.,36,5,0.12,1.0,Healthcare,LOW
Production outage affecting Billing Service,Production outage affecting Billing Service. Failure to resolve may result in financial or reputational damage.,-1,0,0.37,9.7,AI Platform,HIGH
Payment failure reported by Government Client,Payment failure reported by Government Client. Failure to resolve may result in financial or reputational damage.,10,14,0.74,8.4,SaaS,HIGH
Compliance violation in Operations,Compliance violation in Operations. This task is blocking critical business operations.,7,0,0.5,9.4,Fintech,HIGH
Improve onboarding process for Employee Onboarding,Improve onboarding process for Employee Onboarding. Important for improving overall system quality.,-1,4,0.06,0.1,Healthcare,MEDIUM
Production outage affecting Notification Service,Production outage affecting Notification Service. Failure to resolve may result in financial or reputational damage.,8,13,0.59,5.9,EdTech,HIGH
Organize file structure,Organize file structure. This is a minor improvement with low business impact.,-1,2,0.02,1.3,Fintech,LOW
Improve comments in codebase,Improve comments in codebase. This is a minor improvement with low business impact.,-1,0,0.1,1.0,EdTech,LOW
Improve analytics reporting for Login,Improve analytics reporting for Login. Important for improving overall system quality.,-1,5,0.05,4.0,SaaS,MEDIUM
Upgrade billing process in Budget Planning,Upgrade billing process in Budget Planning. This task will improve operational efficiency.,-1,9,0.06,3.8,E-commerce,MEDIUM
Refactor codebase in Backend API,Refactor codebase in Backend API. This enhancement supports ongoing optimization efforts.,30,4,0.12,1.1,AI Platform,MEDIUM
Improve onboarding process for Employee Onboarding,Improve onboarding process for Employee Onboarding. This enhancement supports ongoing optimization efforts.,41,6,0.08,1.2,Healthcare,MEDIUM
Payment failure reported by Enterprise Client,Payment failure reported by Enterprise Client. This issue is affecting multiple stakeholders and requires immediate attention.,-1,5,0.36,1.4,Fintech,HIGH
Improve comments in codebase,Improve comments in codebase. This is a minor improvement with low business impact.,1,3,0.16,0.4,SaaS,LOW
Enhance internal documentation,Enhance internal documentation. This is a minor improvement with low business impact.,51,0,0.1,0.4,Healthcare,LOW
Minor UI alignment fix,Minor UI alignment fix. No immediate operational risk involved.,75,5,0.13,1.7,Healthcare,LOW
Implement new feature for Login,Implement new feature for Login. This enhancement supports ongoing optimization efforts.,15,9,0.47,2.9,E-commerce,MEDIUM
Improve comments in codebase,Improve comments in codebase. This is a minor improvement with low business impact.,19,5,0.2,1.4,AI Platform,LOW
Refactor codebase in Auth Service,Refactor codebase in Auth Service. This enhancement supports ongoing optimization efforts.,-1,1,0.35,2.7,AI Platform,MEDIUM
Enhance UI for Analytics,Enhance UI for Analytics. Important for improving overall system quality.,11,4,0.01,1.8,Healthcare,MEDIUM
Minor UI alignment fix,Minor UI alignment fix. Can be addressed during routine maintenance.,-1,0,0.04,1.8,Healthcare,LOW
Cleanup unused resources,Cleanup unused resources. No immediate operational risk involved.,-1,2,0.19,0.6,Fintech,LOW
Improve comments in codebase,Improve comments in codebase. No immediate operational risk involved.,-1,0,0.14,0.0,AI Platform,LOW
Improve analytics reporting for Profile,Improve analytics reporting for Profile. This task will improve operational efficiency.,13,5,0.37,2.7,AI Platform,MEDIUM
Optimize workflow in Operations,Optimize workflow in Operations. Important for improving overall system quality.,12,6,0.41,0.7,Healthcare,MEDIUM
Implement new feature for Analytics,Implement new feature for Analytics. This enhancement supports ongoing optimization efforts.,22,0,0.03,2.2,SaaS,MEDIUM
Improve formatting in Frontend App,Improve formatting in Frontend App. No immediate operational risk involved.,39,1,0.19,0.3,E-commerce,LOW
Cleanup unused resources,Cleanup unused resources. Can be addressed during routine maintenance.,50,2,0.15,1.4,SaaS,LOW
Client escalation regarding Search,Client escalation regarding Search. This task is blocking critical business operations.,13,5,0.83,6.9,AI Platform,HIGH
Minor UI alignment fix,Minor UI alignment fix. This is a minor improvement with low business impact.,30,7,0.15,1.4,Fintech,LOW
Update dependency versions,Update dependency versions. Can be addressed during routine maintenance.,40,9,0.08,1.2,Healthcare,LOW
Critical issue in Database,Critical issue in Database. Failure to resolve may result in financial or reputational damage.,7,5,0.27,6.8,EdTech,HIGH
Immediate rollback required for Frontend App,Immediate rollback required for Frontend App. This issue is affecting multiple stakeholders and requires immediate attention.,8,2,0.24,7.0,EdTech,HIGH
Payment failure reported by Premium Customer,Payment failure reported by Premium Customer. This task is blocking critical business operations.,-1,7,0.66,3.8,SaaS,HIGH
Optimize workflow in Marketing,Optimize workflow in Marketing. This task will improve operational efficiency.,13,4,0.2,3.3,EdTech,MEDIUM
Production outage affecting Billing Service,Production outage affecting Billing Service. This issue is affecting multiple stakeholders and requires immediate attention.,20,10,0.89,5.9,E-commerce,HIGH
Update dependency versions,Update dependency versions. This is a minor improvement with low business impact.,-1,1,0.19,1.5,AI Platform,LOW
Refactor variable naming in Backend API,Refactor variable naming in Backend API. No immediate operational risk involved.,70,0,0.08,1.7,SaaS,LOW
System crash during Login,System crash during Login. This task is blocking critical business operations.,8,6,0.66,5.5,EdTech,HIGH
Update design theme slightly,Update design theme slightly. This is a minor improvement with low business impact.,16,0,0.16,0.9,Fintech,LOW
Audit failure in Operations,Audit failure in Operations. This issue is affecting multiple stakeholders and requires immediate attention.,13,10,0.75,9.8,AI Platform,HIGH
Update dependency versions,Update dependency versions. This is a minor improvement with low business impact.,24,0,0.02,1.2,AI Platform,LOW
Enhance performance of Database,Enhance performance of Database. This task will improve operational efficiency.,17,6,0.39,2.0,Healthcare,MEDIUM
Optimize workflow in Marketing,Optimize workflow in Marketing. Important for improving overall system quality.,23,2,0.48,0.4,AI Platform,MEDIUM
Client escalation regarding Analytics,Client escalation regarding Analytics. Failure to resolve may result in financial or reputational damage.,7,4,0.37,8.6,Fintech,HIGH
Audit failure in Finance,Audit failure in Finance. This task is blocking critical business operations.,17,11,0.53,8.2,Healthcare,HIGH
Refactor variable naming in Database,Refactor variable naming in Database. No immediate operational risk involved.,-1,0,0.03,0.3,E-commerce,LOW
Audit failure in Finance,Audit failure in Finance. This task is blocking critical business operations.,-1,8,0.81,9.2,EdTech,HIGH
Improve comments in codebase,Improve comments in codebase. No immediate operational risk involved.,-1,0,0.11,0.4,AI Platform,LOW
Critical issue in Auth Service,Critical issue in Auth Service. This task is blocking critical business operations.,19,0,0.55,1.9,AI Platform,HIGH
Integrate new API into Reporting Service,Integrate new API into Reporting Service. Important for improving overall system quality.,31,0,0.12,3.1,Fintech,MEDIUM
Compliance violation in Finance,Compliance violation in Finance. Failure to resolve may result in financial or reputational damage.,7,0,0.66,4.6,SaaS,HIGH
Improve comments in codebase,Improve comments in codebase. Can be addressed during routine maintenance.,-1,0,0.1,0.0,E-commerce,LOW
Organize file structure,Organize file structure. No immediate operational risk involved.,39,0,0.15,0.7,AI Platform,LOW
Upgrade billing process in Expense Audit,Upgrade billing process in Expense Audit. This task will improve operational efficiency.,16,0,0.39,3.2,E-commerce,MEDIUM
Improve formatting in Auth Service,Improve formatting in Auth Service. No immediate operational risk involved.,40,2,0.13,1.2,AI Platform,LOW
Client escalation regarding Search,Client escalation regarding Search. This task is blocking critical business operations.,12,10,0.6,2.3,AI Platform,HIGH
Update dependency versions,Update dependency versions. This is a minor improvement with low business impact.,16,4,0.18,1.2,Fintech,LOW
Organize file structure,Organize file structure. Can be addressed during routine maintenance.,34,3,0.11,0.9,Fintech,LOW
Client escalation regarding Settings,Client escalation regarding Settings. This task is blocking critical business operations.,21,6,0.24,1.9,EdTech,HIGH
Revenue-impacting defect in Login,Revenue-impacting defect in Login. Failure to resolve may result in financial or reputational damage.,4,0,0.7,9.4,EdTech,HIGH
Organize file structure,Organize file structure. No immediate operational risk involved.,-1,2,0.17,0.0,SaaS,LOW
Optimize workflow in Support,Optimize workflow in Support. This task will improve operational efficiency.,14,0,0.19,2.4,EdTech,MEDIUM
Optimize workflow in Support,Optimize workflow in Support. This task will improve operational efficiency.,7,0,0.3,2.1,EdTech,MEDIUM
Optimize workflow in HR,Optimize workflow in HR. This task will improve operational efficiency.,25,7,0.32,2.2,Healthcare,MEDIUM
Refactor codebase in Payment Gateway,Refactor codebase in Payment Gateway. Important for improving overall system quality.,11,6,0.39,2.3,SaaS,MEDIUM
Enhance performance of Mobile App,Enhance performance of Mobile App. This task will improve operational efficiency.,18,0,0.28,3.2,EdTech,MEDIUM
Implement new feature for Search,Implement new feature for Search. This enhancement supports ongoing optimization efforts.,23,6,0.12,4.0,E-commerce,MEDIUM
Organize file structure,Organize file structure. No immediate operational risk involved.,27,0,0.04,1.9,Healthcare,LOW
Revenue-impacting defect in Settings,Revenue-impacting defect in Settings. This task is blocking critical business operations.,18,4,0.45,2.2,AI Platform,HIGH
Update design theme slightly,Update design theme slightly. This is a minor improvement with low business impact.,24,0,0.1,1.4,Fintech,LOW
Improve formatting in Backend API,Improve formatting in Backend API. This is a minor improvement with low business impact.,50,0,0.17,1.0,Fintech,LOW
Critical issue in Data Pipeline,Critical issue in Data Pipeline. This issue is affecting multiple stakeholders and requires immediate attention.,16,1,0.85,7.8,E-commerce,HIGH
Critical issue in Frontend App,Critical issue in Frontend App. This issue is affecting multiple stakeholders and requires immediate attention.,11,10,0.39,6.0,Healthcare,HIGH
System crash during Settings,System crash during Settings. This issue is affecting multiple stakeholders and requires immediate attention.,21,17,0.86,8.5,EdTech,HIGH
Automate campaign tracking for Black Friday Campaign,Automate campaign tracking for Black Friday Campaign. Important for improving overall system quality.,11,8,0.01,1.5,E-commerce,MEDIUM
Update design theme slightly,Update design theme slightly. No immediate operational risk involved.,58,9,0.08,1.1,E-commerce,LOW
Organize file structure,Organize file structure. No immediate operational risk involved.,-1,1,0.01,0.5,EdTech,LOW
Improve formatting in Mobile App,Improve formatting in Mobile App. No immediate operational risk involved.,-1,5,0.07,0.4,Healthcare,LOW
Improve comments in codebase,Improve comments in codebase. Can be addressed during routine maintenance.,78,0,0.13,0.2,SaaS,LOW
Optimize workflow in HR,Optimize workflow in HR. Important for improving overall system quality.,-1,8,0.37,3.5,Healthcare,MEDIUM
Enhance internal documentation,Enhance internal documentation. Can be addressed during routine maintenance.,37,3,0.05,1.9,AI Platform,LOW
Audit failure in Operations,Audit failure in Operations. This task is blocking critical business operations.,16,0,0.66,2.2,Fintech,HIGH
Update design theme slightly,Update design theme slightly. No immediate operational risk involved.,56,2,0.1,1.9,E-commerce,LOW
Improve comments in codebase,Improve comments in codebase. No immediate operational risk involved.,30,0,0.07,1.0,E-commerce,LOW
Cleanup unused resources,Cleanup unused resources. No immediate operational risk involved.,33,0,0.05,0.2,Healthcare,LOW
Improve formatting in Mobile App,Improve formatting in Mobile App. This is a minor improvement with low business impact.,58,0,0.16,1.6,SaaS,LOW
Revenue-impacting defect in Login,Revenue-impacting defect in Login. Failure to resolve may result in financial or reputational damage.,12,11,0.77,7.5,Fintech,HIGH
Client escalation regarding Profile,Client escalation regarding Profile. Failure to resolve may result in financial or reputational damage.,17,9,0.6,9.9,AI Platform,HIGH
Client escalation regarding Login,Client escalation regarding Login. Failure to resolve may result in financial or reputational damage.,11,0,0.29,5.9,Healthcare,HIGH
Fix minor typo in documentation,Fix minor typo in documentation. No immediate operational risk involved.,26,0,0.15,1.4,EdTech,LOW
Automate campaign tracking for Q4 Launch,Automate campaign tracking for Q4 Launch. This enhancement supports ongoing optimization efforts.,19,10,0.45,2.9,E-commerce,MEDIUM
System crash during Analytics,System crash during Analytics. This issue is affecting multiple stakeholders and requires immediate attention.,11,0,0.54,4.2,EdTech,HIGH
Implement new feature for Search,Implement new feature for Search. This enhancement supports ongoing optimization efforts.,19,5,0.39,2.3,SaaS,MEDIUM
Revenue-impacting defect in Checkout,Revenue-impacting defect in Checkout. Failure to resolve may result in financial or reputational damage.,10,0,0.62,6.5,SaaS,HIGH
Refactor codebase in Payment Gateway,Refactor codebase in Payment Gateway. Important for improving overall system quality.,7,0,0.29,0.4,E-commerce,MEDIUM
Integrate new API into Reporting Service,Integrate new API into Reporting Service. Important for improving overall system quality.,-1,8,0.05,0.9,E-commerce,MEDIUM
Improve formatting in Mobile App,Improve formatting in Mobile App. This is a minor improvement with low business impact.,43,0,0.17,1.7,Healthcare,LOW
Fix minor typo in documentation,Fix minor typo in documentation. No immediate operational risk involved.,70,0,0.18,1.8,EdTech,LOW
Optimize workflow in Finance,Optimize workflow in Finance. This enhancement supports ongoing optimization efforts.,21,5,0.3,3.1,Fintech,MEDIUM
Payment failure reported by Enterprise Client,Payment failure reported by Enterprise Client. This issue is affecting multiple stakeholders and requires immediate attention.,6,0,0.34,6.8,E-commerce,HIGH
Integrate new API into Billing Service,Integrate new API into Billing Service. This task will improve operational efficiency.,-1,6,0.21,0.2,SaaS,MEDIUM
Revenue-impacting defect in Search,Revenue-impacting defect in Search. This issue is affecting multiple stakeholders and requires immediate attention.,-1,0,0.85,7.0,EdTech,HIGH
Fix minor typo in documentation,Fix minor typo in documentation. This is a minor improvement with low business impact.,-1,2,0.19,1.6,E-commerce,LOW
Security breach detected in Backend API,Security breach detected in Backend API. Failure to resolve may result in financial or reputational damage.,7,0,0.75,3.2,EdTech,HIGH
Enhance performance of Payment Gateway,Enhance performance of Payment Gateway. This task will improve operational efficiency.,-1,8,0.06,0.0,Fintech,MEDIUM
Compliance violation in Support,Compliance violation in Support. Failure to resolve may result in financial or reputational damage.,-1,12,0.48,6.5,Healthcare,HIGH
Revenue-impacting defect in Settings,Revenue-impacting defect in Settings. This task is blocking critical business operations.,-1,0,0.58,2.4,Fintech,HIGH
Fix minor typo in documentation,Fix minor typo in documentation. This is a minor improvement with low business impact.,24,0,0.13,0.7,SaaS,LOW
Implement new feature for Search,Implement new feature for Search. This enhancement supports ongoing optimization efforts.,4,0,0.05,0.6,Fintech,MEDIUM
Fix minor typo in documentation,Fix minor typo in documentation. No immediate operational risk involved.,40,0,0.0,1.9,Fintech,LOW
Refactor codebase in Payment Gateway,Refactor codebase in Payment Gateway. Important for improving overall system quality.,24,4,0.24,0.6,Fintech,MEDIUM
Improve onboarding process for Recruitment Drive,Improve onboarding process for Recruitment Drive. This task will improve operational efficiency.,12,9,0.5,2.5,Healthcare,MEDIUM
Integrate new API into Notification Service,Integrate new API into Notification Service. Important for improving overall system quality.,38,5,0.17,1.5,Fintech,MEDIUM
Client escalation regarding Profile,Client escalation regarding Profile. This task is blocking critical business operations.,12,0,0.28,8.8,Healthcare,HIGH
Update dependency versions,Update dependency versions. No immediate operational risk involved.,61,0,0.15,1.7,E-commerce,LOW
Security breach detected in Frontend App,Security breach detected in Frontend App. Failure to resolve may result in financial or reputational damage.,15,7,0.61,8.7,Fintech,HIGH
Minor UI alignment fix,Minor UI alignment fix. Can be addressed during routine maintenance.,5,0,0.19,1.8,AI Platform,LOW
Refactor codebase in Backend API,Refactor codebase in Backend API. Important for improving overall system quality.,37,6,0.01,3.2,E-commerce,MEDIUM
Upgrade billing process in Expense Audit,Upgrade billing process in Expense Audit. This enhancement supports ongoing optimization efforts.,17,4,0.21,1.1,SaaS,MEDIUM
Revenue-impacting defect in Analytics,Revenue-impacting defect in Analytics. This issue is affecting multiple stakeholders and requires immediate attention.,9,11,0.74,4.0,Healthcare,HIGH
Upgrade billing process in Budget Planning,Upgrade billing process in Budget Planning. Important for improving overall system quality.,23,0,0.01,3.8,E-commerce,MEDIUM
Critical issue in Backend API,Critical issue in Backend API. This issue is affecting multiple stakeholders and requires immediate attention.,12,17,0.78,9.8,EdTech,HIGH
Enhance UI for Search,Enhance UI for Search. This enhancement supports ongoing optimization efforts.,27,11,0.4,3.2,SaaS,MEDIUM
Revenue-impacting defect in Checkout,Revenue-impacting defect in Checkout. Failure to resolve may result in financial or reputational damage.,-1,15,0.8,7.7,Fintech,HIGH
Fix minor typo in documentation,Fix minor typo in documentation. Can be addressed during routine maintenance.,7,0,0.15,0.2,EdTech,LOW
Update design theme slightly,Update design theme slightly. This is a minor improvement with low business impact.,30,0,0.1,1.9,E-commerce,LOW
Cleanup unused resources,Cleanup unused resources. No immediate operational risk involved.,-1,3,0.18,1.2,E-commerce,LOW
Refactor codebase in Payment Gateway,Refactor codebase in Payment Gateway. Important for improving overall system quality.,-1,0,0.33,3.2,EdTech,MEDIUM
Cleanup unused resources,Cleanup unused resources. This is a minor improvement with low business impact.,44,2,0.08,1.5,Healthcare,LOW
Optimize workflow in Support,Optimize workflow in Support. This enhancement supports ongoing optimization efforts.,13,0,0.14,2.7,E-commerce,MEDIUM
Upgrade billing process in Invoice Processing,Upgrade billing process in Invoice Processing. This enhancement supports ongoing optimization efforts.,13,4,0.12,3.2,E-commerce,MEDIUM
Enhance internal documentation,Enhance internal documentation. No immediate operational risk involved.,42,8,0.07,1.0,Healthcare,LOW
Minor UI alignment fix,Minor UI alignment fix. Can be addressed during routine maintenance.,30,6,0.02,2.0,Healthcare,LOW
Immediate rollback required for Mobile App,Immediate rollback required for Mobile App. This task is blocking critical business operations.,11,0,0.72,5.4,SaaS,HIGH
Production outage affecting User Service,Production outage affecting User Service. This issue is affecting multiple stakeholders and requires immediate attention.,10,8,0.56,2.8,SaaS,HIGH
Minor UI alignment fix,Minor UI alignment fix. Can be addressed during routine maintenance.,13,5,0.12,0.4,E-commerce,LOW
Critical issue in Data Pipeline,Critical issue in Data Pipeline. Failure to resolve may result in financial or reputational damage.,-1,14,0.6,5.3,EdTech,HIGH
System crash during Profile,System crash during Profile. This issue is affecting multiple stakeholders and requires immediate attention.,2,0,0.81,9.9,E-commerce,HIGH
Update design theme slightly,Update design theme slightly. No immediate operational risk involved.,-1,2,0.08,1.8,SaaS,LOW
Integrate new API into Inventory Service,Integrate new API into Inventory Service. Important for improving overall system quality.,12,5,0.06,3.2,AI Platform,MEDIUM
Improve onboarding process for Employee Onboarding,Improve onboarding process for Employee Onboarding. This enhancement supports ongoing optimization efforts.,31,5,0.04,2.1,EdTech,MEDIUM
Improve onboarding process for Recruitment Drive,Improve onboarding process for Recruitment Drive. This task will improve operational efficiency.,10,10,0.47,1.4,SaaS,MEDIUM
Automate campaign tracking for Black Friday Campaign,Automate campaign tracking for Black Friday Campaign. This enhancement supports ongoing optimization efforts.,17,6,0.26,1.2,SaaS,MEDIUM
Upgrade billing process in Invoice Processing,Upgrade billing process in Invoice Processing. This task will improve operational efficiency.,39,6,0.33,2.3,Healthcare,MEDIUM
Refactor variable naming in Frontend App,Refactor variable naming in Frontend App. This is a minor improvement with low business impact.,48,0,0.02,1.4,EdTech,LOW
Critical issue in Database,Critical issue in Database. This issue is affecting multiple stakeholders and requires immediate attention.,12,14,0.27,5.3,EdTech,HIGH
Minor UI alignment fix,Minor UI alignment fix. No immediate operational risk involved.,35,6,0.16,1.1,SaaS,LOW
Audit failure in Marketing,Audit failure in Marketing. This task is blocking critical business operations.,5,0,0.5,3.7,EdTech,HIGH
Compliance violation in Finance,Compliance violation in Finance. This issue is affecting multiple stakeholders and requires immediate attention.,4,0,0.47,1.9,AI Platform,HIGH
Integrate new API into User Service,Integrate new API into User Service. This task will improve operational efficiency.,27,0,0.4,2.7,SaaS,MEDIUM
Immediate rollback required for Mobile App,Immediate rollback required for Mobile App. This issue is affecting multiple stakeholders and requires immediate attention.,-1,11,0.22,6.1,EdTech,HIGH
Update dependency versions,Update dependency versions. This is a minor improvement with low business impact.,49,0,0.08,0.2,Fintech,LOW
Fix minor typo in documentation,Fix minor typo in documentation. This is a minor improvement with low business impact.,21,0,0.01,1.7,SaaS,LOW
Update dependency versions,Update dependency versions. No immediate operational risk involved.,-1,4,0.08,0.6,EdTech,LOW
Production outage affecting User Service,Production outage affecting User Service. This task is blocking critical business operations.,9,17,0.31,5.0,SaaS,HIGH
Fix minor typo in documentation,Fix minor typo in documentation. Can be addressed during routine maintenance.,57,0,0.16,0.1,SaaS,LOW
Implement new feature for Search,Implement new feature for Search. This enhancement supports ongoing optimization efforts.,-1,0,0.35,0.2,EdTech,MEDIUM
Enhance UI for Login,Enhance UI for Login. This task will improve operational efficiency.,13,7,0.37,0.3,Healthcare,MEDIUM
Revenue-impacting defect in Settings,Revenue-impacting defect in Settings. This task is blocking critical business operations.,12,11,0.48,5.7,E-commerce,HIGH
Enhance UI for Analytics,Enhance UI for Analytics. Important for improving overall system quality.,31,8,0.19,2.8,Healthcare,MEDIUM
Audit failure in HR,Audit failure in HR. This task is blocking critical business operations.,2,0,0.3,5.5,AI Platform,HIGH
Automate campaign tracking for Q4 Launch,Automate campaign tracking for Q4 Launch. This task will improve operational efficiency.,14,5,0.41,2.9,SaaS,MEDIUM
Critical issue in Data Pipeline,Critical issue in Data Pipeline. This task is blocking critical business operations.,15,17,0.6,7.5,Fintech,HIGH
Improve formatting in Mobile App,Improve formatting in Mobile App. Can be addressed during routine maintenance.,51,0,0.14,0.3,E-commerce,LOW
Improve comments in codebase,Improve comments in codebase. This is a minor improvement with low business impact.,26,0,0.12,1.0,Fintech,LOW
Organize file structure,Organize file structure. This is a minor improvement with low business impact.,13,1,0.08,0.1,AI Platform,LOW
Upgrade billing process in Invoice Processing,Upgrade billing process in Invoice Processing. Important for improving overall system quality.,12,0,0.38,3.6,EdTech,MEDIUM
Minor UI alignment fix,Minor UI alignment fix. This is a minor improvement with low business impact.,-1,0,0.12,0.5,Healthcare,LOW
System crash during Login,System crash during Login. This task is blocking critical business operations.,12,15,0.68,2.1,EdTech,HIGH
Security breach detected in Payment Gateway,Security breach detected in Payment Gateway. This task is blocking critical business operations.,4,15,0.87,9.2,Fintech,HIGH
Audit failure in HR,Audit failure in HR. This issue is affecting multiple stakeholders and requires immediate attention.,-1,0,0.62,6.7,Healthcare,HIGH
Enhance internal documentation,Enhance internal documentation. No immediate operational risk involved.,31,0,0.14,1.9,Healthcare,LOW
Payment failure reported by Government Client,Payment failure reported by Government Client. This task is blocking critical business operations.,7,6,0.83,4.3,AI Platform,HIGH
Refactor variable naming in Database,Refactor variable naming in Database. No immediate operational risk involved.,37,3,0.07,1.0,Fintech,LOW
Upgrade billing process in Invoice Processing,Upgrade billing process in Invoice Processing. Important for improving overall system quality.,15,11,0.29,0.1,E-commerce,MEDIUM
Critical issue in Auth Service,Critical issue in Auth Service. This task is blocking critical business operations.,5,0,0.34,2.7,E-commerce,HIGH
System crash during Dashboard,System crash during Dashboard. This task is blocking critical business operations.,11,6,0.56,4.6,EdTech,HIGH
Automate campaign tracking for Q4 Launch,Automate campaign tracking for Q4 Launch. This task will improve operational efficiency.,22,5,0.0,2.8,E-commerce,MEDIUM
Automate campaign tracking for Email Automation,Automate campaign tracking for Email Automation. This task will improve operational efficiency.,23,6,0.25,2.4,EdTech,MEDIUM
Implement new feature for Search,Implement new feature for Search. This enhancement supports ongoing optimization efforts.,20,5,0.42,1.7,AI Platform,MEDIUM
Immediate rollback required for Backend API,Immediate rollback required for Backend API. This issue is affecting multiple stakeholders and requires immediate attention.,28,5,0.68,3.7,EdTech,HIGH
Enhance UI for Profile,Enhance UI for Profile. This enhancement supports ongoing optimization efforts.,13,5,0.02,0.7,Healthcare,MEDIUM
Implement new feature for Dashboard,Implement new feature for Dashboard. Important for improving overall system quality.,18,0,0.29,2.4,E-commerce,MEDIUM
Minor UI alignment fix,Minor UI alignment fix. No immediate operational risk involved.,37,6,0.05,0.7,E-commerce,LOW
Refactor variable naming in Payment Gateway,Refactor variable naming in Payment Gateway. Can be addressed during routine maintenance.,71,0,0.02,1.6,Healthcare,LOW
System crash during Login,System crash during Login. This issue is affecting multiple stakeholders and requires immediate attention.,14,14,0.49,7.9,EdTech,HIGH
Production outage affecting Reporting Service,Production outage affecting Reporting Service. Failure to resolve may result in financial or reputational damage.,24,0,0.54,8.8,SaaS,HIGH
Critical issue in Mobile App,Critical issue in Mobile App. Failure to resolve may result in financial or reputational damage.,24,15,0.75,7.5,Fintech,HIGH
Implement new feature for Settings,Implement new feature for Settings. Important for improving overall system quality.,10,3,0.19,0.2,Healthcare,MEDIUM
Enhance performance of Backend API,Enhance performance of Backend API. This enhancement supports ongoing optimization efforts.,17,0,0.47,0.3,Healthcare,MEDIUM
Improve formatting in Backend API,Improve formatting in Backend API. This is a minor improvement with low business impact.,17,5,0.1,0.5,Fintech,LOW
Implement new feature for Login,Implement new feature for Login. This enhancement supports ongoing optimization efforts.,40,0,0.39,3.1,Fintech,MEDIUM
Implement new feature for Profile,Implement new feature for Profile. This task will improve operational efficiency.,15,0,0.44,2.4,E-commerce,MEDIUM
Immediate rollback required for Mobile App,Immediate rollback required for Mobile App. This issue is affecting multiple stakeholders and requires immediate attention.,-1,14,0.36,2.3,SaaS,HIGH
Production outage affecting Inventory Service,Production outage affecting Inventory Service. This task is blocking critical business operations.,11,9,0.41,9.3,Fintech,HIGH
Client escalation regarding Profile,Client escalation regarding Profile. This task is blocking critical business operations.,-1,8,0.41,7.9,SaaS,HIGH
Audit failure in Finance,Audit failure in Finance. This issue is affecting multiple stakeholders and requires immediate attention.,12,6,0.43,9.5,Healthcare,HIGH
Critical issue in Backend API,Critical issue in Backend API. Failure to resolve may result in financial or reputational damage.,9,8,0.22,8.7,EdTech,HIGH
Critical issue in Frontend App,Critical issue in Frontend App. Failure to resolve may result in financial or reputational damage.,4,12,0.52,8.9,AI Platform,HIGH
Improve formatting in Payment Gateway,Improve formatting in Payment Gateway. This is a minor improvement with low business impact.,49,0,0.14,1.2,E-commerce,LOW
Automate campaign tracking for Email Automation,Automate campaign tracking for Email Automation. This enhancement supports ongoing optimization efforts.,21,0,0.2,2.7,SaaS,MEDIUM
Update dependency versions,Update dependency versions. Can be addressed during routine maintenance.,45,2,0.16,0.3,SaaS,LOW
Production outage affecting Reporting Service,Production outage affecting Reporting Service. Failure to resolve may result in financial or reputational damage.,13,11,0.54,6.8,SaaS,HIGH
Critical issue in Payment Gateway,Critical issue in Payment Gateway. This task is blocking critical business operations.,12,0,0.87,1.0,SaaS,HIGH
Enhance internal documentation,Enhance internal documentation. Can be addressed during routine maintenance.,-1,0,0.11,0.6,AI Platform,LOW
Immediate rollback required for Database,Immediate rollback required for Database. This task is blocking critical business operations.,5,0,0.82,6.3,Healthcare,HIGH
Automate campaign tracking for Black Friday Campaign,Automate campaign tracking for Black Friday Campaign. Important for improving overall system quality.,12,0,0.03,2.4,Fintech,MEDIUM
Update dependency versions,Update dependency versions. This is a minor improvement with low business impact.,22,2,0.15,1.0,Healthcare,LOW
Minor UI alignment fix,Minor UI alignment fix. Can be addressed during routine maintenance.,23,3,0.15,0.9,E-commerce,LOW
Compliance violation in Marketing,Compliance violation in Marketing. Failure to resolve may result in financial or reputational damage.,3,8,0.55,10.0,EdTech,HIGH
Client escalation regarding Settings,Client escalation regarding Settings. This task is blocking critical business operations.,-1,12,0.73,4.7,EdTech,HIGH
Audit failure in Marketing,Audit failure in Marketing. This issue is affecting multiple stakeholders and requires immediate attention.,12,4,0.43,7.4,E-commerce,HIGH
Update design theme slightly,Update design theme slightly. Can be addressed during routine maintenance.,13,0,0.06,1.5,E-commerce,LOW
Critical issue in Auth Service,Critical issue in Auth Service. This task is blocking critical business operations.,8,0,0.68,9.5,Healthcare,HIGH
Critical issue in Database,Critical issue in Database. This task is blocking critical business operations.,18,0,0.42,4.7,Fintech,HIGH
Update design theme slightly,Update design theme slightly. This is a minor improvement with low business impact.,41,2,0.08,1.7,EdTech,LOW
System crash during Dashboard,System crash during Dashboard. Failure to resolve may result in financial or reputational damage.,-1,12,0.52,7.2,Healthcare,HIGH
Update design theme slightly,Update design theme slightly. Can be addressed during routine maintenance.,23,0,0.0,1.3,AI Platform,LOW
Audit failure in Sales,Audit failure in Sales. This task is blocking critical business operations.,4,0,0.3,1.4,E-commerce,HIGH
System crash during Dashboard,System crash during Dashboard. This task is blocking critical business operations.,18,0,0.38,7.1,Healthcare,HIGH
Improve onboarding process for Recruitment Drive,Improve onboarding process for Recruitment Drive. This enhancement supports ongoing optimization efforts.,36,0,0.23,0.8,AI Platform,MEDIUM
Minor UI alignment fix,Minor UI alignment fix. No immediate operational risk involved.,72,1,0.19,1.1,Fintech,LOW
Enhance UI for Search,Enhance UI for Search. Important for improving overall system quality.,12,6,0.1,2.6,AI Platform,MEDIUM
Improve comments in codebase,Improve comments in codebase. Can be addressed during routine maintenance.,72,3,0.18,1.9,Fintech,LOW
Refactor variable naming in Backend API,Refactor variable naming in Backend API. Can be addressed during routine maintenance.,30,0,0.15,0.9,E-commerce,LOW
Organize file structure,Organize file structure. This is a minor improvement with low business impact.,32,1,0.17,0.9,Fintech,LOW
Revenue-impacting defect in Checkout,Revenue-impacting defect in Checkout. Failure to resolve may result in financial or reputational damage.,3,8,0.52,5.0,Healthcare,HIGH
Payment failure reported by Enterprise Client,Payment failure reported by Enterprise Client. Failure to resolve may result in financial or reputational damage.,9,0,0.67,5.1,AI Platform,HIGH
System crash during Settings,System crash during Settings. Failure to resolve may result in financial or reputational damage.,3,2,0.84,7.7,EdTech,HIGH
Audit failure in Support,Audit failure in Support. This task is blocking critical business operations.,12,11,0.85,5.6,SaaS,HIGH
Implement new feature for Checkout,Implement new feature for Checkout. Important for improving overall system quality.,-1,2,0.47,1.6,E-commerce,MEDIUM
Audit failure in HR,Audit failure in HR. This task is blocking critical business operations.,16,0,0.37,6.1,E-commerce,HIGH
Enhance internal documentation,Enhance internal documentation. Can be addressed during routine maintenance.,29,0,0.17,0.4,Fintech,LOW
Optimize workflow in Operations,Optimize workflow in Operations. This task will improve operational efficiency.,15,13,0.09,1.6,E-commerce,MEDIUM
Compliance violation in HR,Compliance violation in HR. Failure to resolve may result in financial or reputational damage.,7,6,0.35,4.2,SaaS,HIGH
Improve onboarding process for Payroll Review,Improve onboarding process for Payroll Review. Important for improving overall system quality.,12,8,0.3,2.5,AI Platform,MEDIUM
Enhance internal documentation,Enhance internal documentation. No immediate operational risk involved.,-1,0,0.07,1.1,EdTech,LOW
Minor UI alignment fix,Minor UI alignment fix. No immediate operational risk involved.,64,2,0.17,0.3,Healthcare,LOW
Immediate rollback required for Backend API,Immediate rollback required for Backend API. This task is blocking critical business operations.,5,2,0.7,4.3,Fintech,HIGH
Upgrade billing process in Budget Planning,Upgrade billing process in Budget Planning. Important for improving overall system quality.,38,0,0.2,1.2,AI Platform,MEDIUM
Compliance violation in Sales,Compliance violation in Sales. This task is blocking critical business operations.,12,0,0.71,4.4,SaaS,HIGH
Organize file structure,Organize file structure. Can be addressed during routine maintenance.,18,5,0.08,1.0,Healthcare,LOW
Improve analytics reporting for Dashboard,Improve analytics reporting for Dashboard. This task will improve operational efficiency.,-1,0,0.41,2.8,Fintech,MEDIUM
Improve analytics reporting for Profile,Improve analytics reporting for Profile. This enhancement supports ongoing optimization efforts.,13,0,0.23,0.4,AI Platform,MEDIUM
Optimize workflow in HR,Optimize workflow in HR. This task will improve operational efficiency.,4,5,0.02,2.3,SaaS,MEDIUM
Cleanup unused resources,Cleanup unused resources. Can be addressed during routine maintenance.,-1,0,0.04,0.1,Fintech,LOW
Immediate rollback required for Data Pipeline,Immediate rollback required for Data Pipeline. This issue is affecting multiple stakeholders and requires immediate attention.,-1,2,0.76,2.8,EdTech,HIGH
Compliance violation in HR,Compliance violation in HR. Failure to resolve may result in financial or reputational damage.,18,0,0.48,9.2,Fintech,HIGH
Immediate rollback required for Mobile App,Immediate rollback required for Mobile App. Failure to resolve may result in financial or reputational damage.,-1,9,0.38,3.7,Fintech,HIGH
Automate campaign tracking for Q4 Launch,Automate campaign tracking for Q4 Launch. This enhancement supports ongoing optimization efforts.,-1,8,0.23,2.7,AI Platform,MEDIUM
Automate campaign tracking for Q4 Launch,Automate campaign tracking for Q4 Launch. This task will improve operational efficiency.,7,0,0.2,2.7,SaaS,MEDIUM
Security breach detected in Payment Gateway,Security breach detected in Payment Gateway. This issue is affecting multiple stakeholders and requires immediate attention.,-1,16,0.47,4.4,EdTech,HIGH
Production outage affecting Notification Service,Production outage affecting Notification Service. This issue is affecting multiple stakeholders and requires immediate attention.,-1,0,0.3,1.4,Fintech,HIGH
Production outage affecting Inventory Service,Production outage affecting Inventory Service. Failure to resolve may result in financial or reputational damage.,10,10,0.28,5.8,Healthcare,HIGH
Implement new feature for Settings,Implement new feature for Settings. This enhancement supports ongoing optimization efforts.,20,0,0.04,0.3,E-commerce,MEDIUM
Upgrade billing process in Budget Planning,Upgrade billing process in Budget Planning. This task will improve operational efficiency.,38,3,0.18,3.9,EdTech,MEDIUM
Implement new feature for Checkout,Implement new feature for Checkout. This task will improve operational efficiency.,22,4,0.46,1.9,EdTech,MEDIUM
Cleanup unused resources,Cleanup unused resources. This is a minor improvement with low business impact.,16,0,0.1,0.4,SaaS,LOW
Update design theme slightly,Update design theme slightly. Can be addressed during routine maintenance.,35,8,0.03,1.9,Fintech,LOW
Organize file structure,Organize file structure. No immediate operational risk involved.,5,5,0.02,0.1,EdTech,LOW
Update design theme slightly,Update design theme slightly. Can be addressed during routine maintenance.,22,0,0.16,1.8,SaaS,LOW
Enhance internal documentation,Enhance internal documentation. This is a minor improvement with low business impact.,63,1,0.1,1.3,AI Platform,LOW
Revenue-impacting defect in Analytics,Revenue-impacting defect in Analytics. This task is blocking critical business operations.,28,0,0.3,1.2,Healthcare,HIGH
Integrate new API into Billing Service,Integrate new API into Billing Service. This enhancement supports ongoing optimization efforts.,6,0,0.09,2.1,AI Platform,MEDIUM
Fix minor typo in documentation,Fix minor typo in documentation. No immediate operational risk involved.,30,2,0.18,0.7,AI Platform,LOW
Enhance UI for Dashboard,Enhance UI for Dashboard. This enhancement supports ongoing optimization efforts.,17,7,0.36,2.7,Healthcare,MEDIUM
Client escalation regarding Checkout,Client escalation regarding Checkout. This task is blocking critical business operations.,18,8,0.9,6.8,E-commerce,HIGH
Critical issue in Data Pipeline,Critical issue in Data Pipeline. This issue is affecting multiple stakeholders and requires immediate attention.,12,7,0.69,5.6,EdTech,HIGH
Enhance performance of Payment Gateway,Enhance performance of Payment Gateway. This task will improve operational efficiency.,-1,0,0.11,2.4,AI Platform,MEDIUM
Critical issue in Payment Gateway,Critical issue in Payment Gateway. Failure to resolve may result in financial or reputational damage.,-1,9,0.82,9.9,Fintech,HIGH
Optimize workflow in Sales,Optimize workflow in Sales. This task will improve operational efficiency.,29,0,0.19,3.4,SaaS,MEDIUM
Improve formatting in Mobile App,Improve formatting in Mobile App. Can be addressed during routine maintenance.,26,3,0.18,0.1,Healthcare,LOW
Critical issue in Database,Critical issue in Database. This task is blocking critical business operations.,9,12,0.46,6.1,E-commerce,HIGH
Implement new feature for Login,Implement new feature for Login. This task will improve operational efficiency.,-1,5,0.35,3.9,SaaS,MEDIUM
Minor UI alignment fix,Minor UI alignment fix. No immediate operational risk involved.,41,3,0.15,0.6,AI Platform,LOW
Client escalation regarding Checkout,Client escalation regarding Checkout. This task is blocking critical business operations.,9,11,0.48,3.8,SaaS,HIGH
Revenue-impacting defect in Login,Revenue-impacting defect in Login. This issue is affecting multiple stakeholders and requires immediate attention.,24,3,0.3,3.7,Healthcare,HIGH
Optimize workflow in Finance,Optimize workflow in Finance. This task will improve operational efficiency.,9,0,0.3,0.7,AI Platform,MEDIUM
Implement new feature for Dashboard,Implement new feature for Dashboard. This enhancement supports ongoing optimization efforts.,-1,0,0.47,1.5,SaaS,MEDIUM
Update dependency versions,Update dependency versions. No immediate operational risk involved.,-1,2,0.15,1.3,Healthcare,LOW
Implement new feature for Checkout,Implement new feature for Checkout. Important for improving overall system quality.,19,4,0.27,3.5,Fintech,MEDIUM
Refactor codebase in Mobile App,Refactor codebase in Mobile App. This task will improve operational efficiency.,14,4,0.35,0.2,AI Platform,MEDIUM
Automate campaign tracking for Email Automation,Automate campaign tracking for Email Automation. This task will improve operational efficiency.,20,2,0.09,2.2,E-commerce,MEDIUM
Cleanup unused resources,Cleanup unused resources. Can be addressed during routine maintenance.,-1,4,0.18,1.9,AI Platform,LOW
Optimize workflow in Marketing,Optimize workflow in Marketing. This task will improve operational efficiency.,17,13,0.29,1.4,AI Platform,MEDIUM
Optimize workflow in Support,Optimize workflow in Support. This task will improve operational efficiency.,14,0,0.27,0.2,E-commerce,MEDIUM
Fix minor typo in documentation,Fix minor typo in documentation. This is a minor improvement with low business impact.,29,7,0.04,2.0,Healthcare,LOW
Improve comments in codebase,Improve comments in codebase. This is a minor improvement with low business impact.,64,0,0.2,1.1,AI Platform,LOW
Immediate rollback required for Payment Gateway,Immediate rollback required for Payment Gateway. This task is blocking critical business operations.,4,0,0.69,4.3,AI Platform,HIGH
Automate campaign tracking for Email Automation,Automate campaign tracking for Email Automation. This task will improve operational efficiency.,26,3,0.15,0.4,SaaS,MEDIUM
Refactor variable naming in Database,Refactor variable naming in Database. No immediate operational risk involved.,72,0,0.09,0.2,Healthcare,LOW
Revenue-impacting defect in Settings,Revenue-impacting defect in Settings. Failure to resolve may result in financial or reputational damage.,10,14,0.79,3.4,Fintech,HIGH
Refactor codebase in Payment Gateway,Refactor codebase in Payment Gateway. This enhancement supports ongoing optimization efforts.,25,0,0.2,3.0,EdTech,MEDIUM
Payment failure reported by Startup Client,Payment failure reported by Startup Client. This issue is affecting multiple stakeholders and requires immediate attention.,21,13,0.33,1.8,Healthcare,HIGH
Update design theme slightly,Update design theme slightly. No immediate operational risk involved.,71,4,0.07,1.7,Healthcare,LOW
Critical issue in Auth Service,Critical issue in Auth Service. This task is blocking critical business operations.,7,7,0.65,6.6,Fintech,HIGH
Update dependency versions,Update dependency versions. No immediate operational risk involved.,52,0,0.12,1.3,AI Platform,LOW
Client escalation regarding Settings,Client escalation regarding Settings. This issue is affecting multiple stakeholders and requires immediate attention.,17,9,0.86,4.8,Healthcare,HIGH
Upgrade billing process in Invoice Processing,Upgrade billing process in Invoice Processing. This enhancement supports ongoing optimization efforts.,18,8,0.05,1.9,EdTech,MEDIUM
Fix minor typo in documentation,Fix minor typo in documentation. This is a minor improvement with low business impact.,-1,0,0.02,1.9,E-commerce,LOW
Upgrade billing process in Budget Planning,Upgrade billing process in Budget Planning. This enhancement supports ongoing optimization efforts.,22,3,0.47,1.7,Fintech,MEDIUM
System crash during Settings,System crash during Settings. This issue is affecting multiple stakeholders and requires immediate attention.,3,12,0.54,2.6,AI Platform,HIGH
Organize file structure,Organize file structure. This is a minor improvement with low business impact.,-1,0,0.05,1.2,AI Platform,LOW
Update design theme slightly,Update design theme slightly. This is a minor improvement with low business impact.,46,5,0.03,0.2,SaaS,LOW
Upgrade billing process in Budget Planning,Upgrade billing process in Budget Planning. This task will improve operational efficiency.,19,12,0.38,2.4,Healthcare,MEDIUM
Improve analytics reporting for Checkout,Improve analytics reporting for Checkout. This task will improve operational efficiency.,-1,13,0.06,2.7,EdTech,MEDIUM
Production outage affecting User Service,Production outage affecting User Service. Failure to resolve may result in financial or reputational damage.,2,0,0.72,6.8,E-commerce,HIGH
Fix minor typo in documentation,Fix minor typo in documentation. No immediate operational risk involved.,72,2,0.06,1.3,SaaS,LOW
Refactor codebase in Payment Gateway,Refactor codebase in Payment Gateway. This enhancement supports ongoing optimization efforts.,7,8,0.47,3.0,EdTech,MEDIUM
Immediate rollback required for Backend API,Immediate rollback required for Backend API. This task is blocking critical business operations.,-1,14,0.72,5.1,AI Platform,HIGH
Minor UI alignment fix,Minor UI alignment fix. This is a minor improvement with low business impact.,-1,5,0.08,1.9,EdTech,LOW
Immediate rollback required for Mobile App,Immediate rollback required for Mobile App. Failure to resolve may result in financial or reputational damage.,-1,12,0.35,9.7,EdTech,HIGH
Improve comments in codebase,Improve comments in codebase. This is a minor improvement with low business impact.,39,6,0.0,0.9,AI Platform,LOW
Minor UI alignment fix,Minor UI alignment fix. No immediate operational risk involved.,19,0,0.05,0.3,EdTech,LOW
Critical issue in Database,Critical issue in Database. This issue is affecting multiple stakeholders and requires immediate attention.,14,14,0.21,2.0,AI Platform,HIGH
Security breach detected in Database,Security breach detected in Database. This task is blocking critical business operations.,2,11,0.21,4.0,Fintech,HIGH
Refactor codebase in Auth Service,Refactor codebase in Auth Service. This task will improve operational efficiency.,28,5,0.06,2.8,Healthcare,MEDIUM
Improve formatting in Mobile App,Improve formatting in Mobile App. No immediate operational risk involved.,-1,0,0.19,0.9,EdTech,LOW
Integrate new API into Notification Service,Integrate new API into Notification Service. This enhancement supports ongoing optimization efforts.,19,6,0.34,3.0,Fintech,MEDIUM
Update design theme slightly,Update design theme slightly. No immediate operational risk involved.,-1,0,0.04,1.3,Fintech,LOW
Optimize workflow in Finance,Optimize workflow in Finance. This enhancement supports ongoing optimization efforts.,11,10,0.27,1.1,EdTech,MEDIUM
Update dependency versions,Update dependency versions. No immediate operational risk involved.,46,0,0.15,1.8,EdTech,LOW
Client escalation regarding Search,Client escalation regarding Search. This task is blocking critical business operations.,15,0,0.84,1.8,EdTech,HIGH
Improve formatting in Data Pipeline,Improve formatting in Data Pipeline. This is a minor improvement with low business impact.,-1,4,0.15,0.1,E-commerce,LOW
Enhance UI for Analytics,Enhance UI for Analytics. Important for improving overall system quality.,34,0,0.49,3.0,E-commerce,MEDIUM
Payment failure reported by Enterprise Client,Payment failure reported by Enterprise Client. Failure to resolve may result in financial or reputational damage.,5,11,0.64,1.0,Fintech,HIGH
Refactor codebase in Auth Service,Refactor codebase in Auth Service. This enhancement supports ongoing optimization efforts.,27,4,0.42,0.5,AI Platform,MEDIUM
Automate campaign tracking for Email Automation,Automate campaign tracking for Email Automation. Important for improving overall system quality.,9,9,0.32,2.6,E-commerce,MEDIUM
Cleanup unused resources,Cleanup unused resources. No immediate operational risk involved.,83,1,0.11,1.1,E-commerce,LOW
Payment failure reported by Government Client,Payment failure reported by Government Client. Failure to resolve may result in financial or reputational damage.,5,0,0.83,1.7,AI Platform,HIGH
Implement new feature for Checkout,Implement new feature for Checkout. Important for improving overall system quality.,27,7,0.07,1.6,Fintech,MEDIUM
Revenue-impacting defect in Search,Revenue-impacting defect in Search. This issue is affecting multiple stakeholders and requires immediate attention.,-1,9,0.65,7.8,SaaS,HIGH
Automate campaign tracking for Email Automation,Automate campaign tracking for Email Automation. This task will improve operational efficiency.,17,3,0.39,1.6,E-commerce,MEDIUM
Enhance performance of Database,Enhance performance of Database. This enhancement supports ongoing optimization efforts.,18,4,0.4,2.0,AI Platform,MEDIUM
Payment failure reported by Premium Customer,Payment failure reported by Premium Customer. Failure to resolve may result in financial or reputational damage.,8,17,0.8,8.7,AI Platform,HIGH
Cleanup unused resources,Cleanup unused resources. This is a minor improvement with low business impact.,67,1,0.14,1.7,SaaS,LOW
Organize file structure,Organize file structure. No immediate operational risk involved.,27,0,0.07,1.9,Fintech,LOW
Immediate rollback required for Frontend App,Immediate rollback required for Frontend App. Failure to resolve may result in financial or reputational damage.,-1,18,0.51,6.4,Fintech,HIGH
Production outage affecting Notification Service,Production outage affecting Notification Service. This task is blocking critical business operations.,3,19,0.82,6.7,E-commerce,HIGH
Security breach detected in Payment Gateway,Security breach detected in Payment Gateway. This task is blocking critical business operations.,4,16,0.6,7.1,SaaS,HIGH
Revenue-impacting defect in Settings,Revenue-impacting defect in Settings. This issue is affecting multiple stakeholders and requires immediate attention.,-1,13,0.37,8.2,Fintech,HIGH
Automate campaign tracking for Email Automation,Automate campaign tracking for Email Automation. This enhancement supports ongoing optimization efforts.,17,6,0.43,0.0,AI Platform,MEDIUM
Fix minor typo in documentation,Fix minor typo in documentation. This is a minor improvement with low business impact.,65,3,0.18,1.5,AI Platform,LOW
Client escalation regarding Checkout,Client escalation regarding Checkout. This issue is affecting multiple stakeholders and requires immediate attention.,9,4,0.74,1.5,Healthcare,HIGH
Improve comments in codebase,Improve comments in codebase. No immediate operational risk involved.,27,1,0.13,1.3,E-commerce,LOW
Implement new feature for Login,Implement new feature for Login. This enhancement supports ongoing optimization efforts.,9,0,0.09,0.7,Healthcare,MEDIUM
Enhance internal documentation,Enhance internal documentation. This is a minor improvement with low business impact.,69,0,0.06,0.4,AI Platform,LOW
Improve analytics reporting for Search,Improve analytics reporting for Search. This task will improve operational efficiency.,38,5,0.09,2.6,E-commerce,MEDIUM
Upgrade billing process in Budget Planning,Upgrade billing process in Budget Planning. Important for improving overall system quality.,18,6,0.34,2.0,Healthcare,MEDIUM
Immediate rollback required for Backend API,Immediate rollback required for Backend API. This issue is affecting multiple stakeholders and requires immediate attention.,4,0,0.79,6.4,EdTech,HIGH
Production outage affecting Billing Service,Production outage affecting Billing Service. This issue is affecting multiple stakeholders and requires immediate attention.,20,9,0.69,6.0,SaaS,HIGH
Improve comments in codebase,Improve comments in codebase. Can be addressed during routine maintenance.,44,4,0.14,1.4,EdTech,LOW
Implement new feature for Analytics,Implement new feature for Analytics. This enhancement supports ongoing optimization efforts.,15,0,0.33,0.2,E-commerce,MEDIUM
Refactor variable naming in Database,Refactor variable naming in Database. This is a minor improvement with low business impact.,4,1,0.0,0.5,AI Platform,LOW
Audit failure in HR,Audit failure in HR. This issue is affecting multiple stakeholders and requires immediate attention.,9,12,0.41,7.6,EdTech,HIGH
Minor UI alignment fix,Minor UI alignment fix. This is a minor improvement with low business impact.,-1,0,0.18,0.5,E-commerce,LOW
Optimize workflow in Operations,Optimize workflow in Operations. Important for improving overall system quality.,19,6,0.22,2.8,AI Platform,MEDIUM
Critical issue in Backend API,Critical issue in Backend API. This task is blocking critical business operations.,5,10,0.71,3.7,AI Platform,HIGH
Revenue-impacting defect in Analytics,Revenue-impacting defect in Analytics. Failure to resolve may result in financial or reputational damage.,-1,0,0.78,6.5,Fintech,HIGH
Organize file structure,Organize file structure. This is a minor improvement with low business impact.,69,5,0.07,0.1,SaaS,LOW
Update design theme slightly,Update design theme slightly. No immediate operational risk involved.,42,4,0.19,1.8,E-commerce,LOW
System crash during Settings,System crash during Settings. Failure to resolve may result in financial or reputational damage.,20,0,0.29,7.3,Fintech,HIGH
Optimize workflow in Finance,Optimize workflow in Finance. Important for improving overall system quality.,-1,7,0.07,3.5,EdTech,MEDIUM
Optimize workflow in Finance,Optimize workflow in Finance. This enhancement supports ongoing optimization efforts.,21,5,0.26,2.8,AI Platform,MEDIUM
Payment failure reported by Enterprise Client,Payment failure reported by Enterprise Client. This issue is affecting multiple stakeholders and requires immediate attention.,20,16,0.65,7.4,AI Platform,HIGH
Security breach detected in Frontend App,Security breach detected in Frontend App. This issue is affecting multiple stakeholders and requires immediate attention.,6,6,0.25,2.5,EdTech,HIGH
Refactor variable naming in Database,Refactor variable naming in Database. Can be addressed during routine maintenance.,-1,0,0.2,1.3,SaaS,LOW
Automate campaign tracking for Email Automation,Automate campaign tracking for Email Automation. This enhancement supports ongoing optimization efforts.,11,0,0.14,1.7,AI Platform,MEDIUM
Critical issue in Auth Service,Critical issue in Auth Service. Failure to resolve may result in financial or reputational damage.,6,0,0.31,6.2,AI Platform,HIGH
Improve comments in codebase,Improve comments in codebase. No immediate operational risk involved.,34,1,0.14,1.1,E-commerce,LOW
Payment failure reported by Startup Client,Payment failure reported by Startup Client. This task is blocking critical business operations.,4,8,0.68,8.4,SaaS,HIGH
Enhance performance of Database,Enhance performance of Database. Important for improving overall system quality.,-1,9,0.02,0.5,Fintech,MEDIUM
Improve onboarding process for Employee Onboarding,Improve onboarding process for Employee Onboarding. This task will improve operational efficiency.,23,0,0.3,0.2,SaaS,MEDIUM
Improve comments in codebase,Improve comments in codebase. This is a minor improvement with low business impact.,60,0,0.17,0.4,EdTech,LOW
Organize file structure,Organize file structure. Can be addressed during routine maintenance.,19,6,0.09,0.9,E-commerce,LOW
Revenue-impacting defect in Settings,Revenue-impacting defect in Settings. Failure to resolve may result in financial or reputational damage.,25,6,0.69,5.7,EdTech,HIGH
Refactor codebase in Data Pipeline,Refactor codebase in Data Pipeline. This task will improve operational efficiency.,-1,0,0.31,1.5,SaaS,MEDIUM
Improve formatting in Payment Gateway,Improve formatting in Payment Gateway. This is a minor improvement with low business impact.,25,3,0.09,0.2,EdTech,LOW
Enhance UI for Search,Enhance UI for Search. This enhancement supports ongoing optimization efforts.,16,5,0.19,2.6,EdTech,MEDIUM
Refactor variable naming in Frontend App,Refactor variable naming in Frontend App. Can be addressed during routine maintenance.,46,3,0.1,1.4,E-commerce,LOW
Enhance UI for Login,Enhance UI for Login. This task will improve operational efficiency.,19,6,0.44,3.9,SaaS,MEDIUM
Update dependency versions,Update dependency versions. Can be addressed during routine maintenance.,-1,3,0.06,1.4,EdTech,LOW
Update design theme slightly,Update design theme slightly. Can be addressed during routine maintenance.,18,1,0.03,1.4,AI Platform,LOW
System crash during Login,System crash during Login. Failure to resolve may result in financial or reputational damage.,-1,12,0.65,5.8,Fintech,HIGH
Improve analytics reporting for Search,Improve analytics reporting for Search. This enhancement supports ongoing optimization efforts.,22,7,0.45,0.4,E-commerce,MEDIUM
Upgrade billing process in Expense Audit,Upgrade billing process in Expense Audit. This enhancement supports ongoing optimization efforts.,-1,5,0.35,1.0,EdTech,MEDIUM
Cleanup unused resources,Cleanup unused resources. Can be addressed during routine maintenance.,42,0,0.12,0.9,AI Platform,LOW
Cleanup unused resources,Cleanup unused resources. This is a minor improvement with low business impact.,62,0,0.16,0.5,EdTech,LOW
Enhance performance of Backend API,Enhance performance of Backend API. This enhancement supports ongoing optimization efforts.,27,7,0.14,2.3,Fintech,MEDIUM
Critical issue in Backend API,Critical issue in Backend API. Failure to resolve may result in financial or reputational damage.,17,10,0.5,6.5,AI Platform,HIGH
Optimize workflow in Operations,Optimize workflow in Operations. Important for improving overall system quality.,8,2,0.15,3.8,AI Platform,MEDIUM
Immediate rollback required for Database,Immediate rollback required for Database. This task is blocking critical business operations.,25,0,0.26,7.6,SaaS,HIGH
Optimize workflow in Operations,Optimize workflow in Operations. Important for improving overall system quality.,39,0,0.19,3.0,Healthcare,MEDIUM
Audit failure in Sales,Audit failure in Sales. This task is blocking critical business operations.,21,6,0.6,3.4,Fintech,HIGH
Refactor codebase in Mobile App,Refactor codebase in Mobile App. Important for improving overall system quality.,35,0,0.37,3.2,Fintech,MEDIUM
Fix minor typo in documentation,Fix minor typo in documentation. This is a minor improvement with low business impact.,-1,3,0.1,1.6,E-commerce,LOW
Security breach detected in Frontend App,Security breach detected in Frontend App. This task is blocking critical business operations.,5,8,0.88,7.0,SaaS,HIGH
Upgrade billing process in Budget Planning,Upgrade billing process in Budget Planning. This enhancement supports ongoing optimization efforts.,7,10,0.12,0.6,AI Platform,MEDIUM
System crash during Checkout,System crash during Checkout. This task is blocking critical business operations.,14,16,0.67,8.2,E-commerce,HIGH
Improve analytics reporting for Checkout,Improve analytics reporting for Checkout. Important for improving overall system quality.,36,3,0.3,3.6,Healthcare,MEDIUM
Immediate rollback required for Payment Gateway,Immediate rollback required for Payment Gateway. Failure to resolve may result in financial or reputational damage.,8,0,0.74,3.3,EdTech,HIGH
Audit failure in Operations,Audit failure in Operations. This task is blocking critical business operations.,10,13,0.67,4.5,EdTech,HIGH
Improve analytics reporting for Checkout,Improve analytics reporting for Checkout. This enhancement supports ongoing optimization efforts.,22,14,0.06,1.8,Healthcare,MEDIUM
Integrate new API into Billing Service,Integrate new API into Billing Service. This enhancement supports ongoing optimization efforts.,15,0,0.12,2.3,AI Platform,MEDIUM
Improve comments in codebase,Improve comments in codebase. Can be addressed during routine maintenance.,-1,1,0.04,1.6,Fintech,LOW
Revenue-impacting defect in Login,Revenue-impacting defect in Login. Failure to resolve may result in financial or reputational damage.,-1,12,0.71,8.1,EdTech,HIGH
Improve onboarding process for Employee Onboarding,Improve onboarding process for Employee Onboarding. Important for improving overall system quality.,37,8,0.3,2.7,E-commerce,MEDIUM
Cleanup unused resources,Cleanup unused resources. Can be addressed during routine maintenance.,50,0,0.14,0.1,SaaS,LOW
Critical issue in Auth Service,Critical issue in Auth Service. This task is blocking critical business operations.,3,0,0.87,3.0,Fintech,HIGH
Refactor variable naming in Backend API,Refactor variable naming in Backend API. This is a minor improvement with low business impact.,50,7,0.0,1.9,AI Platform,LOW
Compliance violation in Support,Compliance violation in Support. This issue is affecting multiple stakeholders and requires immediate attention.,10,0,0.84,2.8,AI Platform,HIGH
Payment failure reported by Government Client,Payment failure reported by Government Client. This task is blocking critical business operations.,-1,14,0.55,2.0,AI Platform,HIGH
Audit failure in Support,Audit failure in Support. This issue is affecting multiple stakeholders and requires immediate attention.,16,9,0.37,6.4,E-commerce,HIGH
Enhance UI for Profile,Enhance UI for Profile. This task will improve operational efficiency.,26,7,0.06,3.3,AI Platform,MEDIUM
Refactor variable naming in Backend API,Refactor variable naming in Backend API. No immediate operational risk involved.,41,6,0.19,1.3,Fintech,LOW
Compliance violation in Sales,Compliance violation in Sales. Failure to resolve may result in financial or reputational damage.,6,0,0.36,9.8,Fintech,HIGH
Critical issue in Payment Gateway,Critical issue in Payment Gateway. This issue is affecting multiple stakeholders and requires immediate attention.,20,0,0.36,3.8,SaaS,HIGH
Production outage affecting Reporting Service,Production outage affecting Reporting Service. This task is blocking critical business operations.,13,14,0.33,8.3,EdTech,HIGH
Refactor variable naming in Payment Gateway,Refactor variable naming in Payment Gateway. No immediate operational risk involved.,37,3,0.18,0.6,E-commerce,LOW
Improve analytics reporting for Dashboard,Improve analytics reporting for Dashboard. Important for improving overall system quality.,12,9,0.06,1.6,EdTech,MEDIUM
Improve formatting in Payment Gateway,Improve formatting in Payment Gateway. Can be addressed during routine maintenance.,64,2,0.01,1.6,EdTech,LOW
Audit failure in Operations,Audit failure in Operations. Failure to resolve may result in financial or reputational damage.,18,10,0.26,6.6,Healthcare,HIGH
Refactor codebase in Frontend App,Refactor codebase in Frontend App. Important for improving overall system quality.,20,0,0.33,1.7,EdTech,MEDIUM
Minor UI alignment fix,Minor UI alignment fix. This is a minor improvement with low business impact.,38,0,0.05,0.9,E-commerce,LOW
Refactor variable naming in Mobile App,Refactor variable naming in Mobile App. Can be addressed during routine maintenance.,-1,1,0.13,0.5,SaaS,LOW
Enhance UI for Search,Enhance UI for Search. This task will improve operational efficiency.,32,0,0.47,0.2,Healthcare,MEDIUM
Compliance violation in Finance,Compliance violation in Finance. This issue is affecting multiple stakeholders and requires immediate attention.,-1,15,0.85,3.1,Fintech,HIGH
Implement new feature for Checkout,Implement new feature for Checkout. Important for improving overall system quality.,-1,11,0.12,1.9,SaaS,MEDIUM
Immediate rollback required for Backend API,Immediate rollback required for Backend API. This issue is affecting multiple stakeholders and requires immediate attention.,5,11,0.73,5.1,EdTech,HIGH
Minor UI alignment fix,Minor UI alignment fix. No immediate operational risk involved.,40,5,0.14,1.6,SaaS,LOW
Update design theme slightly,Update design theme slightly. This is a minor improvement with low business impact.,37,3,0.11,1.0,EdTech,LOW
Compliance violation in Operations,Compliance violation in Operations. Failure to resolve may result in financial or reputational damage.,7,0,0.54,3.0,Healthcare,HIGH
Improve formatting in Backend API,Improve formatting in Backend API. Can be addressed during routine maintenance.,24,1,0.11,0.8,AI Platform,LOW
System crash during Checkout,System crash during Checkout. This task is blocking critical business operations.,18,0,0.74,6.4,Fintech,HIGH
Refactor codebase in Data Pipeline,Refactor codebase in Data Pipeline. Important for improving overall system quality.,30,3,0.33,3.2,Healthcare,MEDIUM
Cleanup unused resources,Cleanup unused resources. This is a minor improvement with low business impact.,27,2,0.1,1.6,EdTech,LOW
Improve formatting in Database,Improve formatting in Database. This is a minor improvement with low business impact.,29,0,0.17,1.2,E-commerce,LOW
Enhance internal documentation,Enhance internal documentation. Can be addressed during routine maintenance.,-1,3,0.1,1.1,E-commerce,LOW
Enhance UI for Profile,Enhance UI for Profile. This enhancement supports ongoing optimization efforts.,31,2,0.35,1.2,Healthcare,MEDIUM
Update dependency versions,Update dependency versions. This is a minor improvement with low business impact.,-1,0,0.08,0.9,AI Platform,LOW
Revenue-impacting defect in Search,Revenue-impacting defect in Search. This task is blocking critical business operations.,9,0,0.56,8.9,Healthcare,HIGH
Client escalation regarding Search,Client escalation regarding Search. This task is blocking critical business operations.,13,10,0.46,5.0,SaaS,HIGH
Optimize workflow in Support,Optimize workflow in Support. Important for improving overall system quality.,25,8,0.26,2.5,AI Platform,MEDIUM
Integrate new API into Reporting Service,Integrate new API into Reporting Service. This task will improve operational efficiency.,29,9,0.16,3.0,Healthcare,MEDIUM
Update dependency versions,Update dependency versions. Can be addressed during routine maintenance.,35,0,0.08,0.7,Healthcare,LOW
System crash during Dashboard,System crash during Dashboard. This task is blocking critical business operations.,7,10,0.87,1.3,Fintech,HIGH
Production outage affecting Inventory Service,Production outage affecting Inventory Service. This task is blocking critical business operations.,3,10,0.86,9.5,AI Platform,HIGH
Critical issue in Auth Service,Critical issue in Auth Service. This task is blocking critical business operations.,12,8,0.45,1.3,Healthcare,HIGH
Fix minor typo in documentation,Fix minor typo in documentation. No immediate operational risk involved.,46,0,0.17,0.7,AI Platform,LOW
Organize file structure,Organize file structure. No immediate operational risk involved.,44,3,0.15,1.7,Healthcare,LOW
Optimize workflow in HR,Optimize workflow in HR. This enhancement supports ongoing optimization efforts.,21,0,0.49,2.7,Fintech,MEDIUM
Minor UI alignment fix,Minor UI alignment fix. This is a minor improvement with low business impact.,28,1,0.06,0.0,SaaS,LOW
Improve formatting in Database,Improve formatting in Database. Can be addressed during routine maintenance.,-1,0,0.19,0.1,AI Platform,LOW
Revenue-impacting defect in Profile,Revenue-impacting defect in Profile. This issue is affecting multiple stakeholders and requires immediate attention.,-1,0,0.26,8.2,SaaS,HIGH
Audit failure in Operations,Audit failure in Operations. This task is blocking critical business operations.,-1,8,0.4,2.7,SaaS,HIGH
Refactor codebase in Data Pipeline,Refactor codebase in Data Pipeline. This task will improve operational efficiency.,13,3,0.33,0.4,Healthcare,MEDIUM
Optimize workflow in Marketing,Optimize workflow in Marketing. This task will improve operational efficiency.,9,10,0.31,3.5,EdTech,MEDIUM
Automate campaign tracking for Email Automation,Automate campaign tracking for Email Automation. This enhancement supports ongoing optimization efforts.,11,7,0.38,1.8,E-commerce,MEDIUM
Audit failure in Marketing,Audit failure in Marketing. This issue is affecting multiple stakeholders and requires immediate attention.,24,1,0.69,6.8,E-commerce,HIGH
Enhance UI for Profile,Enhance UI for Profile. Important for improving overall system quality.,17,5,0.44,3.2,AI Platform,MEDIUM
Update design theme slightly,Update design theme slightly. No immediate operational risk involved.,59,0,0.11,1.6,AI Platform,LOW
Security breach detected in Frontend App,Security breach detected in Frontend App. This issue is affecting multiple stakeholders and requires immediate attention.,23,9,0.34,1.3,Healthcare,HIGH
Improve onboarding process for Recruitment Drive,Improve onboarding process for Recruitment Drive. This task will improve operational efficiency.,25,2,0.02,2.7,Fintech,MEDIUM
Enhance UI for Login,Enhance UI for Login. This task will improve operational efficiency.,30,9,0.42,0.8,AI Platform,MEDIUM
Audit failure in Support,Audit failure in Support. Failure to resolve may result in financial or reputational damage.,-1,15,0.7,9.5,Healthcare,HIGH
Implement new feature for Dashboard,Implement new feature for Dashboard. Important for improving overall system quality.,8,0,0.01,1.8,E-commerce,MEDIUM
Update dependency versions,Update dependency versions. Can be addressed during routine maintenance.,23,0,0.11,0.4,Fintech,LOW
Revenue-impacting defect in Analytics,Revenue-impacting defect in Analytics. Failure to resolve may result in financial or reputational damage.,-1,5,0.82,6.5,E-commerce,HIGH
Enhance internal documentation,Enhance internal documentation. Can be addressed during routine maintenance.,20,0,0.15,1.7,EdTech,LOW
Integrate new API into Reporting Service,Integrate new API into Reporting Service. This task will improve operational efficiency.,16,2,0.19,2.0,AI Platform,MEDIUM
Upgrade billing process in Expense Audit,Upgrade billing process in Expense Audit. Important for improving overall system quality.,17,6,0.05,2.7,AI Platform,MEDIUM
Upgrade billing process in Expense Audit,Upgrade billing process in Expense Audit. This enhancement supports ongoing optimization efforts.,18,6,0.09,3.3,Healthcare,MEDIUM
Enhance internal documentation,Enhance internal documentation. This is a minor improvement with low business impact.,61,2,0.17,0.6,AI Platform,LOW
Payment failure reported by Premium Customer,Payment failure reported by Premium Customer. Failure to resolve may result in financial or reputational damage.,6,9,0.28,3.6,Healthcare,HIGH
Immediate rollback required for Auth Service,Immediate rollback required for Auth Service. This issue is affecting multiple stakeholders and requires immediate attention.,11,3,0.81,6.8,EdTech,HIGH
Critical issue in Frontend App,Critical issue in Frontend App. This task is blocking critical business operations.,11,0,0.42,4.5,E-commerce,HIGH
Improve onboarding process for Payroll Review,Improve onboarding process for Payroll Review. This enhancement supports ongoing optimization efforts.,30,0,0.31,1.3,Healthcare,MEDIUM
Improve formatting in Auth Service,Improve formatting in Auth Service. Can be addressed during routine maintenance.,23,4,0.02,2.0,E-commerce,LOW
Minor UI alignment fix,Minor UI alignment fix. Can be addressed during routine maintenance.,-1,8,0.13,1.5,Fintech,LOW
Optimize workflow in HR,Optimize workflow in HR. This task will improve operational efficiency.,-1,6,0.34,1.4,EdTech,MEDIUM
Improve onboarding process for Employee Onboarding,Improve onboarding process for Employee Onboarding. This task will improve operational efficiency.,19,0,0.43,3.0,Fintech,MEDIUM
Audit failure in HR,Audit failure in HR. Failure to resolve may result in financial or reputational damage.,11,6,0.51,4.8,Fintech,HIGH
Cleanup unused resources,Cleanup unused resources. Can be addressed during routine maintenance.,34,4,0.15,0.2,Fintech,LOW
Cleanup unused resources,Cleanup unused resources. This is a minor improvement with low business impact.,30,0,0.12,0.1,Healthcare,LOW
Optimize workflow in Support,Optimize workflow in Support. This enhancement supports ongoing optimization efforts.,-1,5,0.16,1.3,SaaS,MEDIUM
Organize file structure,Organize file structure. This is a minor improvement with low business impact.,34,7,0.11,0.6,SaaS,LOW
Critical issue in Backend API,Critical issue in Backend API. Failure to resolve may result in financial or reputational damage.,10,8,0.39,9.5,SaaS,HIGH
Payment failure reported by Premium Customer,Payment failure reported by Premium Customer. This issue is affecting multiple stakeholders and requires immediate attention.,0,0,0.72,5.3,AI Platform,HIGH
Integrate new API into Notification Service,Integrate new API into Notification Service. Important for improving overall system quality.,28,3,0.35,2.0,AI Platform,MEDIUM
Audit failure in Finance,Audit failure in Finance. This task is blocking critical business operations.,11,12,0.77,7.8,E-commerce,HIGH
System crash during Profile,System crash during Profile. Failure to resolve may result in financial or reputational damage.,13,5,0.7,4.3,Fintech,HIGH
Enhance internal documentation,Enhance internal documentation. No immediate operational risk involved.,4,4,0.11,1.0,E-commerce,LOW
Revenue-impacting defect in Login,Revenue-impacting defect in Login. This issue is affecting multiple stakeholders and requires immediate attention.,17,14,0.83,9.4,Fintech,HIGH
Enhance UI for Settings,Enhance UI for Settings. Important for improving overall system quality.,28,6,0.08,2.8,Fintech,MEDIUM
Enhance internal documentation,Enhance internal documentation. No immediate operational risk involved.,33,3,0.18,1.1,AI Platform,LOW
System crash during Search,System crash during Search. This issue is affecting multiple stakeholders and requires immediate attention.,4,8,0.47,2.7,EdTech,HIGH
Improve comments in codebase,Improve comments in codebase. No immediate operational risk involved.,51,5,0.15,0.7,E-commerce,LOW
Minor UI alignment fix,Minor UI alignment fix. This is a minor improvement with low business impact.,68,0,0.0,0.5,Healthcare,LOW
Implement new feature for Settings,Implement new feature for Settings. This enhancement supports ongoing optimization efforts.,-1,3,0.12,2.8,Healthcare,MEDIUM
Update dependency versions,Update dependency versions. Can be addressed during routine maintenance.,-1,0,0.09,0.0,Fintech,LOW
Refactor codebase in Mobile App,Refactor codebase in Mobile App. Important for improving overall system quality.,14,9,0.13,2.8,E-commerce,MEDIUM
Update dependency versions,Update dependency versions. Can be addressed during routine maintenance.,45,4,0.13,1.1,Fintech,LOW
Improve onboarding process for Payroll Review,Improve onboarding process for Payroll Review. Important for improving overall system quality.,21,7,0.4,1.6,SaaS,MEDIUM
Compliance violation in Finance,Compliance violation in Finance. This issue is affecting multiple stakeholders and requires immediate attention.,20,12,0.79,9.8,AI Platform,HIGH
Immediate rollback required for Database,Immediate rollback required for Database. This task is blocking critical business operations.,6,8,0.69,8.6,Fintech,HIGH
Cleanup unused resources,Cleanup unused resources. This is a minor improvement with low business impact.,46,3,0.15,0.7,E-commerce,LOW
Improve onboarding process for Recruitment Drive,Improve onboarding process for Recruitment Drive. Important for improving overall system quality.,17,7,0.39,0.2,Fintech,MEDIUM
Cleanup unused resources,Cleanup unused resources. No immediate operational risk involved.,56,7,0.08,1.5,Fintech,LOW
Critical issue in Frontend App,Critical issue in Frontend App. This task is blocking critical business operations.,-1,4,0.39,5.0,AI Platform,HIGH
Refactor variable naming in Payment Gateway,Refactor variable naming in Payment Gateway. No immediate operational risk involved.,73,1,0.13,1.2,Healthcare,LOW
Refactor variable naming in Payment Gateway,Refactor variable naming in Payment Gateway. No immediate operational risk involved.,7,5,0.15,1.8,Fintech,LOW
Enhance internal documentation,Enhance internal documentation. No immediate operational risk involved.,-1,9,0.08,1.5,Healthcare,LOW
Enhance internal documentation,Enhance internal documentation. This is a minor improvement with low business impact.,41,3,0.13,1.6,Healthcare,LOW
Integrate new API into User Service,Integrate new API into User Service. This task will improve operational efficiency.,15,4,0.29,0.4,EdTech,MEDIUM
Cleanup unused resources,Cleanup unused resources. Can be addressed during routine maintenance.,-1,0,0.03,0.5,EdTech,LOW
Refactor variable naming in Mobile App,Refactor variable naming in Mobile App. This is a minor improvement with low business impact.,73,0,0.01,1.5,AI Platform,LOW
Refactor codebase in Mobile App,Refactor codebase in Mobile App. This task will improve operational efficiency.,20,2,0.45,0.5,E-commerce,MEDIUM
Integrate new API into Inventory Service,Integrate new API into Inventory Service. This task will improve operational efficiency.,11,0,0.43,0.8,E-commerce,MEDIUM
Upgrade billing process in Budget Planning,Upgrade billing process in Budget Planning. This enhancement supports ongoing optimization efforts.,21,0,0.31,2.6,E-commerce,MEDIUM
Enhance UI for Settings,Enhance UI for Settings. Important for improving overall system quality.,17,2,0.43,3.7,EdTech,MEDIUM
Integrate new API into User Service,Integrate new API into User Service. This enhancement supports ongoing optimization efforts.,19,3,0.02,3.5,SaaS,MEDIUM
Implement new feature for Analytics,Implement new feature for Analytics. This enhancement supports ongoing optimization efforts.,24,5,0.35,0.7,SaaS,MEDIUM
Automate campaign tracking for Q4 Launch,Automate campaign tracking for Q4 Launch. Important for improving overall system quality.,35,0,0.36,1.4,Fintech,MEDIUM
Optimize workflow in Marketing,Optimize workflow in Marketing. This task will improve operational efficiency.,22,9,0.16,1.5,AI Platform,MEDIUM
Organize file structure,Organize file structure. No immediate operational risk involved.,28,0,0.05,0.3,EdTech,LOW
Compliance violation in Finance,Compliance violation in Finance. This task is blocking critical business operations.,17,12,0.33,1.9,E-commerce,HIGH
Refactor codebase in Auth Service,Refactor codebase in Auth Service. This enhancement supports ongoing optimization efforts.,10,12,0.24,2.6,Fintech,MEDIUM
Compliance violation in Support,Compliance violation in Support. This issue is affecting multiple stakeholders and requires immediate attention.,15,8,0.71,3.0,SaaS,HIGH
Improve onboarding process for Recruitment Drive,Improve onboarding process for Recruitment Drive. This enhancement supports ongoing optimization efforts.,-1,0,0.29,1.1,Healthcare,MEDIUM
Cleanup unused resources,Cleanup unused resources. No immediate operational risk involved.,46,0,0.09,0.3,SaaS,LOW
Fix minor typo in documentation,Fix minor typo in documentation. This is a minor improvement with low business impact.,17,0,0.08,0.6,AI Platform,LOW
Compliance violation in Support,Compliance violation in Support. Failure to resolve may result in financial or reputational damage.,23,15,0.35,7.2,AI Platform,HIGH
Compliance violation in Operations,Compliance violation in Operations. This issue is affecting multiple stakeholders and requires immediate attention.,17,10,0.86,7.2,AI Platform,HIGH
Minor UI alignment fix,Minor UI alignment fix. No immediate operational risk involved.,-1,6,0.06,1.3,AI Platform,LOW
Enhance UI for Dashboard,Enhance UI for Dashboard. Important for improving overall system quality.,18,4,0.09,1.7,SaaS,MEDIUM
Automate campaign tracking for Email Automation,Automate campaign tracking for Email Automation. Important for improving overall system quality.,18,4,0.16,1.1,SaaS,MEDIUM
Fix minor typo in documentation,Fix minor typo in documentation. Can be addressed during routine maintenance.,23,3,0.09,0.4,EdTech,LOW
Optimize workflow in Marketing,Optimize workflow in Marketing. Important for improving overall system quality.,-1,4,0.35,1.7,Fintech,MEDIUM
Automate campaign tracking for Black Friday Campaign,Automate campaign tracking for Black Friday Campaign. This enhancement supports ongoing optimization efforts.,12,9,0.5,0.4,AI Platform,MEDIUM
Improve analytics reporting for Checkout,Improve analytics reporting for Checkout. This task will improve operational efficiency.,10,0,0.2,1.1,Healthcare,MEDIUM
Audit failure in Sales,Audit failure in Sales. This task is blocking critical business operations.,-1,4,0.41,3.4,EdTech,HIGH
Client escalation regarding Search,Client escalation regarding Search. This issue is affecting multiple stakeholders and requires immediate attention.,20,0,0.25,6.7,E-commerce,HIGH
Fix minor typo in documentation,Fix minor typo in documentation. This is a minor improvement with low business impact.,30,2,0.08,1.1,Fintech,LOW
Minor UI alignment fix,Minor UI alignment fix. This is a minor improvement with low business impact.,-1,3,0.08,1.1,Fintech,LOW
Compliance violation in HR,Compliance violation in HR. This issue is affecting multiple stakeholders and requires immediate attention.,4,5,0.83,2.0,AI Platform,HIGH
Compliance violation in Sales,Compliance violation in Sales. Failure to resolve may result in financial or reputational damage.,19,0,0.78,5.0,E-commerce,HIGH
Production outage affecting Notification Service,Production outage affecting Notification Service. Failure to resolve may result in financial or reputational damage.,14,0,0.52,8.9,EdTech,HIGH
Cleanup unused resources,Cleanup unused resources. No immediate operational risk involved.,38,0,0.12,1.5,Healthcare,LOW
Enhance UI for Checkout,Enhance UI for Checkout. This task will improve operational efficiency.,26,6,0.02,3.4,Healthcare,MEDIUM
Refactor codebase in Frontend App,Refactor codebase in Frontend App. This task will improve operational efficiency.,9,7,0.41,3.0,EdTech,MEDIUM
Organize file structure,Organize file structure. No immediate operational risk involved.,57,2,0.13,1.7,SaaS,LOW
Fix minor typo in documentation,Fix minor typo in documentation. This is a minor improvement with low business impact.,34,1,0.1,0.2,Healthcare,LOW
Minor UI alignment fix,Minor UI alignment fix. This is a minor improvement with low business impact.,71,5,0.16,1.9,AI Platform,LOW
Cleanup unused resources,Cleanup unused resources. No immediate operational risk involved.,35,1,0.2,0.2,E-commerce,LOW
Fix minor typo in documentation,Fix minor typo in documentation. Can be addressed during routine maintenance.,67,1,0.13,1.6,EdTech,LOW
Enhance UI for Login,Enhance UI for Login. This task will improve operational efficiency.,12,8,0.43,3.0,Fintech,MEDIUM
Security breach detected in Data Pipeline,Security breach detected in Data Pipeline. This task is blocking critical business operations.,16,2,0.67,6.9,Healthcare,HIGH
Payment failure reported by Government Client,Payment failure reported by Government Client. Failure to resolve may result in financial or reputational damage.,19,12,0.28,2.1,SaaS,HIGH
Client escalation regarding Profile,Client escalation regarding Profile. This issue is affecting multiple stakeholders and requires immediate attention.,14,11,0.37,1.5,SaaS,HIGH
Client escalation regarding Analytics,Client escalation regarding Analytics. This issue is affecting multiple stakeholders and requires immediate attention.,8,12,0.74,3.8,SaaS,HIGH
Compliance violation in HR,Compliance violation in HR. Failure to resolve may result in financial or reputational damage.,15,12,0.78,9.7,Fintech,HIGH
Fix minor typo in documentation,Fix minor typo in documentation. No immediate operational risk involved.,61,0,0.03,0.8,Fintech,LOW
Payment failure reported by Government Client,Payment failure reported by Government Client. This issue is affecting multiple stakeholders and requires immediate attention.,16,6,0.47,1.9,Fintech,HIGH
Automate campaign tracking for Email Automation,Automate campaign tracking for Email Automation. Important for improving overall system quality.,10,0,0.01,2.5,Fintech,MEDIUM
Update dependency versions,Update dependency versions. Can be addressed during routine maintenance.,33,3,0.15,1.9,SaaS,LOW
Compliance violation in HR,Compliance violation in HR. Failure to resolve may result in financial or reputational damage.,13,0,0.83,2.5,EdTech,HIGH
Improve formatting in Database,Improve formatting in Database. Can be addressed during routine maintenance.,32,6,0.0,1.3,E-commerce,LOW
Update dependency versions,Update dependency versions. This is a minor improvement with low business impact.,54,6,0.17,0.2,E-commerce,LOW
Refactor variable naming in Data Pipeline,Refactor variable naming in Data Pipeline. This is a minor improvement with low business impact.,30,8,0.14,0.5,EdTech,LOW
Security breach detected in Auth Service,Security breach detected in Auth Service. Failure to resolve may result in financial or reputational damage.,16,0,0.77,8.3,E-commerce,HIGH
Client escalation regarding Profile,Client escalation regarding Profile. This issue is affecting multiple stakeholders and requires immediate attention.,20,0,0.38,6.4,Fintech,HIGH
Revenue-impacting defect in Profile,Revenue-impacting defect in Profile. This task is blocking critical business operations.,-1,7,0.59,1.6,AI Platform,HIGH
Improve formatting in Auth Service,Improve formatting in Auth Service. This is a minor improvement with low business impact.,-1,0,0.16,1.3,E-commerce,LOW
Improve onboarding process for Payroll Review,Improve onboarding process for Payroll Review. This task will improve operational efficiency.,-1,5,0.5,2.9,SaaS,MEDIUM
Compliance violation in Operations,Compliance violation in Operations. Failure to resolve may result in financial or reputational damage.,12,13,0.38,7.5,Fintech,HIGH
Automate campaign tracking for Q4 Launch,Automate campaign tracking for Q4 Launch. This enhancement supports ongoing optimization efforts.,10,0,0.2,1.6,Fintech,MEDIUM
Compliance violation in Finance,Compliance violation in Finance. This task is blocking critical business operations.,-1,18,0.33,6.3,Healthcare,HIGH
Upgrade billing process in Invoice Processing,Upgrade billing process in Invoice Processing. This enhancement supports ongoing optimization efforts.,18,8,0.18,2.0,E-commerce,MEDIUM
Audit failure in Sales,Audit failure in Sales. This issue is affecting multiple stakeholders and requires immediate attention.,-1,16,0.57,7.2,E-commerce,HIGH
Implement new feature for Settings,Implement new feature for Settings. This task will improve operational efficiency.,-1,0,0.48,3.5,Healthcare,MEDIUM
Refactor variable naming in Backend API,Refactor variable naming in Backend API. This is a minor improvement with low business impact.,32,3,0.06,1.9,SaaS,LOW
Organize file structure,Organize file structure. No immediate operational risk involved.,58,4,0.16,1.1,EdTech,LOW
Improve onboarding process for Payroll Review,Improve onboarding process for Payroll Review. Important for improving overall system quality.,17,0,0.29,3.8,E-commerce,MEDIUM
Audit failure in Finance,Audit failure in Finance. This task is blocking critical business operations.,8,17,0.67,10.0,Fintech,HIGH
Improve formatting in Auth Service,Improve formatting in Auth Service. This is a minor improvement with low business impact.,28,4,0.11,1.9,E-commerce,LOW
Improve onboarding process for Employee Onboarding,Improve onboarding process for Employee Onboarding. This task will improve operational efficiency.,15,0,0.27,3.9,AI Platform,MEDIUM
Optimize workflow in Sales,Optimize workflow in Sales. Important for improving overall system quality.,19,0,0.33,2.9,EdTech,MEDIUM
Update design theme slightly,Update design theme slightly. No immediate operational risk involved.,18,0,0.15,1.4,E-commerce,LOW
Payment failure reported by Startup Client,Payment failure reported by Startup Client. This task is blocking critical business operations.,9,16,0.84,4.9,AI Platform,HIGH
Automate campaign tracking for Referral Program,Automate campaign tracking for Referral Program. This enhancement supports ongoing optimization efforts.,-1,8,0.2,0.6,Fintech,MEDIUM
Refactor codebase in Auth Service,Refactor codebase in Auth Service. Important for improving overall system quality.,11,5,0.28,2.6,Healthcare,MEDIUM
Refactor variable naming in Payment Gateway,Refactor variable naming in Payment Gateway. Can be addressed during routine maintenance.,53,2,0.03,0.6,AI Platform,LOW
Enhance internal documentation,Enhance internal documentation. Can be addressed during routine maintenance.,30,4,0.08,1.0,AI Platform,LOW
Compliance violation in Finance,Compliance violation in Finance. Failure to resolve may result in financial or reputational damage.,4,0,0.69,6.7,EdTech,HIGH
Revenue-impacting defect in Settings,Revenue-impacting defect in Settings. This issue is affecting multiple stakeholders and requires immediate attention.,3,0,0.32,2.4,SaaS,HIGH
Payment failure reported by Enterprise Client,Payment failure reported by Enterprise Client. This task is blocking critical business operations.,-1,5,0.56,2.4,Fintech,HIGH
Enhance internal documentation,Enhance internal documentation. No immediate operational risk involved.,24,6,0.08,1.9,AI Platform,LOW
Implement new feature for Analytics,Implement new feature for Analytics. This enhancement supports ongoing optimization efforts.,39,0,0.11,3.7,SaaS,MEDIUM
Improve onboarding process for Employee Onboarding,Improve onboarding process for Employee Onboarding. This enhancement supports ongoing optimization efforts.,16,0,0.02,3.7,Fintech,MEDIUM
Payment failure reported by Enterprise Client,Payment failure reported by Enterprise Client. Failure to resolve may result in financial or reputational damage.,-1,6,0.39,4.7,Fintech,HIGH
Production outage affecting Inventory Service,Production outage affecting Inventory Service. This task is blocking critical business operations.,2,11,0.46,6.0,EdTech,HIGH
Organize file structure,Organize file structure. No immediate operational risk involved.,25,2,0.11,0.4,AI Platform,LOW
Client escalation regarding Analytics,Client escalation regarding Analytics. This issue is affecting multiple stakeholders and requires immediate attention.,12,0,0.39,3.8,AI Platform,HIGH
Upgrade billing process in Budget Planning,Upgrade billing process in Budget Planning. This enhancement supports ongoing optimization efforts.,16,2,0.29,0.7,Fintech,MEDIUM
Enhance internal documentation,Enhance internal documentation. Can be addressed during routine maintenance.,6,0,0.1,0.7,Fintech,LOW
Organize file structure,Organize file structure. No immediate operational risk involved.,28,1,0.1,1.5,Fintech,LOW
Enhance UI for Profile,Enhance UI for Profile. This task will improve operational efficiency.,32,6,0.14,0.7,AI Platform,MEDIUM
Immediate rollback required for Data Pipeline,Immediate rollback required for Data Pipeline. Failure to resolve may result in financial or reputational damage.,9,7,0.2,7.5,Fintech,HIGH
Revenue-impacting defect in Search,Revenue-impacting defect in Search. This task is blocking critical business operations.,10,0,0.21,6.9,SaaS,HIGH
Enhance performance of Database,Enhance performance of Database. Important for improving overall system quality.,-1,0,0.11,2.3,AI Platform,MEDIUM
Security breach detected in Data Pipeline,Security breach detected in Data Pipeline. This task is blocking critical business operations.,11,11,0.33,7.6,Fintech,HIGH
Audit failure in Operations,Audit failure in Operations. Failure to resolve may result in financial or reputational damage.,7,3,0.4,3.3,SaaS,HIGH
Critical issue in Database,Critical issue in Database. This issue is affecting multiple stakeholders and requires immediate attention.,-1,18,0.73,5.5,EdTech,HIGH
Enhance performance of Database,Enhance performance of Database. This task will improve operational efficiency.,-1,0,0.37,3.4,SaaS,MEDIUM
Minor UI alignment fix,Minor UI alignment fix. Can be addressed during routine maintenance.,82,0,0.08,0.9,AI Platform,LOW
Optimize workflow in Sales,Optimize workflow in Sales. Important for improving overall system quality.,-1,10,0.48,1.0,Healthcare,MEDIUM
Enhance UI for Dashboard,Enhance UI for Dashboard. This enhancement supports ongoing optimization efforts.,-1,6,0.38,2.9,AI Platform,MEDIUM
Refactor codebase in Frontend App,Refactor codebase in Frontend App. Important for improving overall system quality.,41,1,0.01,2.9,Healthcare,MEDIUM
Enhance UI for Search,Enhance UI for Search. This task will improve operational efficiency.,27,5,0.31,1.4,AI Platform,MEDIUM
Improve analytics reporting for Checkout,Improve analytics reporting for Checkout. This enhancement supports ongoing optimization efforts.,34,3,0.02,1.0,AI Platform,MEDIUM
Payment failure reported by Enterprise Client,Payment failure reported by Enterprise Client. This task is blocking critical business operations.,7,10,0.38,6.0,SaaS,HIGH
Minor UI alignment fix,Minor UI alignment fix. Can be addressed during routine maintenance.,42,2,0.12,1.9,E-commerce,LOW
Implement new feature for Dashboard,Implement new feature for Dashboard. Important for improving overall system quality.,27,0,0.3,1.6,Fintech,MEDIUM
Critical issue in Frontend App,Critical issue in Frontend App. This task is blocking critical business operations.,16,8,0.48,5.8,EdTech,HIGH
Organize file structure,Organize file structure. No immediate operational risk involved.,51,3,0.01,1.7,SaaS,LOW
Immediate rollback required for Database,Immediate rollback required for Database. This issue is affecting multiple stakeholders and requires immediate attention.,14,0,0.62,5.1,AI Platform,HIGH
Payment failure reported by Startup Client,Payment failure reported by Startup Client. Failure to resolve may result in financial or reputational damage.,-1,7,0.53,3.8,Fintech,HIGH
Improve onboarding process for Payroll Review,Improve onboarding process for Payroll Review. This task will improve operational efficiency.,32,7,0.27,3.6,E-commerce,MEDIUM
System crash during Checkout,System crash during Checkout. This task is blocking critical business operations.,16,0,0.76,3.5,AI Platform,HIGH
Critical issue in Backend API,Critical issue in Backend API. This issue is affecting multiple stakeholders and requires immediate attention.,15,7,0.26,5.4,Healthcare,HIGH
Enhance UI for Dashboard,Enhance UI for Dashboard. Important for improving overall system quality.,30,0,0.07,3.8,AI Platform,MEDIUM
System crash during Profile,System crash during Profile. Failure to resolve may result in financial or reputational damage.,6,0,0.48,8.7,E-commerce,HIGH
Compliance violation in Finance,Compliance violation in Finance. Failure to resolve may result in financial or reputational damage.,6,7,0.25,7.2,AI Platform,HIGH
Immediate rollback required for Backend API,Immediate rollback required for Backend API. This issue is affecting multiple stakeholders and requires immediate attention.,11,1,0.4,2.4,SaaS,HIGH
Minor UI alignment fix,Minor UI alignment fix. This is a minor improvement with low business impact.,28,0,0.16,0.9,E-commerce,LOW
Improve formatting in Frontend App,Improve formatting in Frontend App. Can be addressed during routine maintenance.,46,2,0.1,1.9,Healthcare,LOW
Optimize workflow in HR,Optimize workflow in HR. Important for improving overall system quality.,30,13,0.39,1.9,AI Platform,MEDIUM
Production outage affecting Billing Service,Production outage affecting Billing Service. This issue is affecting multiple stakeholders and requires immediate attention.,27,15,0.87,7.9,SaaS,HIGH
Integrate new API into User Service,Integrate new API into User Service. This enhancement supports ongoing optimization efforts.,8,0,0.03,2.4,AI Platform,MEDIUM
Implement new feature for Login,Implement new feature for Login. This enhancement supports ongoing optimization efforts.,19,5,0.12,3.8,E-commerce,MEDIUM
Enhance UI for Login,Enhance UI for Login. Important for improving overall system quality.,14,1,0.31,1.6,Healthcare,MEDIUM
Payment failure reported by Government Client,Payment failure reported by Government Client. This task is blocking critical business operations.,11,12,0.61,3.6,Fintech,HIGH
Fix minor typo in documentation,Fix minor typo in documentation. Can be addressed during routine maintenance.,-1,2,0.02,1.2,AI Platform,LOW
Security breach detected in Database,Security breach detected in Database. This task is blocking critical business operations.,13,9,0.54,4.3,SaaS,HIGH
Enhance UI for Login,Enhance UI for Login. This enhancement supports ongoing optimization efforts.,21,3,0.33,0.8,AI Platform,MEDIUM
Security breach detected in Data Pipeline,Security breach detected in Data Pipeline. This task is blocking critical business operations.,14,0,0.72,4.0,Healthcare,HIGH
Improve comments in codebase,Improve comments in codebase. This is a minor improvement with low business impact.,-1,0,0.18,1.8,SaaS,LOW
Enhance performance of Mobile App,Enhance performance of Mobile App. Important for improving overall system quality.,14,6,0.35,3.6,E-commerce,MEDIUM
Enhance performance of Payment Gateway,Enhance performance of Payment Gateway. Important for improving overall system quality.,6,5,0.01,0.8,AI Platform,MEDIUM
Improve comments in codebase,Improve comments in codebase. Can be addressed during routine maintenance.,-1,0,0.12,1.1,SaaS,LOW
Refactor codebase in Backend API,Refactor codebase in Backend API. Important for improving overall system quality.,37,1,0.36,3.8,AI Platform,MEDIUM
Enhance UI for Login,Enhance UI for Login. This task will improve operational efficiency.,-1,0,0.16,1.9,AI Platform,MEDIUM
Optimize workflow in Sales,Optimize workflow in Sales. This task will improve operational efficiency.,10,4,0.37,2.3,EdTech,MEDIUM
Implement new feature for Analytics,Implement new feature for Analytics. Important for improving overall system quality.,7,4,0.39,1.5,EdTech,MEDIUM
Enhance performance of Payment Gateway,Enhance performance of Payment Gateway. This task will improve operational efficiency.,20,0,0.26,0.1,EdTech,MEDIUM
Audit failure in Support,Audit failure in Support. This issue is affecting multiple stakeholders and requires immediate attention.,7,16,0.41,2.6,Healthcare,HIGH
Enhance internal documentation,Enhance internal documentation. No immediate operational risk involved.,13,8,0.14,0.5,Healthcare,LOW
Refactor codebase in Auth Service,Refactor codebase in Auth Service. Important for improving overall system quality.,5,10,0.19,3.6,E-commerce,MEDIUM
Optimize workflow in HR,Optimize workflow in HR. This task will improve operational efficiency.,-1,7,0.36,2.0,Fintech,MEDIUM
Automate campaign tracking for Black Friday Campaign,Automate campaign tracking for Black Friday Campaign. This task will improve operational efficiency.,15,6,0.41,0.7,E-commerce,MEDIUM
Cleanup unused resources,Cleanup unused resources. Can be addressed during routine maintenance.,-1,5,0.01,0.7,SaaS,LOW
Compliance violation in Support,Compliance violation in Support. Failure to resolve may result in financial or reputational damage.,6,0,0.58,5.8,SaaS,HIGH
Refactor codebase in Frontend App,Refactor codebase in Frontend App. Important for improving overall system quality.,18,6,0.08,2.5,AI Platform,MEDIUM
Implement new feature for Search,Implement new feature for Search. This task will improve operational efficiency.,22,0,0.27,0.0,AI Platform,MEDIUM
Optimize workflow in HR,Optimize workflow in HR. This enhancement supports ongoing optimization efforts.,-1,13,0.24,3.1,SaaS,MEDIUM
Implement new feature for Checkout,Implement new feature for Checkout. This enhancement supports ongoing optimization efforts.,26,2,0.39,3.2,AI Platform,MEDIUM
Critical issue in Mobile App,Critical issue in Mobile App. This task is blocking critical business operations.,-1,10,0.34,9.1,SaaS,HIGH
Organize file structure,Organize file structure. This is a minor improvement with low business impact.,23,0,0.01,1.2,AI Platform,LOW
Fix minor typo in documentation,Fix minor typo in documentation. No immediate operational risk involved.,-1,3,0.09,0.9,EdTech,LOW
Refactor codebase in Database,Refactor codebase in Database. Important for improving overall system quality.,15,13,0.17,0.8,AI Platform,MEDIUM
Compliance violation in Finance,Compliance violation in Finance. This issue is affecting multiple stakeholders and requires immediate attention.,5,0,0.21,6.6,E-commerce,HIGH
Production outage affecting Notification Service,Production outage affecting Notification Service. Failure to resolve may result in financial or reputational damage.,-1,0,0.49,8.6,E-commerce,HIGH
Enhance internal documentation,Enhance internal documentation. Can be addressed during routine maintenance.,46,3,0.14,1.4,EdTech,LOW
Refactor codebase in Auth Service,Refactor codebase in Auth Service. Important for improving overall system quality.,12,0,0.11,1.5,SaaS,MEDIUM
Cleanup unused resources,Cleanup unused resources. This is a minor improvement with low business impact.,30,0,0.06,1.9,Healthcare,LOW
Update design theme slightly,Update design theme slightly. No immediate operational risk involved.,55,0,0.13,1.2,Healthcare,LOW
Upgrade billing process in Invoice Processing,Upgrade billing process in Invoice Processing. Important for improving overall system quality.,25,3,0.24,1.4,Healthcare,MEDIUM
Upgrade billing process in Budget Planning,Upgrade billing process in Budget Planning. This task will improve operational efficiency.,26,3,0.27,3.7,EdTech,MEDIUM
Organize file structure,Organize file structure. This is a minor improvement with low business impact.,32,1,0.13,0.4,EdTech,LOW
Fix minor typo in documentation,Fix minor typo in documentation. Can be addressed during routine maintenance.,35,4,0.05,0.7,SaaS,LOW
Implement new feature for Search,Implement new feature for Search. This enhancement supports ongoing optimization efforts.,5,2,0.28,0.1,Fintech,MEDIUM
Minor UI alignment fix,Minor UI alignment fix. No immediate operational risk involved.,31,2,0.19,0.7,Healthcare,LOW
Audit failure in Operations,Audit failure in Operations. This issue is affecting multiple stakeholders and requires immediate attention.,24,2,0.3,9.7,EdTech,HIGH
Minor UI alignment fix,Minor UI alignment fix. This is a minor improvement with low business impact.,42,3,0.14,0.4,Fintech,LOW
Integrate new API into Reporting Service,Integrate new API into Reporting Service. This task will improve operational efficiency.,-1,5,0.33,3.1,Fintech,MEDIUM
Upgrade billing process in Invoice Processing,Upgrade billing process in Invoice Processing. This task will improve operational efficiency.,21,12,0.19,1.4,EdTech,MEDIUM
Minor UI alignment fix,Minor UI alignment fix. Can be addressed during routine maintenance.,44,4,0.1,1.5,AI Platform,LOW
Enhance internal documentation,Enhance internal documentation. Can be addressed during routine maintenance.,62,0,0.2,1.0,SaaS,LOW
Integrate new API into Notification Service,Integrate new API into Notification Service. This enhancement supports ongoing optimization efforts.,24,8,0.09,1.7,Healthcare,MEDIUM
Organize file structure,Organize file structure. This is a minor improvement with low business impact.,72,0,0.13,0.5,SaaS,LOW
Improve formatting in Frontend App,Improve formatting in Frontend App. This is a minor improvement with low business impact.,21,0,0.17,1.5,AI Platform,LOW
Integrate new API into User Service,Integrate new API into User Service. Important for improving overall system quality.,13,8,0.2,2.0,SaaS,MEDIUM
Organize file structure,Organize file structure. Can be addressed during routine maintenance.,-1,1,0.1,0.1,Fintech,LOW
Cleanup unused resources,Cleanup unused resources. Can be addressed during routine maintenance.,38,4,0.18,1.7,SaaS,LOW
Critical issue in Backend API,Critical issue in Backend API. Failure to resolve may result in financial or reputational damage.,-1,0,0.22,7.1,Fintech,HIGH
Compliance violation in Marketing,Compliance violation in Marketing. Failure to resolve may result in financial or reputational damage.,21,1,0.55,6.6,AI Platform,HIGH
Upgrade billing process in Invoice Processing,Upgrade billing process in Invoice Processing. This task will improve operational efficiency.,21,12,0.41,2.6,Fintech,MEDIUM
Upgrade billing process in Expense Audit,Upgrade billing process in Expense Audit. This enhancement supports ongoing optimization efforts.,26,0,0.42,4.0,SaaS,MEDIUM
Minor UI alignment fix,Minor UI alignment fix. No immediate operational risk involved.,-1,0,0.15,1.8,Fintech,LOW
Organize file structure,Organize file structure. Can be addressed during routine maintenance.,-1,1,0.06,1.1,Healthcare,LOW
Compliance violation in HR,Compliance violation in HR. This task is blocking critical business operations.,6,12,0.24,8.4,Healthcare,HIGH
Upgrade billing process in Invoice Processing,Upgrade billing process in Invoice Processing. This task will improve operational efficiency.,11,0,0.24,3.7,Fintech,MEDIUM
System crash during Login,System crash during Login. This issue is affecting multiple stakeholders and requires immediate attention.,3,0,0.46,1.2,Healthcare,HIGH
Organize file structure,Organize file structure. No immediate operational risk involved.,37,0,0.15,1.1,Healthcare,LOW
Optimize workflow in Operations,Optimize workflow in Operations. This enhancement supports ongoing optimization efforts.,12,10,0.22,3.7,E-commerce,MEDIUM
Improve onboarding process for Employee Onboarding,Improve onboarding process for Employee Onboarding. Important for improving overall system quality.,29,0,0.32,2.4,EdTech,MEDIUM
Production outage affecting Inventory Service,Production outage affecting Inventory Service. This issue is affecting multiple stakeholders and requires immediate attention.,6,14,0.45,9.6,E-commerce,HIGH
Fix minor typo in documentation,Fix minor typo in documentation. This is a minor improvement with low business impact.,30,4,0.18,1.3,Fintech,LOW
Revenue-impacting defect in Profile,Revenue-impacting defect in Profile. This issue is affecting multiple stakeholders and requires immediate attention.,-1,15,0.58,9.9,Healthcare,HIGH
Security breach detected in Mobile App,Security breach detected in Mobile App. This task is blocking critical business operations.,4,13,0.62,4.3,Fintech,HIGH
Improve formatting in Auth Service,Improve formatting in Auth Service. No immediate operational risk involved.,56,4,0.09,0.4,EdTech,LOW
Update dependency versions,Update dependency versions. Can be addressed during routine maintenance.,22,6,0.17,1.5,Fintech,LOW
Production outage affecting Billing Service,Production outage affecting Billing Service. This issue is affecting multiple stakeholders and requires immediate attention.,11,0,0.69,1.9,Fintech,HIGH
Update dependency versions,Update dependency versions. Can be addressed during routine maintenance.,17,3,0.04,1.0,AI Platform,LOW
Upgrade billing process in Expense Audit,Upgrade billing process in Expense Audit. This enhancement supports ongoing optimization efforts.,29,7,0.02,3.7,Fintech,MEDIUM
Minor UI alignment fix,Minor UI alignment fix. This is a minor improvement with low business impact.,-1,2,0.16,1.9,E-commerce,LOW
Update design theme slightly,Update design theme slightly. This is a minor improvement with low business impact.,74,2,0.08,0.6,EdTech,LOW
Security breach detected in Mobile App,Security breach detected in Mobile App. This issue is affecting multiple stakeholders and requires immediate attention.,3,12,0.28,6.0,EdTech,HIGH
Update design theme slightly,Update design theme slightly. No immediate operational risk involved.,24,1,0.05,0.2,E-commerce,LOW
Audit failure in Marketing,Audit failure in Marketing. This task is blocking critical business operations.,7,10,0.51,8.5,Fintech,HIGH
Upgrade billing process in Invoice Processing,Upgrade billing process in Invoice Processing. This task will improve operational efficiency.,20,0,0.46,1.7,Fintech,MEDIUM
Payment failure reported by Government Client,Payment failure reported by Government Client. This issue is affecting multiple stakeholders and requires immediate attention.,5,0,0.35,1.1,Fintech,HIGH
Update dependency versions,Update dependency versions. Can be addressed during routine maintenance.,1,0,0.15,1.9,SaaS,LOW
Automate campaign tracking for Email Automation,Automate campaign tracking for Email Automation. This enhancement supports ongoing optimization efforts.,-1,0,0.12,3.1,E-commerce,MEDIUM
Improve comments in codebase,Improve comments in codebase. No immediate operational risk involved.,23,2,0.12,1.7,SaaS,LOW
Critical issue in Frontend App,Critical issue in Frontend App. This task is blocking critical business operations.,17,15,0.21,4.0,AI Platform,HIGH
System crash during Dashboard,System crash during Dashboard. Failure to resolve may result in financial or reputational damage.,-1,4,0.33,8.8,AI Platform,HIGH
Revenue-impacting defect in Analytics,Revenue-impacting defect in Analytics. This issue is affecting multiple stakeholders and requires immediate attention.,13,8,0.74,6.2,EdTech,HIGH
Refactor codebase in Backend API,Refactor codebase in Backend API. This enhancement supports ongoing optimization efforts.,20,8,0.36,2.8,Fintech,MEDIUM
Organize file structure,Organize file structure. This is a minor improvement with low business impact.,19,0,0.15,1.2,Healthcare,LOW
Audit failure in Finance,Audit failure in Finance. This issue is affecting multiple stakeholders and requires immediate attention.,4,11,0.4,5.9,Fintech,HIGH
Enhance performance of Payment Gateway,Enhance performance of Payment Gateway. This enhancement supports ongoing optimization efforts.,17,7,0.12,3.7,AI Platform,MEDIUM
Fix minor typo in documentation,Fix minor typo in documentation. No immediate operational risk involved.,43,1,0.13,1.4,SaaS,LOW
Enhance internal documentation,Enhance internal documentation. No immediate operational risk involved.,-1,0,0.04,0.3,EdTech,LOW
Cleanup unused resources,Cleanup unused resources. Can be addressed during routine maintenance.,75,2,0.05,0.7,AI Platform,LOW
Enhance UI for Dashboard,Enhance UI for Dashboard. This task will improve operational efficiency.,12,5,0.0,3.3,Healthcare,MEDIUM
Organize file structure,Organize file structure. This is a minor improvement with low business impact.,43,2,0.16,0.6,SaaS,LOW
Integrate new API into Inventory Service,Integrate new API into Inventory Service. This enhancement supports ongoing optimization efforts.,11,0,0.32,0.9,SaaS,MEDIUM
Refactor variable naming in Backend API,Refactor variable naming in Backend API. Can be addressed during routine maintenance.,-1,2,0.01,0.1,Healthcare,LOW
Compliance violation in Sales,Compliance violation in Sales. Failure to resolve may result in financial or reputational damage.,12,0,0.36,9.3,Healthcare,HIGH
Immediate rollback required for Auth Service,Immediate rollback required for Auth Service. This task is blocking critical business operations.,-1,7,0.58,8.2,Fintech,HIGH
Cleanup unused resources,Cleanup unused resources. Can be addressed during routine maintenance.,24,1,0.15,0.8,E-commerce,LOW
Enhance performance of Payment Gateway,Enhance performance of Payment Gateway. Important for improving overall system quality.,27,0,0.29,2.2,EdTech,MEDIUM
Automate campaign tracking for Black Friday Campaign,Automate campaign tracking for Black Friday Campaign. Important for improving overall system quality.,-1,6,0.24,2.8,EdTech,MEDIUM
Cleanup unused resources,Cleanup unused resources. This is a minor improvement with low business impact.,63,1,0.07,0.3,E-commerce,LOW
Integrate new API into Notification Service,Integrate new API into Notification Service. Important for improving overall system quality.,-1,0,0.03,3.6,EdTech,MEDIUM
Organize file structure,Organize file structure. No immediate operational risk involved.,34,1,0.02,0.4,Fintech,LOW
Production outage affecting Reporting Service,Production outage affecting Reporting Service. Failure to resolve may result in financial or reputational damage.,16,0,0.89,2.2,EdTech,HIGH
Revenue-impacting defect in Settings,Revenue-impacting defect in Settings. Failure to resolve may result in financial or reputational damage.,15,0,0.6,5.0,AI Platform,HIGH
Compliance violation in Sales,Compliance violation in Sales. This issue is affecting multiple stakeholders and requires immediate attention.,9,15,0.29,6.5,Healthcare,HIGH
Audit failure in Finance,Audit failure in Finance. Failure to resolve may result in financial or reputational damage.,17,0,0.89,1.2,SaaS,HIGH
Minor UI alignment fix,Minor UI alignment fix. Can be addressed during routine maintenance.,18,1,0.05,0.1,EdTech,LOW
System crash during Login,System crash during Login. This task is blocking critical business operations.,15,13,0.72,3.7,EdTech,HIGH
Compliance violation in Operations,Compliance violation in Operations. Failure to resolve may result in financial or reputational damage.,14,0,0.85,10.0,AI Platform,HIGH
Compliance violation in Marketing,Compliance violation in Marketing. Failure to resolve may result in financial or reputational damage.,16,5,0.84,7.3,EdTech,HIGH
Organize file structure,Organize file structure. This is a minor improvement with low business impact.,24,0,0.16,0.1,SaaS,LOW
Upgrade billing process in Budget Planning,Upgrade billing process in Budget Planning. This enhancement supports ongoing optimization efforts.,5,1,0.2,0.2,Healthcare,MEDIUM
Refactor codebase in Auth Service,Refactor codebase in Auth Service. This enhancement supports ongoing optimization efforts.,21,8,0.28,0.3,Healthcare,MEDIUM
Enhance UI for Analytics,Enhance UI for Analytics. Important for improving overall system quality.,17,2,0.42,3.6,E-commerce,MEDIUM
Enhance performance of Database,Enhance performance of Database. This enhancement supports ongoing optimization efforts.,-1,7,0.11,1.9,SaaS,MEDIUM
Improve comments in codebase,Improve comments in codebase. No immediate operational risk involved.,51,1,0.05,1.3,E-commerce,LOW
Organize file structure,Organize file structure. This is a minor improvement with low business impact.,2,3,0.14,1.8,Healthcare,LOW
Critical issue in Auth Service,Critical issue in Auth Service. This task is blocking critical business operations.,2,17,0.66,9.2,AI Platform,HIGH
Critical issue in Payment Gateway,Critical issue in Payment Gateway. Failure to resolve may result in financial or reputational damage.,1,8,0.39,8.1,Healthcare,HIGH
Revenue-impacting defect in Settings,Revenue-impacting defect in Settings. Failure to resolve may result in financial or reputational damage.,-1,9,0.75,1.4,AI Platform,HIGH
Upgrade billing process in Expense Audit,Upgrade billing process in Expense Audit. Important for improving overall system quality.,34,7,0.31,3.0,E-commerce,MEDIUM
Integrate new API into Notification Service,Integrate new API into Notification Service. This enhancement supports ongoing optimization efforts.,21,11,0.47,3.7,Healthcare,MEDIUM
Enhance UI for Analytics,Enhance UI for Analytics. This task will improve operational efficiency.,29,0,0.36,1.6,AI Platform,MEDIUM
System crash during Search,System crash during Search. Failure to resolve may result in financial or reputational damage.,-1,0,0.63,3.0,AI Platform,HIGH
Improve analytics reporting for Dashboard,Improve analytics reporting for Dashboard. This task will improve operational efficiency.,20,5,0.39,0.1,Healthcare,MEDIUM
Immediate rollback required for Payment Gateway,Immediate rollback required for Payment Gateway. Failure to resolve may result in financial or reputational damage.,-1,8,0.24,4.2,Healthcare,HIGH
Client escalation regarding Dashboard,Client escalation regarding Dashboard. This issue is affecting multiple stakeholders and requires immediate attention.,5,10,0.53,7.5,E-commerce,HIGH
Improve comments in codebase,Improve comments in codebase. This is a minor improvement with low business impact.,58,2,0.11,1.8,E-commerce,LOW
Improve onboarding process for Payroll Review,Improve onboarding process for Payroll Review. Important for improving overall system quality.,26,11,0.19,3.9,EdTech,MEDIUM
Production outage affecting Notification Service,Production outage affecting Notification Service. This issue is affecting multiple stakeholders and requires immediate attention.,11,0,0.28,9.1,E-commerce,HIGH
Upgrade billing process in Expense Audit,Upgrade billing process in Expense Audit. This task will improve operational efficiency.,-1,5,0.29,3.5,EdTech,MEDIUM
Minor UI alignment fix,Minor UI alignment fix. No immediate operational risk involved.,14,5,0.19,0.1,AI Platform,LOW
Critical issue in Database,Critical issue in Database. This task is blocking critical business operations.,19,15,0.67,1.6,Healthcare,HIGH
Fix minor typo in documentation,Fix minor typo in documentation. This is a minor improvement with low business impact.,38,3,0.03,2.0,SaaS,LOW
Revenue-impacting defect in Analytics,Revenue-impacting defect in Analytics. This task is blocking critical business operations.,7,14,0.34,4.6,AI Platform,HIGH
Update design theme slightly,Update design theme slightly. This is a minor improvement with low business impact.,50,4,0.18,0.4,E-commerce,LOW
Production outage affecting Billing Service,Production outage affecting Billing Service. This issue is affecting multiple stakeholders and requires immediate attention.,8,5,0.58,1.5,Healthcare,HIGH
Update dependency versions,Update dependency versions. This is a minor improvement with low business impact.,47,1,0.11,0.3,E-commerce,LOW
Payment failure reported by Enterprise Client,Payment failure reported by Enterprise Client. This task is blocking critical business operations.,8,15,0.75,7.8,Fintech,HIGH
Update design theme slightly,Update design theme slightly. This is a minor improvement with low business impact.,-1,3,0.07,1.2,Fintech,LOW
Automate campaign tracking for Q4 Launch,Automate campaign tracking for Q4 Launch. This enhancement supports ongoing optimization efforts.,11,11,0.31,1.0,Fintech,MEDIUM
Optimize workflow in HR,Optimize workflow in HR. This task will improve operational efficiency.,-1,3,0.17,2.5,Fintech,MEDIUM
Implement new feature for Dashboard,Implement new feature for Dashboard. This task will improve operational efficiency.,16,11,0.46,2.8,AI Platform,MEDIUM
Immediate rollback required for Mobile App,Immediate rollback required for Mobile App. This task is blocking critical business operations.,22,8,0.7,2.5,AI Platform,HIGH
Organize file structure,Organize file structure. Can be addressed during routine maintenance.,-1,0,0.18,0.1,AI Platform,LOW
Minor UI alignment fix,Minor UI alignment fix. This is a minor improvement with low business impact.,55,0,0.03,0.4,AI Platform,LOW
Audit failure in Operations,Audit failure in Operations. This task is blocking critical business operations.,13,6,0.83,6.2,E-commerce,HIGH
Payment failure reported by Enterprise Client,Payment failure reported by Enterprise Client. Failure to resolve may result in financial or reputational damage.,10,7,0.5,3.2,Fintech,HIGH
Security breach detected in Database,Security breach detected in Database. This issue is affecting multiple stakeholders and requires immediate attention.,11,0,0.39,9.3,EdTech,HIGH
Audit failure in HR,Audit failure in HR. This issue is affecting multiple stakeholders and requires immediate attention.,26,6,0.55,7.3,EdTech,HIGH
Refactor codebase in Backend API,Refactor codebase in Backend API. This enhancement supports ongoing optimization efforts.,20,2,0.12,3.5,E-commerce,MEDIUM
Improve comments in codebase,Improve comments in codebase. Can be addressed during routine maintenance.,-1,0,0.18,1.3,EdTech,LOW
Production outage affecting Inventory Service,Production outage affecting Inventory Service. This issue is affecting multiple stakeholders and requires immediate attention.,23,0,0.24,3.7,E-commerce,HIGH
Refactor variable naming in Payment Gateway,Refactor variable naming in Payment Gateway. This is a minor improvement with low business impact.,-1,5,0.1,1.5,EdTech,LOW
Payment failure reported by Enterprise Client,Payment failure reported by Enterprise Client. This issue is affecting multiple stakeholders and requires immediate attention.,-1,9,0.5,6.7,Healthcare,HIGH
Enhance UI for Settings,Enhance UI for Settings. This task will improve operational efficiency.,20,3,0.48,0.9,AI Platform,MEDIUM
Improve onboarding process for Payroll Review,Improve onboarding process for Payroll Review. This enhancement supports ongoing optimization efforts.,34,0,0.12,1.5,Fintech,MEDIUM
Compliance violation in Marketing,Compliance violation in Marketing. This issue is affecting multiple stakeholders and requires immediate attention.,14,0,0.71,5.7,EdTech,HIGH
Integrate new API into Billing Service,Integrate new API into Billing Service. This task will improve operational efficiency.,28,0,0.27,0.1,Healthcare,MEDIUM
Enhance UI for Checkout,Enhance UI for Checkout. This task will improve operational efficiency.,-1,0,0.39,1.9,Fintech,MEDIUM
Enhance internal documentation,Enhance internal documentation. No immediate operational risk involved.,31,0,0.06,1.4,Fintech,LOW
Immediate rollback required for Database,Immediate rollback required for Database. Failure to resolve may result in financial or reputational damage.,-1,15,0.4,8.6,SaaS,HIGH
Implement new feature for Settings,Implement new feature for Settings. Important for improving overall system quality.,16,14,0.05,0.0,EdTech,MEDIUM
Upgrade billing process in Invoice Processing,Upgrade billing process in Invoice Processing. This enhancement supports ongoing optimization efforts.,41,4,0.18,0.2,Healthcare,MEDIUM
Client escalation regarding Dashboard,Client escalation regarding Dashboard. Failure to resolve may result in financial or reputational damage.,-1,15,0.23,3.5,EdTech,HIGH
Refactor codebase in Database,Refactor codebase in Database. This task will improve operational efficiency.,30,0,0.29,2.1,AI Platform,MEDIUM
Immediate rollback required for Mobile App,Immediate rollback required for Mobile App. Failure to resolve may result in financial or reputational damage.,4,0,0.63,4.0,Healthcare,HIGH
Revenue-impacting defect in Profile,Revenue-impacting defect in Profile. This task is blocking critical business operations.,12,11,0.28,8.0,Fintech,HIGH
Cleanup unused resources,Cleanup unused resources. No immediate operational risk involved.,53,0,0.06,1.9,E-commerce,LOW
Organize file structure,Organize file structure. No immediate operational risk involved.,29,0,0.05,1.0,Healthcare,LOW
Revenue-impacting defect in Analytics,Revenue-impacting defect in Analytics. This task is blocking critical business operations.,15,14,0.56,2.1,Healthcare,HIGH
Improve formatting in Backend API,Improve formatting in Backend API. Can be addressed during routine maintenance.,67,1,0.18,1.6,Fintech,LOW
Enhance internal documentation,Enhance internal documentation. No immediate operational risk involved.,16,7,0.12,1.3,Fintech,LOW
Update dependency versions,Update dependency versions. No immediate operational risk involved.,41,2,0.11,1.1,Healthcare,LOW
Revenue-impacting defect in Checkout,Revenue-impacting defect in Checkout. This task is blocking critical business operations.,7,12,0.35,2.8,E-commerce,HIGH
Critical issue in Backend API,Critical issue in Backend API. This issue is affecting multiple stakeholders and requires immediate attention.,23,8,0.33,5.0,SaaS,HIGH
Refactor codebase in Database,Refactor codebase in Database. This enhancement supports ongoing optimization efforts.,15,10,0.02,2.7,Fintech,MEDIUM
Security breach detected in Data Pipeline,Security breach detected in Data Pipeline. This task is blocking critical business operations.,11,0,0.35,6.8,SaaS,HIGH
Revenue-impacting defect in Profile,Revenue-impacting defect in Profile. Failure to resolve may result in financial or reputational damage.,10,11,0.27,3.8,Healthcare,HIGH
Optimize workflow in Sales,Optimize workflow in Sales. This enhancement supports ongoing optimization efforts.,-1,14,0.2,0.7,Healthcare,MEDIUM
Organize file structure,Organize file structure. Can be addressed during routine maintenance.,-1,8,0.13,1.3,EdTech,LOW
Minor UI alignment fix,Minor UI alignment fix. Can be addressed during routine maintenance.,23,4,0.15,0.3,Healthcare,LOW
Improve onboarding process for Employee Onboarding,Improve onboarding process for Employee Onboarding. Important for improving overall system quality.,16,0,0.06,0.9,E-commerce,MEDIUM
Payment failure reported by Government Client,Payment failure reported by Government Client. This issue is affecting multiple stakeholders and requires immediate attention.,27,5,0.82,3.2,Fintech,HIGH
Enhance internal documentation,Enhance internal documentation. Can be addressed during routine maintenance.,33,8,0.15,0.7,Healthcare,LOW
Integrate new API into Reporting Service,Integrate new API into Reporting Service. This task will improve operational efficiency.,27,2,0.21,2.8,Healthcare,MEDIUM
Upgrade billing process in Expense Audit,Upgrade billing process in Expense Audit. Important for improving overall system quality.,16,0,0.01,3.4,SaaS,MEDIUM
Critical issue in Payment Gateway,Critical issue in Payment Gateway. This task is blocking critical business operations.,3,8,0.73,7.2,SaaS,HIGH
Update design theme slightly,Update design theme slightly. This is a minor improvement with low business impact.,31,0,0.2,1.7,EdTech,LOW
Update dependency versions,Update dependency versions. This is a minor improvement with low business impact.,-1,3,0.19,1.7,SaaS,LOW
Security breach detected in Auth Service,Security breach detected in Auth Service. This issue is affecting multiple stakeholders and requires immediate attention.,-1,14,0.53,7.9,E-commerce,HIGH
Enhance performance of Payment Gateway,Enhance performance of Payment Gateway. This enhancement supports ongoing optimization efforts.,28,10,0.38,0.5,EdTech,MEDIUM
Audit failure in Support,Audit failure in Support. Failure to resolve may result in financial or reputational damage.,12,2,0.34,2.3,E-commerce,HIGH
Update dependency versions,Update dependency versions. No immediate operational risk involved.,27,1,0.2,0.5,SaaS,LOW
Client escalation regarding Profile,Client escalation regarding Profile. This task is blocking critical business operations.,3,0,0.28,1.1,AI Platform,HIGH
Production outage affecting User Service,Production outage affecting User Service. This task is blocking critical business operations.,14,0,0.29,6.2,E-commerce,HIGH
Automate campaign tracking for Email Automation,Automate campaign tracking for Email Automation. This enhancement supports ongoing optimization efforts.,35,12,0.46,0.8,AI Platform,MEDIUM
Minor UI alignment fix,Minor UI alignment fix. Can be addressed during routine maintenance.,-1,0,0.03,1.5,AI Platform,LOW
Update design theme slightly,Update design theme slightly. No immediate operational risk involved.,63,2,0.05,1.7,SaaS,LOW
Optimize workflow in Marketing,Optimize workflow in Marketing. This enhancement supports ongoing optimization efforts.,19,6,0.36,1.8,EdTech,MEDIUM
Cleanup unused resources,Cleanup unused resources. Can be addressed during routine maintenance.,42,7,0.1,0.5,E-commerce,LOW
Immediate rollback required for Payment Gateway,Immediate rollback required for Payment Gateway. This issue is affecting multiple stakeholders and requires immediate attention.,5,17,0.36,5.9,EdTech,HIGH
Payment failure reported by Government Client,Payment failure reported by Government Client. This task is blocking critical business operations.,13,8,0.9,5.0,E-commerce,HIGH
Minor UI alignment fix,Minor UI alignment fix. This is a minor improvement with low business impact.,48,0,0.03,0.4,Fintech,LOW
Update design theme slightly,Update design theme slightly. Can be addressed during routine maintenance.,-1,0,0.02,1.3,EdTech,LOW
Automate campaign tracking for Email Automation,Automate campaign tracking for Email Automation. Important for improving overall system quality.,27,6,0.22,3.1,E-commerce,MEDIUM
Optimize workflow in Marketing,Optimize workflow in Marketing. Important for improving overall system quality.,-1,8,0.27,3.2,EdTech,MEDIUM
Integrate new API into Billing Service,Integrate new API into Billing Service. This task will improve operational efficiency.,29,0,0.04,2.5,SaaS,MEDIUM
Cleanup unused resources,Cleanup unused resources. No immediate operational risk involved.,67,4,0.09,0.7,Healthcare,LOW
Enhance internal documentation,Enhance internal documentation. No immediate operational risk involved.,50,0,0.2,1.3,EdTech,LOW
Cleanup unused resources,Cleanup unused resources. Can be addressed during routine maintenance.,58,0,0.19,1.6,Fintech,LOW
Improve formatting in Backend API,Improve formatting in Backend API. This is a minor improvement with low business impact.,30,1,0.02,1.1,Fintech,LOW
Integrate new API into Notification Service,Integrate new API into Notification Service. This enhancement supports ongoing optimization efforts.,25,9,0.39,0.1,Fintech,MEDIUM
Fix minor typo in documentation,Fix minor typo in documentation. Can be addressed during routine maintenance.,19,0,0.05,0.4,E-commerce,LOW
Critical issue in Data Pipeline,Critical issue in Data Pipeline. Failure to resolve may result in financial or reputational damage.,18,6,0.25,6.1,Healthcare,HIGH
Payment failure reported by Premium Customer,Payment failure reported by Premium Customer. This task is blocking critical business operations.,14,0,0.68,8.8,Fintech,HIGH
Production outage affecting Inventory Service,Production outage affecting Inventory Service. Failure to resolve may result in financial or reputational damage.,4,0,0.23,7.7,SaaS,HIGH
Upgrade billing process in Budget Planning,Upgrade billing process in Budget Planning. Important for improving overall system quality.,9,0,0.08,3.3,EdTech,MEDIUM
Implement new feature for Login,Implement new feature for Login. This enhancement supports ongoing optimization efforts.,6,5,0.36,0.7,Fintech,MEDIUM
Integrate new API into Reporting Service,Integrate new API into Reporting Service. This enhancement supports ongoing optimization efforts.,22,3,0.34,3.7,AI Platform,MEDIUM
Enhance UI for Checkout,Enhance UI for Checkout. This task will improve operational efficiency.,24,0,0.03,1.9,Healthcare,MEDIUM
Enhance UI for Search,Enhance UI for Search. This task will improve operational efficiency.,13,6,0.25,3.8,E-commerce,MEDIUM
Refactor codebase in Backend API,Refactor codebase in Backend API. This enhancement supports ongoing optimization efforts.,20,2,0.01,2.8,SaaS,MEDIUM
Update dependency versions,Update dependency versions. Can be addressed during routine maintenance.,-1,5,0.05,0.6,SaaS,LOW
Immediate rollback required for Backend API,Immediate rollback required for Backend API. Failure to resolve may result in financial or reputational damage.,2,0,0.38,3.6,AI Platform,HIGH
Enhance performance of Mobile App,Enhance performance of Mobile App. Important for improving overall system quality.,15,0,0.05,3.9,Healthcare,MEDIUM
Update design theme slightly,Update design theme slightly. Can be addressed during routine maintenance.,5,3,0.07,1.6,Healthcare,LOW
Refactor variable naming in Data Pipeline,Refactor variable naming in Data Pipeline. This is a minor improvement with low business impact.,20,7,0.09,1.6,E-commerce,LOW
Automate campaign tracking for Black Friday Campaign,Automate campaign tracking for Black Friday Campaign. Important for improving overall system quality.,22,0,0.34,1.2,E-commerce,MEDIUM
System crash during Login,System crash during Login. Failure to resolve may result in financial or reputational damage.,2,0,0.82,9.9,Fintech,HIGH
Implement new feature for Checkout,Implement new feature for Checkout. Important for improving overall system quality.,29,10,0.47,1.0,Fintech,MEDIUM
Improve comments in codebase,Improve comments in codebase. Can be addressed during routine maintenance.,72,0,0.05,1.7,EdTech,LOW
Client escalation regarding Search,Client escalation regarding Search. This issue is affecting multiple stakeholders and requires immediate attention.,-1,0,0.64,8.5,Healthcare,HIGH
System crash during Profile,System crash during Profile. This task is blocking critical business operations.,-1,9,0.35,7.2,Fintech,HIGH
Fix minor typo in documentation,Fix minor typo in documentation. Can be addressed during routine maintenance.,-1,3,0.08,1.6,E-commerce,LOW
Update dependency versions,Update dependency versions. This is a minor improvement with low business impact.,72,0,0.11,1.9,EdTech,LOW
Improve comments in codebase,Improve comments in codebase. Can be addressed during routine maintenance.,24,2,0.1,0.8,AI Platform,LOW
Organize file structure,Organize file structure. No immediate operational risk involved.,57,2,0.14,0.7,Fintech,LOW
Compliance violation in Support,Compliance violation in Support. This issue is affecting multiple stakeholders and requires immediate attention.,12,7,0.22,10.0,EdTech,HIGH
Integrate new API into Notification Service,Integrate new API into Notification Service. Important for improving overall system quality.,9,0,0.3,3.8,Healthcare,MEDIUM
Improve onboarding process for Payroll Review,Improve onboarding process for Payroll Review. This task will improve operational efficiency.,32,3,0.37,0.3,E-commerce,MEDIUM
Enhance internal documentation,Enhance internal documentation. No immediate operational risk involved.,67,5,0.13,1.3,Fintech,LOW
Improve onboarding process for Employee Onboarding,Improve onboarding process for Employee Onboarding. This enhancement supports ongoing optimization efforts.,-1,3,0.01,2.3,EdTech,MEDIUM
Refactor variable naming in Database,Refactor variable naming in Database. This is a minor improvement with low business impact.,33,5,0.12,0.3,Fintech,LOW
Security breach detected in Auth Service,Security breach detected in Auth Service. This task is blocking critical business operations.,3,9,0.44,2.1,Healthcare,HIGH
Enhance UI for Checkout,Enhance UI for Checkout. Important for improving overall system quality.,38,11,0.22,1.7,SaaS,MEDIUM
Organize file structure,Organize file structure. No immediate operational risk involved.,45,5,0.12,1.3,Healthcare,LOW
Integrate new API into Notification Service,Integrate new API into Notification Service. This task will improve operational efficiency.,8,3,0.02,1.1,AI Platform,MEDIUM
Immediate rollback required for Mobile App,Immediate rollback required for Mobile App. This task is blocking critical business operations.,10,6,0.28,7.4,E-commerce,HIGH
Enhance UI for Settings,Enhance UI for Settings. This task will improve operational efficiency.,14,4,0.01,1.1,Fintech,MEDIUM
Critical issue in Data Pipeline,Critical issue in Data Pipeline. Failure to resolve may result in financial or reputational damage.,19,9,0.55,5.2,AI Platform,HIGH
Improve formatting in Mobile App,Improve formatting in Mobile App. Can be addressed during routine maintenance.,64,0,0.04,1.2,E-commerce,LOW
Integrate new API into User Service,Integrate new API into User Service. Important for improving overall system quality.,36,4,0.45,2.2,EdTech,MEDIUM
Critical issue in Payment Gateway,Critical issue in Payment Gateway. Failure to resolve may result in financial or reputational damage.,15,5,0.81,1.2,SaaS,HIGH
Compliance violation in Finance,Compliance violation in Finance. Failure to resolve may result in financial or reputational damage.,10,10,0.64,3.2,Fintech,HIGH
Update dependency versions,Update dependency versions. No immediate operational risk involved.,64,0,0.13,0.0,Fintech,LOW
Enhance UI for Search,Enhance UI for Search. Important for improving overall system quality.,30,9,0.21,4.0,EdTech,MEDIUM
System crash during Login,System crash during Login. This issue is affecting multiple stakeholders and requires immediate attention.,11,0,0.35,1.2,AI Platform,HIGH
Enhance internal documentation,Enhance internal documentation. This is a minor improvement with low business impact.,20,3,0.0,1.1,Healthcare,LOW
Upgrade billing process in Budget Planning,Upgrade billing process in Budget Planning. This enhancement supports ongoing optimization efforts.,-1,0,0.09,1.7,Healthcare,MEDIUM
Immediate rollback required for Data Pipeline,Immediate rollback required for Data Pipeline. This task is blocking critical business operations.,7,8,0.71,7.0,EdTech,HIGH
Upgrade billing process in Expense Audit,Upgrade billing process in Expense Audit. Important for improving overall system quality.,31,0,0.21,2.0,EdTech,MEDIUM
System crash during Profile,System crash during Profile. This issue is affecting multiple stakeholders and requires immediate attention.,-1,11,0.82,8.0,E-commerce,HIGH
Fix minor typo in documentation,Fix minor typo in documentation. No immediate operational risk involved.,-1,3,0.04,1.5,Fintech,LOW
Implement new feature for Login,Implement new feature for Login. Important for improving overall system quality.,15,5,0.33,2.0,SaaS,MEDIUM
Upgrade billing process in Expense Audit,Upgrade billing process in Expense Audit. This task will improve operational efficiency.,-1,0,0.24,0.1,E-commerce,MEDIUM
Fix minor typo in documentation,Fix minor typo in documentation. This is a minor improvement with low business impact.,19,2,0.08,1.3,Healthcare,LOW
Client escalation regarding Search,Client escalation regarding Search. This task is blocking critical business operations.,14,0,0.56,7.2,SaaS,HIGH
Improve formatting in Mobile App,Improve formatting in Mobile App. Can be addressed during routine maintenance.,59,0,0.12,0.8,SaaS,LOW
Upgrade billing process in Budget Planning,Upgrade billing process in Budget Planning. This task will improve operational efficiency.,11,13,0.46,0.5,EdTech,MEDIUM
Automate campaign tracking for Referral Program,Automate campaign tracking for Referral Program. Important for improving overall system quality.,-1,9,0.49,3.3,Healthcare,MEDIUM
Fix minor typo in documentation,Fix minor typo in documentation. No immediate operational risk involved.,-1,0,0.05,0.6,Healthcare,LOW
Upgrade billing process in Expense Audit,Upgrade billing process in Expense Audit. Important for improving overall system quality.,-1,0,0.28,3.3,Healthcare,MEDIUM
Fix minor typo in documentation,Fix minor typo in documentation. Can be addressed during routine maintenance.,37,1,0.17,0.5,Fintech,LOW
Organize file structure,Organize file structure. Can be addressed during routine maintenance.,62,0,0.11,1.6,SaaS,LOW
Update design theme slightly,Update design theme slightly. This is a minor improvement with low business impact.,-1,4,0.08,0.4,Healthcare,LOW
Automate campaign tracking for Email Automation,Automate campaign tracking for Email Automation. This enhancement supports ongoing optimization efforts.,12,14,0.12,1.3,E-commerce,MEDIUM
Improve analytics reporting for Checkout,Improve analytics reporting for Checkout. This task will improve operational efficiency.,19,8,0.23,3.4,Healthcare,MEDIUM
Enhance performance of Auth Service,Enhance performance of Auth Service. This enhancement supports ongoing optimization efforts.,17,5,0.26,0.4,SaaS,MEDIUM
Improve analytics reporting for Checkout,Improve analytics reporting for Checkout. This task will improve operational efficiency.,19,0,0.44,1.5,Fintech,MEDIUM
Upgrade billing process in Budget Planning,Upgrade billing process in Budget Planning. Important for improving overall system quality.,39,7,0.45,2.0,SaaS,MEDIUM
Improve analytics reporting for Search,Improve analytics reporting for Search. This enhancement supports ongoing optimization efforts.,7,1,0.48,0.0,Fintech,MEDIUM
Automate campaign tracking for Q4 Launch,Automate campaign tracking for Q4 Launch. This enhancement supports ongoing optimization efforts.,13,0,0.15,2.9,AI Platform,MEDIUM
Integrate new API into Reporting Service,Integrate new API into Reporting Service. This enhancement supports ongoing optimization efforts.,19,2,0.17,3.2,SaaS,MEDIUM
Improve formatting in Data Pipeline,Improve formatting in Data Pipeline. Can be addressed during routine maintenance.,10,0,0.15,1.8,Fintech,LOW
Immediate rollback required for Auth Service,Immediate rollback required for Auth Service. This task is blocking critical business operations.,21,9,0.47,7.2,Healthcare,HIGH
Update design theme slightly,Update design theme slightly. This is a minor improvement with low business impact.,27,6,0.17,0.4,Fintech,LOW
Upgrade billing process in Invoice Processing,Upgrade billing process in Invoice Processing. Important for improving overall system quality.,22,10,0.31,1.9,Fintech,MEDIUM
Critical issue in Frontend App,Critical issue in Frontend App. This task is blocking critical business operations.,8,1,0.33,1.8,Healthcare,HIGH
Improve onboarding process for Payroll Review,Improve onboarding process for Payroll Review. This enhancement supports ongoing optimization efforts.,29,7,0.31,2.0,E-commerce,MEDIUM
Enhance internal documentation,Enhance internal documentation. Can be addressed during routine maintenance.,18,0,0.13,0.4,E-commerce,LOW
Minor UI alignment fix,Minor UI alignment fix. This is a minor improvement with low business impact.,31,2,0.03,0.7,SaaS,LOW
Security breach detected in Frontend App,Security breach detected in Frontend App. This task is blocking critical business operations.,-1,0,0.85,7.7,Healthcare,HIGH
Client escalation regarding Search,Client escalation regarding Search. Failure to resolve may result in financial or reputational damage.,11,9,0.45,7.4,Fintech,HIGH
Compliance violation in Sales,Compliance violation in Sales. Failure to resolve may result in financial or reputational damage.,6,10,0.54,7.2,Healthcare,HIGH
Production outage affecting Reporting Service,Production outage affecting Reporting Service. Failure to resolve may result in financial or reputational damage.,19,12,0.71,3.2,Fintech,HIGH
Integrate new API into Notification Service,Integrate new API into Notification Service. This enhancement supports ongoing optimization efforts.,16,2,0.14,3.9,Healthcare,MEDIUM
Security breach detected in Backend API,Security breach detected in Backend API. Failure to resolve may result in financial or reputational damage.,3,6,0.36,6.0,Healthcare,HIGH
System crash during Profile,System crash during Profile. Failure to resolve may result in financial or reputational damage.,5,11,0.54,3.9,AI Platform,HIGH
Update design theme slightly,Update design theme slightly. This is a minor improvement with low business impact.,46,4,0.05,1.3,SaaS,LOW
Refactor codebase in Mobile App,Refactor codebase in Mobile App. This task will improve operational efficiency.,17,0,0.2,1.6,EdTech,MEDIUM
Compliance violation in Operations,Compliance violation in Operations. This issue is affecting multiple stakeholders and requires immediate attention.,13,3,0.67,5.9,Fintech,HIGH
Organize file structure,Organize file structure. Can be addressed during routine maintenance.,17,3,0.2,0.3,Fintech,LOW
Compliance violation in Marketing,Compliance violation in Marketing. Failure to resolve may result in financial or reputational damage.,16,10,0.87,6.7,Healthcare,HIGH
Update design theme slightly,Update design theme slightly. This is a minor improvement with low business impact.,59,0,0.09,0.7,EdTech,LOW
Refactor codebase in Auth Service,Refactor codebase in Auth Service. Important for improving overall system quality.,23,1,0.21,1.7,SaaS,MEDIUM
Audit failure in Finance,Audit failure in Finance. Failure to resolve may result in financial or reputational damage.,2,10,0.4,6.1,AI Platform,HIGH
Enhance internal documentation,Enhance internal documentation. This is a minor improvement with low business impact.,46,0,0.1,0.4,AI Platform,LOW
Enhance performance of Auth Service,Enhance performance of Auth Service. This enhancement supports ongoing optimization efforts.,27,8,0.18,0.6,E-commerce,MEDIUM
Security breach detected in Frontend App,Security breach detected in Frontend App. This task is blocking critical business operations.,10,14,0.83,2.5,AI Platform,HIGH
Improve analytics reporting for Profile,Improve analytics reporting for Profile. Important for improving overall system quality.,-1,10,0.38,2.1,E-commerce,MEDIUM
Implement new feature for Analytics,Implement new feature for Analytics. This enhancement supports ongoing optimization efforts.,13,7,0.47,1.2,Fintech,MEDIUM
System crash during Dashboard,System crash during Dashboard. Failure to resolve may result in financial or reputational damage.,17,9,0.35,5.0,EdTech,HIGH
Update design theme slightly,Update design theme slightly. Can be addressed during routine maintenance.,39,3,0.18,1.3,Fintech,LOW
Refactor codebase in Mobile App,Refactor codebase in Mobile App. This enhancement supports ongoing optimization efforts.,-1,6,0.49,3.9,AI Platform,MEDIUM
Refactor codebase in Database,Refactor codebase in Database. This task will improve operational efficiency.,26,5,0.36,0.7,EdTech,MEDIUM
Improve formatting in Data Pipeline,Improve formatting in Data Pipeline. No immediate operational risk involved.,54,2,0.01,1.3,Healthcare,LOW
Organize file structure,Organize file structure. This is a minor improvement with low business impact.,-1,3,0.1,1.5,E-commerce,LOW
Enhance UI for Settings,Enhance UI for Settings. This enhancement supports ongoing optimization efforts.,18,0,0.01,1.9,Fintech,MEDIUM
Cleanup unused resources,Cleanup unused resources. This is a minor improvement with low business impact.,-1,0,0.05,0.2,AI Platform,LOW
Improve comments in codebase,Improve comments in codebase. This is a minor improvement with low business impact.,26,0,0.16,1.2,Fintech,LOW
Automate campaign tracking for Black Friday Campaign,Automate campaign tracking for Black Friday Campaign. This task will improve operational efficiency.,4,0,0.14,4.0,Fintech,MEDIUM
Implement new feature for Login,Implement new feature for Login. This task will improve operational efficiency.,27,2,0.24,3.1,AI Platform,MEDIUM
Refactor codebase in Data Pipeline,Refactor codebase in Data Pipeline. This task will improve operational efficiency.,38,7,0.44,2.1,EdTech,MEDIUM
Payment failure reported by Premium Customer,Payment failure reported by Premium Customer. This issue is affecting multiple stakeholders and requires immediate attention.,1,5,0.37,6.7,AI Platform,HIGH
Improve formatting in Mobile App,Improve formatting in Mobile App. No immediate operational risk involved.,21,0,0.12,1.5,Fintech,LOW
System crash during Settings,System crash during Settings. Failure to resolve may result in financial or reputational damage.,-1,1,0.33,5.1,Healthcare,HIGH
Update design theme slightly,Update design theme slightly. No immediate operational risk involved.,36,2,0.09,1.0,EdTech,LOW
Audit failure in HR,Audit failure in HR. This task is blocking critical business operations.,7,5,0.38,2.8,AI Platform,HIGH
Audit failure in Operations,Audit failure in Operations. This task is blocking critical business operations.,8,11,0.57,5.8,EdTech,HIGH
Improve analytics reporting for Analytics,Improve analytics reporting for Analytics. This task will improve operational efficiency.,14,11,0.42,1.3,EdTech,MEDIUM
Compliance violation in Marketing,Compliance violation in Marketing. This task is blocking critical business operations.,-1,0,0.83,4.6,Healthcare,HIGH
Fix minor typo in documentation,Fix minor typo in documentation. This is a minor improvement with low business impact.,75,7,0.15,1.5,Healthcare,LOW
Enhance internal documentation,Enhance internal documentation. This is a minor improvement with low business impact.,40,0,0.05,0.9,Healthcare,LOW
Fix minor typo in documentation,Fix minor typo in documentation. Can be addressed during routine maintenance.,-1,1,0.13,1.8,AI Platform,LOW
Minor UI alignment fix,Minor UI alignment fix. Can be addressed during routine maintenance.,54,2,0.08,1.3,EdTech,LOW
Client escalation regarding Checkout,Client escalation regarding Checkout. This task is blocking critical business operations.,12,0,0.62,4.1,Fintech,HIGH
Implement new feature for Analytics,Implement new feature for Analytics. This enhancement supports ongoing optimization efforts.,-1,8,0.12,2.0,Healthcare,MEDIUM
Critical issue in Backend API,Critical issue in Backend API. Failure to resolve may result in financial or reputational damage.,8,10,0.59,9.4,AI Platform,HIGH
System crash during Profile,System crash during Profile. This issue is affecting multiple stakeholders and requires immediate attention.,4,4,0.45,1.3,Healthcare,HIGH
Integrate new API into User Service,Integrate new API into User Service. This enhancement supports ongoing optimization efforts.,4,0,0.06,2.2,EdTech,MEDIUM
Cleanup unused resources,Cleanup unused resources. This is a minor improvement with low business impact.,55,5,0.19,1.8,AI Platform,LOW
Refactor codebase in Frontend App,Refactor codebase in Frontend App. Important for improving overall system quality.,27,6,0.39,1.6,E-commerce,MEDIUM
Refactor codebase in Backend API,Refactor codebase in Backend API. Important for improving overall system quality.,10,10,0.11,3.8,SaaS,MEDIUM
Security breach detected in Payment Gateway,Security breach detected in Payment Gateway. This task is blocking critical business operations.,4,9,0.7,3.1,E-commerce,HIGH
Critical issue in Database,Critical issue in Database. Failure to resolve may result in financial or reputational damage.,2,0,0.52,7.6,AI Platform,HIGH
Upgrade billing process in Expense Audit,Upgrade billing process in Expense Audit. This enhancement supports ongoing optimization efforts.,11,6,0.27,3.1,Fintech,MEDIUM
Compliance violation in Sales,Compliance violation in Sales. This task is blocking critical business operations.,-1,15,0.51,8.6,Healthcare,HIGH
Critical issue in Payment Gateway,Critical issue in Payment Gateway. Failure to resolve may result in financial or reputational damage.,-1,3,0.87,1.6,Healthcare,HIGH
Upgrade billing process in Invoice Processing,Upgrade billing process in Invoice Processing. Important for improving overall system quality.,14,0,0.29,1.2,Fintech,MEDIUM
Cleanup unused resources,Cleanup unused resources. No immediate operational risk involved.,-1,0,0.02,0.9,AI Platform,LOW
Payment failure reported by Enterprise Client,Payment failure reported by Enterprise Client. This issue is affecting multiple stakeholders and requires immediate attention.,20,9,0.85,6.2,AI Platform,HIGH
Optimize workflow in Sales,Optimize workflow in Sales. This enhancement supports ongoing optimization efforts.,27,9,0.29,3.0,Fintech,MEDIUM
Fix minor typo in documentation,Fix minor typo in documentation. Can be addressed during routine maintenance.,-1,0,0.05,0.8,SaaS,LOW
Implement new feature for Settings,Implement new feature for Settings. This enhancement supports ongoing optimization efforts.,-1,5,0.26,1.4,EdTech,MEDIUM
Improve onboarding process for Recruitment Drive,Improve onboarding process for Recruitment Drive. This enhancement supports ongoing optimization efforts.,13,0,0.24,1.0,Healthcare,MEDIUM
Organize file structure,Organize file structure. Can be addressed during routine maintenance.,47,0,0.06,1.8,E-commerce,LOW
Automate campaign tracking for Referral Program,Automate campaign tracking for Referral Program. Important for improving overall system quality.,7,2,0.32,3.3,Fintech,MEDIUM
Compliance violation in Finance,Compliance violation in Finance. Failure to resolve may result in financial or reputational damage.,15,14,0.66,4.5,AI Platform,HIGH
System crash during Settings,System crash during Settings. Failure to resolve may result in financial or reputational damage.,22,0,0.85,1.6,AI Platform,HIGH
Optimize workflow in HR,Optimize workflow in HR. This task will improve operational efficiency.,34,0,0.22,2.7,Healthcare,MEDIUM
Compliance violation in Finance,Compliance violation in Finance. This issue is affecting multiple stakeholders and requires immediate attention.,4,5,0.71,5.8,EdTech,HIGH
Improve comments in codebase,Improve comments in codebase. Can be addressed during routine maintenance.,-1,5,0.05,1.5,EdTech,LOW
Refactor variable naming in Payment Gateway,Refactor variable naming in Payment Gateway. This is a minor improvement with low business impact.,23,2,0.13,0.3,EdTech,LOW
Security breach detected in Database,Security breach detected in Database. This issue is affecting multiple stakeholders and requires immediate attention.,-1,13,0.2,1.2,Healthcare,HIGH
Minor UI alignment fix,Minor UI alignment fix. Can be addressed during routine maintenance.,45,2,0.19,1.0,EdTech,LOW
Improve formatting in Frontend App,Improve formatting in Frontend App. This is a minor improvement with low business impact.,39,0,0.12,0.5,E-commerce,LOW
Client escalation regarding Login,Client escalation regarding Login. This task is blocking critical business operations.,22,10,0.7,4.6,EdTech,HIGH
Enhance UI for Settings,Enhance UI for Settings. This task will improve operational efficiency.,11,8,0.34,4.0,AI Platform,MEDIUM
Immediate rollback required for Mobile App,Immediate rollback required for Mobile App. This task is blocking critical business operations.,2,8,0.5,7.6,EdTech,HIGH
Refactor variable naming in Frontend App,Refactor variable naming in Frontend App. No immediate operational risk involved.,52,3,0.14,1.2,Fintech,LOW
Improve analytics reporting for Settings,Improve analytics reporting for Settings. Important for improving overall system quality.,18,11,0.46,1.9,Fintech,MEDIUM
Audit failure in HR,Audit failure in HR. This task is blocking critical business operations.,9,3,0.81,1.7,SaaS,HIGH
Organize file structure,Organize file structure. Can be addressed during routine maintenance.,48,2,0.06,0.9,Fintech,LOW
Improve comments in codebase,Improve comments in codebase. Can be addressed during routine maintenance.,71,4,0.19,1.4,Fintech,LOW
Enhance performance of Frontend App,Enhance performance of Frontend App. This task will improve operational efficiency.,24,0,0.49,2.7,EdTech,MEDIUM
Improve comments in codebase,Improve comments in codebase. No immediate operational risk involved.,26,5,0.09,0.9,Fintech,LOW
Revenue-impacting defect in Search,Revenue-impacting defect in Search. Failure to resolve may result in financial or reputational damage.,5,17,0.77,3.8,AI Platform,HIGH
Enhance performance of Payment Gateway,Enhance performance of Payment Gateway. This enhancement supports ongoing optimization efforts.,22,0,0.27,3.6,AI Platform,MEDIUM
Integrate new API into Reporting Service,Integrate new API into Reporting Service. This task will improve operational efficiency.,32,4,0.13,1.7,AI Platform,MEDIUM
Organize file structure,Organize file structure. This is a minor improvement with low business impact.,2,2,0.04,1.5,Fintech,LOW
Optimize workflow in Marketing,Optimize workflow in Marketing. Important for improving overall system quality.,15,7,0.36,3.7,Healthcare,MEDIUM
Improve comments in codebase,Improve comments in codebase. This is a minor improvement with low business impact.,55,3,0.18,0.5,EdTech,LOW
Improve formatting in Frontend App,Improve formatting in Frontend App. This is a minor improvement with low business impact.,15,0,0.01,1.0,Fintech,LOW
Immediate rollback required for Mobile App,Immediate rollback required for Mobile App. Failure to resolve may result in financial or reputational damage.,7,0,0.62,4.2,AI Platform,HIGH
Enhance performance of Auth Service,Enhance performance of Auth Service. This task will improve operational efficiency.,12,3,0.04,1.6,E-commerce,MEDIUM
Organize file structure,Organize file structure. Can be addressed during routine maintenance.,31,4,0.14,1.4,Healthcare,LOW
Improve analytics reporting for Dashboard,Improve analytics reporting for Dashboard. This task will improve operational efficiency.,11,10,0.24,0.0,EdTech,MEDIUM
Enhance UI for Login,Enhance UI for Login. Important for improving overall system quality.,-1,2,0.41,3.1,EdTech,MEDIUM
System crash during Login,System crash during Login. This task is blocking critical business operations.,11,11,0.42,6.4,E-commerce,HIGH
Minor UI alignment fix,Minor UI alignment fix. No immediate operational risk involved.,28,1,0.01,0.9,EdTech,LOW
Update dependency versions,Update dependency versions. Can be addressed during routine maintenance.,73,0,0.1,0.8,SaaS,LOW
Immediate rollback required for Data Pipeline,Immediate rollback required for Data Pipeline. Failure to resolve may result in financial or reputational damage.,19,14,0.63,4.2,SaaS,HIGH
Organize file structure,Organize file structure. No immediate operational risk involved.,50,4,0.18,0.1,E-commerce,LOW
Fix minor typo in documentation,Fix minor typo in documentation. This is a minor improvement with low business impact.,41,0,0.06,1.6,Healthcare,LOW
Immediate rollback required for Mobile App,Immediate rollback required for Mobile App. This task is blocking critical business operations.,15,4,0.84,4.3,AI Platform,HIGH
Critical issue in Mobile App,Critical issue in Mobile App. Failure to resolve may result in financial or reputational damage.,6,14,0.65,4.6,E-commerce,HIGH
Automate campaign tracking for Email Automation,Automate campaign tracking for Email Automation. This task will improve operational efficiency.,28,7,0.24,0.6,EdTech,MEDIUM
Immediate rollback required for Backend API,Immediate rollback required for Backend API. Failure to resolve may result in financial or reputational damage.,-1,10,0.47,9.9,AI Platform,HIGH
Update dependency versions,Update dependency versions. This is a minor improvement with low business impact.,27,0,0.1,0.9,EdTech,LOW
Enhance internal documentation,Enhance internal documentation. Can be addressed during routine maintenance.,-1,0,0.13,1.1,AI Platform,LOW
Payment failure reported by Enterprise Client,Payment failure reported by Enterprise Client. This task is blocking critical business operations.,-1,0,0.72,5.1,AI Platform,HIGH
System crash during Search,System crash during Search. This task is blocking critical business operations.,13,16,0.24,8.7,EdTech,HIGH
Payment failure reported by Government Client,Payment failure reported by Government Client. This task is blocking critical business operations.,11,14,0.71,9.2,Fintech,HIGH
Optimize workflow in Support,Optimize workflow in Support. This task will improve operational efficiency.,17,4,0.38,2.0,SaaS,MEDIUM
Improve analytics reporting for Checkout,Improve analytics reporting for Checkout. This enhancement supports ongoing optimization efforts.,22,10,0.43,0.4,EdTech,MEDIUM
Security breach detected in Auth Service,Security breach detected in Auth Service. Failure to resolve may result in financial or reputational damage.,-1,9,0.69,5.5,AI Platform,HIGH
Improve analytics reporting for Dashboard,Improve analytics reporting for Dashboard. This enhancement supports ongoing optimization efforts.,25,2,0.34,2.0,Fintech,MEDIUM
Improve comments in codebase,Improve comments in codebase. No immediate operational risk involved.,-1,1,0.14,1.4,Fintech,LOW
Enhance performance of Frontend App,Enhance performance of Frontend App. This task will improve operational efficiency.,27,4,0.23,0.6,Healthcare,MEDIUM
Enhance performance of Auth Service,Enhance performance of Auth Service. This enhancement supports ongoing optimization efforts.,9,0,0.45,1.2,Fintech,MEDIUM
Payment failure reported by Enterprise Client,Payment failure reported by Enterprise Client. This task is blocking critical business operations.,7,13,0.89,1.6,SaaS,HIGH
Automate campaign tracking for Q4 Launch,Automate campaign tracking for Q4 Launch. Important for improving overall system quality.,13,2,0.06,2.9,E-commerce,MEDIUM
Production outage affecting User Service,Production outage affecting User Service. Failure to resolve may result in financial or reputational damage.,5,0,0.64,3.6,E-commerce,HIGH
Refactor variable naming in Mobile App,Refactor variable naming in Mobile App. Can be addressed during routine maintenance.,26,8,0.09,1.7,SaaS,LOW
Critical issue in Auth Service,Critical issue in Auth Service. This task is blocking critical business operations.,5,10,0.57,4.1,EdTech,HIGH
Automate campaign tracking for Q4 Launch,Automate campaign tracking for Q4 Launch. Important for improving overall system quality.,-1,3,0.21,1.8,Healthcare,MEDIUM
Audit failure in Marketing,Audit failure in Marketing. This issue is affecting multiple stakeholders and requires immediate attention.,15,0,0.9,7.8,Fintech,HIGH
Cleanup unused resources,Cleanup unused resources. Can be addressed during routine maintenance.,71,0,0.14,1.7,EdTech,LOW
Security breach detected in Database,Security breach detected in Database. Failure to resolve may result in financial or reputational damage.,11,8,0.55,4.1,SaaS,HIGH
Security breach detected in Mobile App,Security breach detected in Mobile App. Failure to resolve may result in financial or reputational damage.,22,0,0.52,6.3,AI Platform,HIGH
Client escalation regarding Profile,Client escalation regarding Profile. Failure to resolve may result in financial or reputational damage.,4,0,0.79,4.2,AI Platform,HIGH
Improve comments in codebase,Improve comments in codebase. Can be addressed during routine maintenance.,40,4,0.02,0.5,EdTech,LOW
Audit failure in Operations,Audit failure in Operations. Failure to resolve may result in financial or reputational damage.,9,11,0.44,5.0,Fintech,HIGH
Improve analytics reporting for Settings,Improve analytics reporting for Settings. Important for improving overall system quality.,-1,6,0.29,3.5,E-commerce,MEDIUM
Security breach detected in Database,Security breach detected in Database. This task is blocking critical business operations.,-1,15,0.71,4.3,Healthcare,HIGH
Improve analytics reporting for Analytics,Improve analytics reporting for Analytics. This enhancement supports ongoing optimization efforts.,25,12,0.49,1.8,AI Platform,MEDIUM
Revenue-impacting defect in Checkout,Revenue-impacting defect in Checkout. This issue is affecting multiple stakeholders and requires immediate attention.,5,0,0.25,9.7,AI Platform,HIGH
Client escalation regarding Login,Client escalation regarding Login. This task is blocking critical business operations.,10,19,0.28,7.3,Healthcare,HIGH
Automate campaign tracking for Q4 Launch,Automate campaign tracking for Q4 Launch. Important for improving overall system quality.,4,0,0.32,0.1,SaaS,MEDIUM
Cleanup unused resources,Cleanup unused resources. No immediate operational risk involved.,37,5,0.19,0.8,AI Platform,LOW
Minor UI alignment fix,Minor UI alignment fix. No immediate operational risk involved.,29,0,0.05,1.0,SaaS,LOW
Improve analytics reporting for Dashboard,Improve analytics reporting for Dashboard. This enhancement supports ongoing optimization efforts.,21,0,0.26,1.9,EdTech,MEDIUM
Upgrade billing process in Expense Audit,Upgrade billing process in Expense Audit. This enhancement supports ongoing optimization efforts.,15,6,0.2,3.9,E-commerce,MEDIUM
Enhance internal documentation,Enhance internal documentation. This is a minor improvement with low business impact.,37,5,0.19,0.7,SaaS,LOW
System crash during Dashboard,System crash during Dashboard. Failure to resolve may result in financial or reputational damage.,0,0,0.61,4.6,EdTech,HIGH
Enhance UI for Checkout,Enhance UI for Checkout. This task will improve operational efficiency.,7,10,0.44,1.5,EdTech,MEDIUM
Refactor variable naming in Auth Service,Refactor variable naming in Auth Service. This is a minor improvement with low business impact.,21,0,0.11,0.4,SaaS,LOW
Enhance performance of Auth Service,Enhance performance of Auth Service. This task will improve operational efficiency.,20,4,0.13,3.5,SaaS,MEDIUM
Audit failure in Support,Audit failure in Support. Failure to resolve may result in financial or reputational damage.,5,11,0.39,6.2,Fintech,HIGH
Critical issue in Backend API,Critical issue in Backend API. This task is blocking critical business operations.,16,9,0.38,8.6,SaaS,HIGH
Implement new feature for Profile,Implement new feature for Profile. Important for improving overall system quality.,-1,10,0.22,2.0,AI Platform,MEDIUM
Immediate rollback required for Mobile App,Immediate rollback required for Mobile App. This issue is affecting multiple stakeholders and requires immediate attention.,16,0,0.43,3.0,Fintech,HIGH
Improve comments in codebase,Improve comments in codebase. This is a minor improvement with low business impact.,56,3,0.18,1.2,E-commerce,LOW
Audit failure in Finance,Audit failure in Finance. Failure to resolve may result in financial or reputational damage.,17,12,0.74,4.9,Healthcare,HIGH
Client escalation regarding Login,Client escalation regarding Login. This issue is affecting multiple stakeholders and requires immediate attention.,13,0,0.88,7.7,AI Platform,HIGH
Improve analytics reporting for Dashboard,Improve analytics reporting for Dashboard. This task will improve operational efficiency.,19,12,0.47,2.8,Healthcare,MEDIUM
Update dependency versions,Update dependency versions. Can be addressed during routine maintenance.,32,0,0.17,0.4,Fintech,LOW
Enhance internal documentation,Enhance internal documentation. No immediate operational risk involved.,65,1,0.16,0.3,Healthcare,LOW
Optimize workflow in Marketing,Optimize workflow in Marketing. Important for improving overall system quality.,19,0,0.02,0.6,Fintech,MEDIUM
Update dependency versions,Update dependency versions. This is a minor improvement with low business impact.,58,2,0.08,1.2,Healthcare,LOW
Improve comments in codebase,Improve comments in codebase. Can be addressed during routine maintenance.,-1,4,0.16,1.1,EdTech,LOW
Enhance performance of Data Pipeline,Enhance performance of Data Pipeline. Important for improving overall system quality.,8,5,0.42,1.7,EdTech,MEDIUM
Production outage affecting Notification Service,Production outage affecting Notification Service. Failure to resolve may result in financial or reputational damage.,8,13,0.46,7.8,E-commerce,HIGH
Improve comments in codebase,Improve comments in codebase. Can be addressed during routine maintenance.,-1,4,0.08,1.2,Healthcare,LOW
Optimize workflow in Sales,Optimize workflow in Sales. Important for improving overall system quality.,13,8,0.1,1.8,E-commerce,MEDIUM
Enhance performance of Payment Gateway,Enhance performance of Payment Gateway. This task will improve operational efficiency.,24,5,0.08,3.7,E-commerce,MEDIUM
Automate campaign tracking for Black Friday Campaign,Automate campaign tracking for Black Friday Campaign. This task will improve operational efficiency.,14,6,0.2,3.3,Healthcare,MEDIUM
Production outage affecting Inventory Service,Production outage affecting Inventory Service. This issue is affecting multiple stakeholders and requires immediate attention.,27,0,0.29,1.8,Fintech,HIGH
Enhance UI for Settings,Enhance UI for Settings. This enhancement supports ongoing optimization efforts.,31,10,0.19,2.0,Healthcare,MEDIUM
Compliance violation in Operations,Compliance violation in Operations. This issue is affecting multiple stakeholders and requires immediate attention.,-1,11,0.71,3.9,AI Platform,HIGH
Cleanup unused resources,Cleanup unused resources. No immediate operational risk involved.,51,3,0.1,1.0,EdTech,LOW
Refactor codebase in Mobile App,Refactor codebase in Mobile App. This task will improve operational efficiency.,13,6,0.36,2.4,Fintech,MEDIUM
Audit failure in Sales,Audit failure in Sales. Failure to resolve may result in financial or reputational damage.,6,0,0.29,1.3,EdTech,HIGH
Payment failure reported by Startup Client,Payment failure reported by Startup Client. This task is blocking critical business operations.,21,5,0.28,1.8,AI Platform,HIGH
Automate campaign tracking for Black Friday Campaign,Automate campaign tracking for Black Friday Campaign. Important for improving overall system quality.,33,11,0.15,3.7,SaaS,MEDIUM
Update design theme slightly,Update design theme slightly. Can be addressed during routine maintenance.,37,0,0.06,0.3,Healthcare,LOW
System crash during Profile,System crash during Profile. This issue is affecting multiple stakeholders and requires immediate attention.,22,8,0.69,8.3,E-commerce,HIGH
Organize file structure,Organize file structure. This is a minor improvement with low business impact.,78,4,0.09,1.4,Fintech,LOW
Improve formatting in Auth Service,Improve formatting in Auth Service. Can be addressed during routine maintenance.,43,0,0.19,1.6,EdTech,LOW
Update dependency versions,Update dependency versions. No immediate operational risk involved.,55,2,0.01,1.5,Fintech,LOW
Update dependency versions,Update dependency versions. No immediate operational risk involved.,26,2,0.09,1.1,Healthcare,LOW
Security breach detected in Data Pipeline,Security breach detected in Data Pipeline. Failure to resolve may result in financial or reputational damage.,11,0,0.71,8.3,AI Platform,HIGH
Fix minor typo in documentation,Fix minor typo in documentation. Can be addressed during routine maintenance.,47,0,0.01,1.4,Fintech,LOW
Improve onboarding process for Recruitment Drive,Improve onboarding process for Recruitment Drive. This task will improve operational efficiency.,21,10,0.07,1.6,AI Platform,MEDIUM
Optimize workflow in Marketing,Optimize workflow in Marketing. Important for improving overall system quality.,31,7,0.27,2.1,SaaS,MEDIUM
Update dependency versions,Update dependency versions. This is a minor improvement with low business impact.,34,3,0.19,0.9,EdTech,LOW
Update dependency versions,Update dependency versions. No immediate operational risk involved.,45,2,0.05,0.9,SaaS,LOW
Enhance UI for Checkout,Enhance UI for Checkout. This task will improve operational efficiency.,-1,8,0.43,1.5,EdTech,MEDIUM
Enhance performance of Mobile App,Enhance performance of Mobile App. This task will improve operational efficiency.,14,3,0.1,2.1,Healthcare,MEDIUM
Enhance performance of Database,Enhance performance of Database. This task will improve operational efficiency.,13,3,0.03,3.2,Fintech,MEDIUM
Improve onboarding process for Employee Onboarding,Improve onboarding process for Employee Onboarding. Important for improving overall system quality.,-1,0,0.14,2.2,AI Platform,MEDIUM
System crash during Checkout,System crash during Checkout. This task is blocking critical business operations.,13,0,0.45,1.6,Healthcare,HIGH
Production outage affecting Notification Service,Production outage affecting Notification Service. Failure to resolve may result in financial or reputational damage.,9,9,0.27,9.3,E-commerce,HIGH
Enhance UI for Profile,Enhance UI for Profile. Important for improving overall system quality.,40,3,0.08,0.9,EdTech,MEDIUM
Security breach detected in Backend API,Security breach detected in Backend API. This issue is affecting multiple stakeholders and requires immediate attention.,9,9,0.59,1.7,EdTech,HIGH
Implement new feature for Settings,Implement new feature for Settings. This task will improve operational efficiency.,30,13,0.28,0.8,SaaS,MEDIUM
Improve onboarding process for Payroll Review,Improve onboarding process for Payroll Review. This enhancement supports ongoing optimization efforts.,22,8,0.33,2.7,EdTech,MEDIUM
Enhance performance of Auth Service,Enhance performance of Auth Service. This enhancement supports ongoing optimization efforts.,17,0,0.43,0.2,Healthcare,MEDIUM
Payment failure reported by Enterprise Client,Payment failure reported by Enterprise Client. Failure to resolve may result in financial or reputational damage.,11,0,0.26,1.4,Fintech,HIGH
Update dependency versions,Update dependency versions. Can be addressed during routine maintenance.,-1,0,0.0,1.3,AI Platform,LOW
Enhance UI for Login,Enhance UI for Login. This task will improve operational efficiency.,-1,3,0.4,1.3,EdTech,MEDIUM
Improve analytics reporting for Settings,Improve analytics reporting for Settings. This enhancement supports ongoing optimization efforts.,21,0,0.22,2.9,EdTech,MEDIUM
Upgrade billing process in Invoice Processing,Upgrade billing process in Invoice Processing. This task will improve operational efficiency.,19,0,0.33,0.8,Fintech,MEDIUM
Critical issue in Auth Service,Critical issue in Auth Service. This task is blocking critical business operations.,17,8,0.69,5.2,SaaS,HIGH
Refactor codebase in Frontend App,Refactor codebase in Frontend App. Important for improving overall system quality.,34,5,0.43,3.0,EdTech,MEDIUM
Minor UI alignment fix,Minor UI alignment fix. Can be addressed during routine maintenance.,36,6,0.07,1.1,AI Platform,LOW
System crash during Login,System crash during Login. Failure to resolve may result in financial or reputational damage.,13,4,0.85,2.2,E-commerce,HIGH
System crash during Settings,System crash during Settings. This issue is affecting multiple stakeholders and requires immediate attention.,5,9,0.78,4.7,E-commerce,HIGH
System crash during Login,System crash during Login. This task is blocking critical business operations.,16,6,0.56,1.5,Healthcare,HIGH
Revenue-impacting defect in Dashboard,Revenue-impacting defect in Dashboard. This issue is affecting multiple stakeholders and requires immediate attention.,18,0,0.8,6.8,Healthcare,HIGH
Fix minor typo in documentation,Fix minor typo in documentation. This is a minor improvement with low business impact.,35,3,0.14,0.7,SaaS,LOW
Critical issue in Data Pipeline,Critical issue in Data Pipeline. Failure to resolve may result in financial or reputational damage.,-1,0,0.26,6.8,Healthcare,HIGH
Refactor variable naming in Backend API,Refactor variable naming in Backend API. This is a minor improvement with low business impact.,46,0,0.17,2.0,E-commerce,LOW
Improve analytics reporting for Checkout,Improve analytics reporting for Checkout. This task will improve operational efficiency.,7,0,0.05,2.9,Healthcare,MEDIUM
Refactor variable naming in Auth Service,Refactor variable naming in Auth Service. No immediate operational risk involved.,56,2,0.14,1.3,SaaS,LOW
Compliance violation in Marketing,Compliance violation in Marketing. This task is blocking critical business operations.,-1,0,0.78,9.3,EdTech,HIGH
Improve formatting in Auth Service,Improve formatting in Auth Service. This is a minor improvement with low business impact.,42,4,0.13,1.8,Fintech,LOW
Integrate new API into User Service,Integrate new API into User Service. This enhancement supports ongoing optimization efforts.,19,11,0.08,3.0,EdTech,MEDIUM
Update design theme slightly,Update design theme slightly. No immediate operational risk involved.,52,3,0.12,2.0,E-commerce,LOW
Improve onboarding process for Recruitment Drive,Improve onboarding process for Recruitment Drive. This task will improve operational efficiency.,5,4,0.06,2.8,E-commerce,MEDIUM
Refactor variable naming in Mobile App,Refactor variable naming in Mobile App. No immediate operational risk involved.,-1,5,0.14,0.2,E-commerce,LOW
Cleanup unused resources,Cleanup unused resources. Can be addressed during routine maintenance.,43,3,0.02,1.1,Fintech,LOW
Enhance UI for Profile,Enhance UI for Profile. This enhancement supports ongoing optimization efforts.,16,6,0.32,1.0,EdTech,MEDIUM
Revenue-impacting defect in Settings,Revenue-impacting defect in Settings. This task is blocking critical business operations.,8,16,0.79,7.9,E-commerce,HIGH
Payment failure reported by Premium Customer,Payment failure reported by Premium Customer. This task is blocking critical business operations.,-1,0,0.84,1.7,AI Platform,HIGH
Implement new feature for Analytics,Implement new feature for Analytics. This enhancement supports ongoing optimization efforts.,27,11,0.44,1.0,EdTech,MEDIUM
Improve analytics reporting for Search,Improve analytics reporting for Search. This enhancement supports ongoing optimization efforts.,6,4,0.11,2.9,EdTech,MEDIUM
Integrate new API into Inventory Service,Integrate new API into Inventory Service. Important for improving overall system quality.,29,6,0.48,1.5,Fintech,MEDIUM
Cleanup unused resources,Cleanup unused resources. This is a minor improvement with low business impact.,-1,0,0.03,0.6,AI Platform,LOW
Production outage affecting Reporting Service,Production outage affecting Reporting Service. This issue is affecting multiple stakeholders and requires immediate attention.,13,13,0.56,6.7,AI Platform,HIGH
Enhance internal documentation,Enhance internal documentation. This is a minor improvement with low business impact.,-1,0,0.01,0.9,Fintech,LOW
Cleanup unused resources,Cleanup unused resources. This is a minor improvement with low business impact.,66,0,0.11,1.9,Healthcare,LOW
Enhance performance of Auth Service,Enhance performance of Auth Service. Important for improving overall system quality.,28,7,0.39,2.6,EdTech,MEDIUM
Audit failure in Operations,Audit failure in Operations. This task is blocking critical business operations.,9,0,0.52,8.7,EdTech,HIGH
Improve comments in codebase,Improve comments in codebase. No immediate operational risk involved.,57,0,0.06,0.2,EdTech,LOW
Immediate rollback required for Backend API,Immediate rollback required for Backend API. Failure to resolve may result in financial or reputational damage.,26,0,0.84,2.6,AI Platform,HIGH
Improve analytics reporting for Search,Improve analytics reporting for Search. This enhancement supports ongoing optimization efforts.,-1,0,0.27,1.1,AI Platform,MEDIUM
System crash during Search,System crash during Search. Failure to resolve may result in financial or reputational damage.,7,10,0.34,2.4,SaaS,HIGH
Upgrade billing process in Invoice Processing,Upgrade billing process in Invoice Processing. This task will improve operational efficiency.,34,0,0.27,3.6,Fintech,MEDIUM
Implement new feature for Search,Implement new feature for Search. This task will improve operational efficiency.,14,11,0.01,3.4,Fintech,MEDIUM
Revenue-impacting defect in Login,Revenue-impacting defect in Login. This issue is affecting multiple stakeholders and requires immediate attention.,15,9,0.58,5.0,Fintech,HIGH
Improve comments in codebase,Improve comments in codebase. Can be addressed during routine maintenance.,47,0,0.03,1.2,E-commerce,LOW
Improve formatting in Mobile App,Improve formatting in Mobile App. No immediate operational risk involved.,24,3,0.1,0.3,SaaS,LOW
Enhance UI for Analytics,Enhance UI for Analytics. This task will improve operational efficiency.,15,0,0.06,0.8,AI Platform,MEDIUM
Implement new feature for Settings,Implement new feature for Settings. This task will improve operational efficiency.,12,9,0.5,1.2,AI Platform,MEDIUM
System crash during Search,System crash during Search. This task is blocking critical business operations.,14,5,0.6,5.7,Fintech,HIGH
Immediate rollback required for Mobile App,Immediate rollback required for Mobile App. This issue is affecting multiple stakeholders and requires immediate attention.,10,0,0.5,2.3,AI Platform,HIGH
Audit failure in Finance,Audit failure in Finance. Failure to resolve may result in financial or reputational damage.,12,3,0.5,9.9,EdTech,HIGH
Organize file structure,Organize file structure. Can be addressed during routine maintenance.,47,2,0.08,1.8,Fintech,LOW
Audit failure in HR,Audit failure in HR. Failure to resolve may result in financial or reputational damage.,23,13,0.76,6.1,EdTech,HIGH
Improve formatting in Payment Gateway,Improve formatting in Payment Gateway. No immediate operational risk involved.,39,4,0.1,0.9,Healthcare,LOW
Enhance internal documentation,Enhance internal documentation. This is a minor improvement with low business impact.,50,1,0.09,0.4,EdTech,LOW
Minor UI alignment fix,Minor UI alignment fix. Can be addressed during routine maintenance.,18,1,0.02,1.4,Healthcare,LOW
Enhance UI for Dashboard,Enhance UI for Dashboard. This task will improve operational efficiency.,-1,3,0.01,4.0,Healthcare,MEDIUM
Security breach detected in Backend API,Security breach detected in Backend API. This issue is affecting multiple stakeholders and requires immediate attention.,8,0,0.68,3.8,AI Platform,HIGH
Payment failure reported by Enterprise Client,Payment failure reported by Enterprise Client. This issue is affecting multiple stakeholders and requires immediate attention.,-1,0,0.21,7.8,AI Platform,HIGH
Enhance performance of Backend API,Enhance performance of Backend API. This enhancement supports ongoing optimization efforts.,20,0,0.09,0.1,EdTech,MEDIUM
Cleanup unused resources,Cleanup unused resources. This is a minor improvement with low business impact.,-1,2,0.14,0.2,SaaS,LOW
Enhance internal documentation,Enhance internal documentation. No immediate operational risk involved.,35,0,0.08,1.6,EdTech,LOW
Improve analytics reporting for Checkout,Improve analytics reporting for Checkout. Important for improving overall system quality.,15,8,0.09,3.4,EdTech,MEDIUM
Enhance internal documentation,Enhance internal documentation. Can be addressed during routine maintenance.,32,2,0.08,0.2,Fintech,LOW
System crash during Dashboard,System crash during Dashboard. This task is blocking critical business operations.,-1,9,0.45,1.8,E-commerce,HIGH
Implement new feature for Login,Implement new feature for Login. This task will improve operational efficiency.,11,12,0.32,1.8,EdTech,MEDIUM
Refactor variable naming in Mobile App,Refactor variable naming in Mobile App. Can be addressed during routine maintenance.,32,2,0.16,0.4,AI Platform,LOW
Improve comments in codebase,Improve comments in codebase. This is a minor improvement with low business impact.,45,0,0.1,1.3,EdTech,LOW
Revenue-impacting defect in Analytics,Revenue-impacting defect in Analytics. Failure to resolve may result in financial or reputational damage.,14,0,0.34,9.0,E-commerce,HIGH
System crash during Profile,System crash during Profile. This issue is affecting multiple stakeholders and requires immediate attention.,17,7,0.22,4.3,AI Platform,HIGH
Integrate new API into Inventory Service,Integrate new API into Inventory Service. This enhancement supports ongoing optimization efforts.,8,0,0.08,1.5,E-commerce,MEDIUM
Integrate new API into Notification Service,Integrate new API into Notification Service. This enhancement supports ongoing optimization efforts.,12,0,0.2,3.8,Healthcare,MEDIUM
System crash during Dashboard,System crash during Dashboard. This task is blocking critical business operations.,6,5,0.28,8.2,EdTech,HIGH
Enhance internal documentation,Enhance internal documentation. This is a minor improvement with low business impact.,45,0,0.04,0.2,SaaS,LOW
Minor UI alignment fix,Minor UI alignment fix. Can be addressed during routine maintenance.,53,1,0.04,0.2,Fintech,LOW
Automate campaign tracking for Black Friday Campaign,Automate campaign tracking for Black Friday Campaign. This enhancement supports ongoing optimization efforts.,24,0,0.22,2.1,AI Platform,MEDIUM
Enhance UI for Profile,Enhance UI for Profile. This task will improve operational efficiency.,8,10,0.22,2.5,AI Platform,MEDIUM
Integrate new API into Inventory Service,Integrate new API into Inventory Service. This enhancement supports ongoing optimization efforts.,23,5,0.36,3.9,EdTech,MEDIUM
Improve analytics reporting for Profile,Improve analytics reporting for Profile. This enhancement supports ongoing optimization efforts.,18,4,0.43,2.1,E-commerce,MEDIUM
Improve formatting in Payment Gateway,Improve formatting in Payment Gateway. This is a minor improvement with low business impact.,33,0,0.06,1.2,SaaS,LOW
Improve formatting in Data Pipeline,Improve formatting in Data Pipeline. This is a minor improvement with low business impact.,-1,5,0.17,0.5,SaaS,LOW
Enhance UI for Login,Enhance UI for Login. Important for improving overall system quality.,14,4,0.12,1.0,Healthcare,MEDIUM
Organize file structure,Organize file structure. This is a minor improvement with low business impact.,38,0,0.04,2.0,EdTech,LOW
Integrate new API into Billing Service,Integrate new API into Billing Service. This enhancement supports ongoing optimization efforts.,20,11,0.05,2.9,SaaS,MEDIUM
Audit failure in Support,Audit failure in Support. This issue is affecting multiple stakeholders and requires immediate attention.,-1,12,0.64,8.8,E-commerce,HIGH
System crash during Search,System crash during Search. This issue is affecting multiple stakeholders and requires immediate attention.,-1,12,0.24,9.0,E-commerce,HIGH
Minor UI alignment fix,Minor UI alignment fix. Can be addressed during routine maintenance.,49,0,0.02,1.0,SaaS,LOW
Payment failure reported by Government Client,Payment failure reported by Government Client. This task is blocking critical business operations.,15,10,0.41,6.3,AI Platform,HIGH
Update dependency versions,Update dependency versions. Can be addressed during routine maintenance.,27,6,0.15,0.7,EdTech,LOW
Payment failure reported by Startup Client,Payment failure reported by Startup Client. Failure to resolve may result in financial or reputational damage.,12,0,0.44,1.7,AI Platform,HIGH
Audit failure in Sales,Audit failure in Sales. Failure to resolve may result in financial or reputational damage.,5,3,0.55,1.6,Healthcare,HIGH
Fix minor typo in documentation,Fix minor typo in documentation. Can be addressed during routine maintenance.,44,0,0.1,1.0,E-commerce,LOW
Upgrade billing process in Invoice Processing,Upgrade billing process in Invoice Processing. This enhancement supports ongoing optimization efforts.,-1,3,0.21,1.8,SaaS,MEDIUM
Enhance performance of Payment Gateway,Enhance performance of Payment Gateway. This enhancement supports ongoing optimization efforts.,17,11,0.38,3.3,SaaS,MEDIUM
Refactor codebase in Mobile App,Refactor codebase in Mobile App. This enhancement supports ongoing optimization efforts.,-1,0,0.32,3.2,Fintech,MEDIUM
Improve onboarding process for Employee Onboarding,Improve onboarding process for Employee Onboarding. Important for improving overall system quality.,27,4,0.35,1.9,EdTech,MEDIUM
Payment failure reported by Enterprise Client,Payment failure reported by Enterprise Client. This issue is affecting multiple stakeholders and requires immediate attention.,19,16,0.26,6.8,AI Platform,HIGH
Revenue-impacting defect in Login,Revenue-impacting defect in Login. This task is blocking critical business operations.,19,12,0.69,4.6,E-commerce,HIGH
Improve analytics reporting for Dashboard,Improve analytics reporting for Dashboard. Important for improving overall system quality.,11,13,0.36,3.6,Healthcare,MEDIUM
Client escalation regarding Login,Client escalation regarding Login. Failure to resolve may result in financial or reputational damage.,-1,12,0.62,7.3,Healthcare,HIGH
Minor UI alignment fix,Minor UI alignment fix. No immediate operational risk involved.,-1,0,0.16,1.6,EdTech,LOW
Update design theme slightly,Update design theme slightly. This is a minor improvement with low business impact.,26,0,0.15,0.0,EdTech,LOW
Improve analytics reporting for Search,Improve analytics reporting for Search. This enhancement supports ongoing optimization efforts.,-1,0,0.19,1.9,Fintech,MEDIUM
Revenue-impacting defect in Analytics,Revenue-impacting defect in Analytics. This task is blocking critical business operations.,18,0,0.59,1.9,Fintech,HIGH
Enhance performance of Frontend App,Enhance performance of Frontend App. This enhancement supports ongoing optimization efforts.,-1,0,0.47,2.7,EdTech,MEDIUM
Integrate new API into Reporting Service,Integrate new API into Reporting Service. This enhancement supports ongoing optimization efforts.,19,2,0.42,1.5,E-commerce,MEDIUM
Compliance violation in Marketing,Compliance violation in Marketing. This task is blocking critical business operations.,20,0,0.83,5.0,E-commerce,HIGH
Improve formatting in Data Pipeline,Improve formatting in Data Pipeline. This is a minor improvement with low business impact.,-1,0,0.18,1.4,EdTech,LOW
Enhance performance of Frontend App,Enhance performance of Frontend App. This enhancement supports ongoing optimization efforts.,-1,3,0.09,2.4,EdTech,MEDIUM
Production outage affecting Inventory Service,Production outage affecting Inventory Service. Failure to resolve may result in financial or reputational damage.,14,0,0.61,5.4,SaaS,HIGH
Compliance violation in Support,Compliance violation in Support. Failure to resolve may result in financial or reputational damage.,1,14,0.53,2.5,SaaS,HIGH
Automate campaign tracking for Black Friday Campaign,Automate campaign tracking for Black Friday Campaign. This task will improve operational efficiency.,17,5,0.47,3.7,Healthcare,MEDIUM
Minor UI alignment fix,Minor UI alignment fix. No immediate operational risk involved.,-1,0,0.14,0.2,AI Platform,LOW
Update design theme slightly,Update design theme slightly. This is a minor improvement with low business impact.,26,0,0.04,0.4,SaaS,LOW
Refactor variable naming in Payment Gateway,Refactor variable naming in Payment Gateway. Can be addressed during routine maintenance.,31,1,0.07,0.0,Healthcare,LOW
Automate campaign tracking for Q4 Launch,Automate campaign tracking for Q4 Launch. This enhancement supports ongoing optimization efforts.,10,6,0.48,3.2,EdTech,MEDIUM
Integrate new API into Billing Service,Integrate new API into Billing Service. This task will improve operational efficiency.,29,4,0.44,2.9,AI Platform,MEDIUM
Enhance internal documentation,Enhance internal documentation. No immediate operational risk involved.,17,6,0.03,2.0,SaaS,LOW
Implement new feature for Profile,Implement new feature for Profile. This enhancement supports ongoing optimization efforts.,39,0,0.42,3.5,E-commerce,MEDIUM
Improve comments in codebase,Improve comments in codebase. This is a minor improvement with low business impact.,72,3,0.14,1.1,E-commerce,LOW
Automate campaign tracking for Black Friday Campaign,Automate campaign tracking for Black Friday Campaign. This task will improve operational efficiency.,24,0,0.47,1.8,Healthcare,MEDIUM
Improve formatting in Frontend App,Improve formatting in Frontend App. No immediate operational risk involved.,-1,0,0.17,0.1,Fintech,LOW
Enhance performance of Backend API,Enhance performance of Backend API. This enhancement supports ongoing optimization efforts.,26,0,0.13,1.1,E-commerce,MEDIUM
Integrate new API into Inventory Service,Integrate new API into Inventory Service. This task will improve operational efficiency.,5,5,0.16,1.6,SaaS,MEDIUM
Optimize workflow in Operations,Optimize workflow in Operations. This task will improve operational efficiency.,15,6,0.17,2.9,SaaS,MEDIUM
Improve analytics reporting for Settings,Improve analytics reporting for Settings. Important for improving overall system quality.,29,0,0.23,2.5,EdTech,MEDIUM
Audit failure in Operations,Audit failure in Operations. This issue is affecting multiple stakeholders and requires immediate attention.,-1,6,0.32,3.6,SaaS,HIGH
Fix minor typo in documentation,Fix minor typo in documentation. No immediate operational risk involved.,76,0,0.1,1.6,E-commerce,LOW
Improve formatting in Mobile App,Improve formatting in Mobile App. No immediate operational risk involved.,27,8,0.05,0.4,SaaS,LOW
Update design theme slightly,Update design theme slightly. No immediate operational risk involved.,21,6,0.0,0.9,EdTech,LOW
Integrate new API into User Service,Integrate new API into User Service. This enhancement supports ongoing optimization efforts.,29,7,0.17,3.6,AI Platform,MEDIUM
Payment failure reported by Government Client,Payment failure reported by Government Client. This issue is affecting multiple stakeholders and requires immediate attention.,16,0,0.73,3.6,SaaS,HIGH
Immediate rollback required for Database,Immediate rollback required for Database. This issue is affecting multiple stakeholders and requires immediate attention.,-1,12,0.38,1.4,EdTech,HIGH
System crash during Dashboard,System crash during Dashboard. This issue is affecting multiple stakeholders and requires immediate attention.,-1,0,0.29,1.6,EdTech,HIGH
Payment failure reported by Government Client,Payment failure reported by Government Client. Failure to resolve may result in financial or reputational damage.,-1,13,0.42,4.3,AI Platform,HIGH
Refactor codebase in Data Pipeline,Refactor codebase in Data Pipeline. This enhancement supports ongoing optimization efforts.,37,5,0.01,0.3,Healthcare,MEDIUM
Improve formatting in Database,Improve formatting in Database. Can be addressed during routine maintenance.,47,8,0.02,0.4,AI Platform,LOW
Upgrade billing process in Invoice Processing,Upgrade billing process in Invoice Processing. This enhancement supports ongoing optimization efforts.,21,9,0.16,3.6,SaaS,MEDIUM
Enhance internal documentation,Enhance internal documentation. Can be addressed during routine maintenance.,-1,6,0.1,0.4,EdTech,LOW
Improve formatting in Frontend App,Improve formatting in Frontend App. This is a minor improvement with low business impact.,58,5,0.05,1.3,E-commerce,LOW
Enhance UI for Settings,Enhance UI for Settings. Important for improving overall system quality.,13,8,0.45,4.0,Healthcare,MEDIUM
Minor UI alignment fix,Minor UI alignment fix. This is a minor improvement with low business impact.,75,5,0.07,1.7,Fintech,LOW
Integrate new API into Notification Service,Integrate new API into Notification Service. This task will improve operational efficiency.,11,0,0.15,1.7,AI Platform,MEDIUM
Enhance internal documentation,Enhance internal documentation. No immediate operational risk involved.,69,8,0.12,1.9,EdTech,LOW
Payment failure reported by Enterprise Client,Payment failure reported by Enterprise Client. Failure to resolve may result in financial or reputational damage.,17,10,0.79,8.0,E-commerce,HIGH
System crash during Analytics,System crash during Analytics. Failure to resolve may result in financial or reputational damage.,2,7,0.64,9.0,AI Platform,HIGH
Enhance internal documentation,Enhance internal documentation. Can be addressed during routine maintenance.,40,3,0.11,1.6,E-commerce,LOW
Update design theme slightly,Update design theme slightly. Can be addressed during routine maintenance.,27,6,0.02,1.2,EdTech,LOW
Refactor codebase in Frontend App,Refactor codebase in Frontend App. This task will improve operational efficiency.,20,0,0.27,0.9,EdTech,MEDIUM
Revenue-impacting defect in Dashboard,Revenue-impacting defect in Dashboard. Failure to resolve may result in financial or reputational damage.,-1,9,0.78,3.0,SaaS,HIGH
Improve analytics reporting for Login,Improve analytics reporting for Login. This enhancement supports ongoing optimization efforts.,14,0,0.36,0.6,EdTech,MEDIUM
Revenue-impacting defect in Search,Revenue-impacting defect in Search. Failure to resolve may result in financial or reputational damage.,13,0,0.78,2.1,E-commerce,HIGH
Security breach detected in Payment Gateway,Security breach detected in Payment Gateway. This issue is affecting multiple stakeholders and requires immediate attention.,-1,7,0.55,9.1,Healthcare,HIGH
System crash during Dashboard,System crash during Dashboard. Failure to resolve may result in financial or reputational damage.,18,0,0.74,9.0,AI Platform,HIGH
Update dependency versions,Update dependency versions. This is a minor improvement with low business impact.,22,0,0.17,0.2,Healthcare,LOW
Client escalation regarding Profile,Client escalation regarding Profile. Failure to resolve may result in financial or reputational damage.,18,10,0.44,4.3,EdTech,HIGH
Payment failure reported by Startup Client,Payment failure reported by Startup Client. This task is blocking critical business operations.,10,0,0.59,1.6,Healthcare,HIGH
Critical issue in Backend API,Critical issue in Backend API. This issue is affecting multiple stakeholders and requires immediate attention.,-1,0,0.42,6.0,AI Platform,HIGH
Improve onboarding process for Payroll Review,Improve onboarding process for Payroll Review. This enhancement supports ongoing optimization efforts.,13,2,0.33,1.5,Healthcare,MEDIUM
Production outage affecting Billing Service,Production outage affecting Billing Service. This issue is affecting multiple stakeholders and requires immediate attention.,-1,18,0.85,6.0,EdTech,HIGH
Enhance performance of Backend API,Enhance performance of Backend API. This task will improve operational efficiency.,-1,8,0.12,0.9,SaaS,MEDIUM
Compliance violation in Sales,Compliance violation in Sales. Failure to resolve may result in financial or reputational damage.,13,7,0.4,9.7,Fintech,HIGH
System crash during Search,System crash during Search. Failure to resolve may result in financial or reputational damage.,-1,16,0.3,8.0,EdTech,HIGH
Production outage affecting Billing Service,Production outage affecting Billing Service. This task is blocking critical business operations.,-1,15,0.52,2.6,E-commerce,HIGH
Security breach detected in Auth Service,Security breach detected in Auth Service. This task is blocking critical business operations.,19,0,0.65,7.2,EdTech,HIGH
Payment failure reported by Government Client,Payment failure reported by Government Client. This issue is affecting multiple stakeholders and requires immediate attention.,11,3,0.58,4.8,SaaS,HIGH
Implement new feature for Settings,Implement new feature for Settings. This task will improve operational efficiency.,8,2,0.5,3.4,AI Platform,MEDIUM
Improve formatting in Auth Service,Improve formatting in Auth Service. This is a minor improvement with low business impact.,62,0,0.19,1.5,E-commerce,LOW
Organize file structure,Organize file structure. Can be addressed during routine maintenance.,66,3,0.12,0.8,AI Platform,LOW
Security breach detected in Frontend App,Security breach detected in Frontend App. Failure to resolve may result in financial or reputational damage.,3,9,0.62,1.6,E-commerce,HIGH
Security breach detected in Database,Security breach detected in Database. This task is blocking critical business operations.,2,14,0.64,8.3,E-commerce,HIGH
System crash during Dashboard,System crash during Dashboard. This task is blocking critical business operations.,-1,0,0.68,9.2,AI Platform,HIGH
Organize file structure,Organize file structure. No immediate operational risk involved.,37,2,0.07,1.2,E-commerce,LOW
Improve formatting in Database,Improve formatting in Database. No immediate operational risk involved.,52,0,0.14,1.8,Fintech,LOW
Refactor variable naming in Database,Refactor variable naming in Database. This is a minor improvement with low business impact.,-1,1,0.18,1.9,E-commerce,LOW
Revenue-impacting defect in Login,Revenue-impacting defect in Login. This issue is affecting multiple stakeholders and requires immediate attention.,21,9,0.45,5.1,EdTech,HIGH
Enhance internal documentation,Enhance internal documentation. Can be addressed during routine maintenance.,-1,0,0.17,1.6,E-commerce,LOW
Improve onboarding process for Payroll Review,Improve onboarding process for Payroll Review. This enhancement supports ongoing optimization efforts.,10,10,0.04,2.7,Fintech,MEDIUM
Refactor variable naming in Auth Service,Refactor variable naming in Auth Service. No immediate operational risk involved.,11,4,0.01,1.4,E-commerce,LOW
Client escalation regarding Dashboard,Client escalation regarding Dashboard. Failure to resolve may result in financial or reputational damage.,1,0,0.43,1.5,Healthcare,HIGH
Critical issue in Payment Gateway,Critical issue in Payment Gateway. Failure to resolve may result in financial or reputational damage.,4,7,0.32,8.4,SaaS,HIGH
Refactor codebase in Auth Service,Refactor codebase in Auth Service. This task will improve operational efficiency.,-1,2,0.13,3.9,AI Platform,MEDIUM
Improve formatting in Backend API,Improve formatting in Backend API. No immediate operational risk involved.,-1,1,0.05,1.1,Healthcare,LOW
Upgrade billing process in Expense Audit,Upgrade billing process in Expense Audit. This task will improve operational efficiency.,27,0,0.0,1.0,E-commerce,MEDIUM
Improve onboarding process for Employee Onboarding,Improve onboarding process for Employee Onboarding. This task will improve operational efficiency.,13,0,0.43,1.3,Fintech,MEDIUM
Integrate new API into Billing Service,Integrate new API into Billing Service. Important for improving overall system quality.,7,3,0.25,0.2,EdTech,MEDIUM
Organize file structure,Organize file structure. Can be addressed during routine maintenance.,56,6,0.07,1.1,Healthcare,LOW
Integrate new API into Notification Service,Integrate new API into Notification Service. This enhancement supports ongoing optimization efforts.,5,11,0.12,1.6,AI Platform,MEDIUM
Improve analytics reporting for Settings,Improve analytics reporting for Settings. This task will improve operational efficiency.,34,2,0.47,3.9,Healthcare,MEDIUM
Update dependency versions,Update dependency versions. Can be addressed during routine maintenance.,28,6,0.08,1.2,EdTech,LOW
Optimize workflow in Finance,Optimize workflow in Finance. Important for improving overall system quality.,11,0,0.42,1.6,Fintech,MEDIUM
Production outage affecting Notification Service,Production outage affecting Notification Service. Failure to resolve may result in financial or reputational damage.,9,11,0.58,1.9,AI Platform,HIGH
Audit failure in Operations,Audit failure in Operations. Failure to resolve may result in financial or reputational damage.,16,0,0.43,9.8,Fintech,HIGH
Security breach detected in Mobile App,Security breach detected in Mobile App. Failure to resolve may result in financial or reputational damage.,-1,9,0.77,7.1,SaaS,HIGH
Enhance internal documentation,Enhance internal documentation. No immediate operational risk involved.,22,1,0.01,1.1,E-commerce,LOW
Organize file structure,Organize file structure. This is a minor improvement with low business impact.,15,9,0.15,0.8,SaaS,LOW
Cleanup unused resources,Cleanup unused resources. This is a minor improvement with low business impact.,14,0,0.13,0.2,EdTech,LOW
Refactor variable naming in Backend API,Refactor variable naming in Backend API. This is a minor improvement with low business impact.,30,0,0.06,0.2,Fintech,LOW
Enhance internal documentation,Enhance internal documentation. This is a minor improvement with low business impact.,18,0,0.0,1.7,SaaS,LOW
Compliance violation in Finance,Compliance violation in Finance. Failure to resolve may result in financial or reputational damage.,14,4,0.59,8.9,Fintech,HIGH
Update dependency versions,Update dependency versions. This is a minor improvement with low business impact.,80,6,0.12,0.4,EdTech,LOW
Improve onboarding process for Recruitment Drive,Improve onboarding process for Recruitment Drive. This enhancement supports ongoing optimization efforts.,16,0,0.42,1.8,E-commerce,MEDIUM
Integrate new API into Notification Service,Integrate new API into Notification Service. This task will improve operational efficiency.,34,6,0.28,0.2,SaaS,MEDIUM
Optimize workflow in HR,Optimize workflow in HR. Important for improving overall system quality.,27,11,0.41,3.0,Healthcare,MEDIUM
System crash during Login,System crash during Login. This task is blocking critical business operations.,15,0,0.24,3.5,Fintech,HIGH
Enhance internal documentation,Enhance internal documentation. This is a minor improvement with low business impact.,55,1,0.16,0.9,Fintech,LOW
Enhance performance of Database,Enhance performance of Database. This task will improve operational efficiency.,28,10,0.0,0.3,AI Platform,MEDIUM
Update design theme slightly,Update design theme slightly. No immediate operational risk involved.,38,4,0.12,1.6,SaaS,LOW
Improve analytics reporting for Checkout,Improve analytics reporting for Checkout. Important for improving overall system quality.,27,6,0.47,3.2,E-commerce,MEDIUM
Upgrade billing process in Budget Planning,Upgrade billing process in Budget Planning. Important for improving overall system quality.,8,0,0.25,3.7,AI Platform,MEDIUM
Minor UI alignment fix,Minor UI alignment fix. No immediate operational risk involved.,8,4,0.04,1.6,Fintech,LOW
Update design theme slightly,Update design theme slightly. This is a minor improvement with low business impact.,18,0,0.16,1.2,Healthcare,LOW
Security breach detected in Mobile App,Security breach detected in Mobile App. Failure to resolve may result in financial or reputational damage.,-1,14,0.66,4.6,SaaS,HIGH
Revenue-impacting defect in Settings,Revenue-impacting defect in Settings. This issue is affecting multiple stakeholders and requires immediate attention.,-1,10,0.66,2.2,Healthcare,HIGH
Automate campaign tracking for Referral Program,Automate campaign tracking for Referral Program. Important for improving overall system quality.,7,0,0.35,3.8,Healthcare,MEDIUM
Compliance violation in Marketing,Compliance violation in Marketing. This issue is affecting multiple stakeholders and requires immediate attention.,13,0,0.84,9.3,E-commerce,HIGH
Improve onboarding process for Recruitment Drive,Improve onboarding process for Recruitment Drive. This task will improve operational efficiency.,7,1,0.33,2.6,AI Platform,MEDIUM
Refactor variable naming in Data Pipeline,Refactor variable naming in Data Pipeline. No immediate operational risk involved.,63,5,0.11,1.4,AI Platform,LOW
Minor UI alignment fix,Minor UI alignment fix. No immediate operational risk involved.,-1,0,0.05,0.5,Healthcare,LOW
Revenue-impacting defect in Login,Revenue-impacting defect in Login. This issue is affecting multiple stakeholders and requires immediate attention.,14,0,0.31,6.0,Fintech,HIGH
Client escalation regarding Checkout,Client escalation regarding Checkout. This task is blocking critical business operations.,1,7,0.77,3.3,SaaS,HIGH
Improve analytics reporting for Checkout,Improve analytics reporting for Checkout. This enhancement supports ongoing optimization efforts.,17,0,0.08,0.8,E-commerce,MEDIUM
Critical issue in Backend API,Critical issue in Backend API. Failure to resolve may result in financial or reputational damage.,5,0,0.62,9.8,EdTech,HIGH
Compliance violation in Marketing,Compliance violation in Marketing. Failure to resolve may result in financial or reputational damage.,15,0,0.39,7.4,AI Platform,HIGH
Immediate rollback required for Data Pipeline,Immediate rollback required for Data Pipeline. This issue is affecting multiple stakeholders and requires immediate attention.,3,0,0.28,1.3,AI Platform,HIGH
Enhance UI for Analytics,Enhance UI for Analytics. This task will improve operational efficiency.,-1,5,0.4,2.6,SaaS,MEDIUM
Security breach detected in Database,Security breach detected in Database. This issue is affecting multiple stakeholders and requires immediate attention.,4,13,0.53,7.1,AI Platform,HIGH
Upgrade billing process in Invoice Processing,Upgrade billing process in Invoice Processing. Important for improving overall system quality.,-1,0,0.38,1.5,SaaS,MEDIUM
Client escalation regarding Analytics,Client escalation regarding Analytics. Failure to resolve may result in financial or reputational damage.,20,11,0.75,6.2,EdTech,HIGH
Improve formatting in Mobile App,Improve formatting in Mobile App. No immediate operational risk involved.,73,0,0.08,0.8,SaaS,LOW
Implement new feature for Login,Implement new feature for Login. This task will improve operational efficiency.,22,8,0.32,3.4,Healthcare,MEDIUM
System crash during Checkout,System crash during Checkout. This task is blocking critical business operations.,-1,10,0.6,2.7,Fintech,HIGH
Update dependency versions,Update dependency versions. No immediate operational risk involved.,48,1,0.07,0.0,Fintech,LOW
Payment failure reported by Premium Customer,Payment failure reported by Premium Customer. This issue is affecting multiple stakeholders and requires immediate attention.,-1,7,0.37,1.8,EdTech,HIGH
Minor UI alignment fix,Minor UI alignment fix. Can be addressed during routine maintenance.,26,1,0.08,1.8,EdTech,LOW
Improve analytics reporting for Checkout,Improve analytics reporting for Checkout. Important for improving overall system quality.,14,9,0.49,0.6,Healthcare,MEDIUM
Refactor codebase in Payment Gateway,Refactor codebase in Payment Gateway. Important for improving overall system quality.,26,0,0.09,3.4,EdTech,MEDIUM
Refactor codebase in Auth Service,Refactor codebase in Auth Service. This enhancement supports ongoing optimization efforts.,13,13,0.4,4.0,SaaS,MEDIUM
Upgrade billing process in Budget Planning,Upgrade billing process in Budget Planning. Important for improving overall system quality.,24,7,0.39,0.2,AI Platform,MEDIUM
Integrate new API into User Service,Integrate new API into User Service. This enhancement supports ongoing optimization efforts.,10,11,0.08,2.5,AI Platform,MEDIUM
Improve onboarding process for Recruitment Drive,Improve onboarding process for Recruitment Drive. Important for improving overall system quality.,24,11,0.47,1.4,EdTech,MEDIUM
Compliance violation in Sales,Compliance violation in Sales. This issue is affecting multiple stakeholders and requires immediate attention.,-1,16,0.77,3.2,AI Platform,HIGH
Update design theme slightly,Update design theme slightly. Can be addressed during routine maintenance.,27,2,0.04,0.3,E-commerce,LOW
Enhance internal documentation,Enhance internal documentation. This is a minor improvement with low business impact.,33,1,0.05,0.6,SaaS,LOW
Fix minor typo in documentation,Fix minor typo in documentation. No immediate operational risk involved.,74,0,0.03,1.3,AI Platform,LOW
Organize file structure,Organize file structure. Can be addressed during routine maintenance.,77,3,0.17,1.2,AI Platform,LOW
System crash during Settings,System crash during Settings. This issue is affecting multiple stakeholders and requires immediate attention.,3,8,0.21,3.0,Healthcare,HIGH
Optimize workflow in Operations,Optimize workflow in Operations. This enhancement supports ongoing optimization efforts.,34,0,0.01,0.5,E-commerce,MEDIUM
Improve comments in codebase,Improve comments in codebase. No immediate operational risk involved.,29,0,0.02,0.4,Fintech,LOW
Refactor variable naming in Data Pipeline,Refactor variable naming in Data Pipeline. Can be addressed during routine maintenance.,28,1,0.03,0.5,AI Platform,LOW
Immediate rollback required for Data Pipeline,Immediate rollback required for Data Pipeline. Failure to resolve may result in financial or reputational damage.,-1,11,0.41,2.2,AI Platform,HIGH
Improve comments in codebase,Improve comments in codebase. No immediate operational risk involved.,30,1,0.03,1.9,AI Platform,LOW
Security breach detected in Payment Gateway,Security breach detected in Payment Gateway. Failure to resolve may result in financial or reputational damage.,3,8,0.54,2.6,AI Platform,HIGH
Enhance performance of Frontend App,Enhance performance of Frontend App. Important for improving overall system quality.,18,9,0.29,2.5,E-commerce,MEDIUM
Improve comments in codebase,Improve comments in codebase. This is a minor improvement with low business impact.,13,9,0.03,0.0,EdTech,LOW
Minor UI alignment fix,Minor UI alignment fix. No immediate operational risk involved.,-1,4,0.16,1.5,Healthcare,LOW
Improve onboarding process for Payroll Review,Improve onboarding process for Payroll Review. This enhancement supports ongoing optimization efforts.,-1,13,0.48,2.7,Healthcare,MEDIUM
Critical issue in Auth Service,Critical issue in Auth Service. This issue is affecting multiple stakeholders and requires immediate attention.,14,6,0.56,9.3,EdTech,HIGH
Cleanup unused resources,Cleanup unused resources. No immediate operational risk involved.,45,0,0.2,0.6,SaaS,LOW
Client escalation regarding Settings,Client escalation regarding Settings. Failure to resolve may result in financial or reputational damage.,10,1,0.5,3.2,EdTech,HIGH
Improve formatting in Backend API,Improve formatting in Backend API. Can be addressed during routine maintenance.,20,3,0.04,1.9,Fintech,LOW
Implement new feature for Search,Implement new feature for Search. This enhancement supports ongoing optimization efforts.,-1,1,0.01,3.9,Healthcare,MEDIUM
Security breach detected in Backend API,Security breach detected in Backend API. This issue is affecting multiple stakeholders and requires immediate attention.,6,0,0.46,1.5,AI Platform,HIGH
System crash during Analytics,System crash during Analytics. This issue is affecting multiple stakeholders and requires immediate attention.,13,6,0.59,4.9,Fintech,HIGH
Upgrade billing process in Budget Planning,Upgrade billing process in Budget Planning. Important for improving overall system quality.,27,11,0.44,0.7,Fintech,MEDIUM
Automate campaign tracking for Email Automation,Automate campaign tracking for Email Automation. This enhancement supports ongoing optimization efforts.,-1,4,0.43,2.4,AI Platform,MEDIUM
Integrate new API into Billing Service,Integrate new API into Billing Service. Important for improving overall system quality.,32,7,0.15,4.0,EdTech,MEDIUM
Automate campaign tracking for Email Automation,Automate campaign tracking for Email Automation. This enhancement supports ongoing optimization efforts.,4,0,0.43,1.7,SaaS,MEDIUM
Security breach detected in Auth Service,Security breach detected in Auth Service. Failure to resolve may result in financial or reputational damage.,10,0,0.89,2.9,SaaS,HIGH
Minor UI alignment fix,Minor UI alignment fix. No immediate operational risk involved.,13,5,0.17,1.1,AI Platform,LOW
Improve comments in codebase,Improve comments in codebase. Can be addressed during routine maintenance.,40,0,0.1,0.6,Healthcare,LOW
Integrate new API into Reporting Service,Integrate new API into Reporting Service. This task will improve operational efficiency.,-1,2,0.24,2.1,Healthcare,MEDIUM
Integrate new API into Billing Service,Integrate new API into Billing Service. This task will improve operational efficiency.,-1,8,0.36,2.5,EdTech,MEDIUM
Immediate rollback required for Auth Service,Immediate rollback required for Auth Service. Failure to resolve may result in financial or reputational damage.,11,0,0.66,5.2,AI Platform,HIGH
Upgrade billing process in Budget Planning,Upgrade billing process in Budget Planning. This enhancement supports ongoing optimization efforts.,-1,0,0.09,2.3,AI Platform,MEDIUM
Update dependency versions,Update dependency versions. No immediate operational risk involved.,33,0,0.19,0.3,AI Platform,LOW
Cleanup unused resources,Cleanup unused resources. Can be addressed during routine maintenance.,18,0,0.13,1.7,Fintech,LOW
Refactor codebase in Auth Service,Refactor codebase in Auth Service. This enhancement supports ongoing optimization efforts.,-1,4,0.38,3.8,Healthcare,MEDIUM
Improve formatting in Auth Service,Improve formatting in Auth Service. This is a minor improvement with low business impact.,35,0,0.01,1.5,E-commerce,LOW
Minor UI alignment fix,Minor UI alignment fix. Can be addressed during routine maintenance.,32,0,0.15,0.9,Fintech,LOW
Compliance violation in Operations,Compliance violation in Operations. Failure to resolve may result in financial or reputational damage.,7,0,0.8,1.4,Fintech,HIGH
Cleanup unused resources,Cleanup unused resources. This is a minor improvement with low business impact.,74,7,0.08,1.2,Healthcare,LOW
Production outage affecting Notification Service,Production outage affecting Notification Service. This issue is affecting multiple stakeholders and requires immediate attention.,12,14,0.29,7.9,Healthcare,HIGH
Refactor codebase in Mobile App,Refactor codebase in Mobile App. This enhancement supports ongoing optimization efforts.,24,7,0.12,3.3,E-commerce,MEDIUM
System crash during Login,System crash during Login. This task is blocking critical business operations.,18,14,0.54,1.3,AI Platform,HIGH
Upgrade billing process in Budget Planning,Upgrade billing process in Budget Planning. Important for improving overall system quality.,24,4,0.45,1.0,AI Platform,MEDIUM
Improve formatting in Backend API,Improve formatting in Backend API. This is a minor improvement with low business impact.,-1,2,0.07,1.9,E-commerce,LOW
Immediate rollback required for Database,Immediate rollback required for Database. Failure to resolve may result in financial or reputational damage.,10,13,0.3,3.2,SaaS,HIGH
Integrate new API into Notification Service,Integrate new API into Notification Service. This enhancement supports ongoing optimization efforts.,16,0,0.12,2.4,AI Platform,MEDIUM
Immediate rollback required for Auth Service,Immediate rollback required for Auth Service. This issue is affecting multiple stakeholders and requires immediate attention.,-1,11,0.76,9.9,Healthcare,HIGH
Implement new feature for Profile,Implement new feature for Profile. Important for improving overall system quality.,7,2,0.11,1.6,Fintech,MEDIUM
Cleanup unused resources,Cleanup unused resources. This is a minor improvement with low business impact.,62,3,0.13,0.4,Healthcare,LOW
Improve formatting in Database,Improve formatting in Database. This is a minor improvement with low business impact.,68,0,0.01,0.6,E-commerce,LOW
Cleanup unused resources,Cleanup unused resources. No immediate operational risk involved.,-1,3,0.18,1.2,Healthcare,LOW
Enhance UI for Search,Enhance UI for Search. Important for improving overall system quality.,-1,0,0.16,1.9,SaaS,MEDIUM
Update design theme slightly,Update design theme slightly. This is a minor improvement with low business impact.,-1,0,0.03,1.4,E-commerce,LOW
Improve onboarding process for Employee Onboarding,Improve onboarding process for Employee Onboarding. This enhancement supports ongoing optimization efforts.,35,0,0.07,0.9,SaaS,MEDIUM
Cleanup unused resources,Cleanup unused resources. Can be addressed during routine maintenance.,22,0,0.16,0.4,Healthcare,LOW
Improve formatting in Database,Improve formatting in Database. No immediate operational risk involved.,48,6,0.05,1.5,Healthcare,LOW
Production outage affecting Billing Service,Production outage affecting Billing Service. This issue is affecting multiple stakeholders and requires immediate attention.,3,11,0.39,10.0,E-commerce,HIGH
Compliance violation in Operations,Compliance violation in Operations. This task is blocking critical business operations.,18,0,0.65,8.5,AI Platform,HIGH
Improve analytics reporting for Search,Improve analytics reporting for Search. Important for improving overall system quality.,35,2,0.23,1.6,EdTech,MEDIUM
Integrate new API into Reporting Service,Integrate new API into Reporting Service. This enhancement supports ongoing optimization efforts.,20,0,0.16,0.3,Healthcare,MEDIUM
Immediate rollback required for Auth Service,Immediate rollback required for Auth Service. This issue is affecting multiple stakeholders and requires immediate attention.,6,9,0.85,6.8,EdTech,HIGH
Audit failure in Marketing,Audit failure in Marketing. This issue is affecting multiple stakeholders and requires immediate attention.,3,17,0.79,5.7,Fintech,HIGH
Enhance UI for Profile,Enhance UI for Profile. This task will improve operational efficiency.,15,7,0.04,2.9,Fintech,MEDIUM
Optimize workflow in Support,Optimize workflow in Support. This task will improve operational efficiency.,25,7,0.44,2.8,EdTech,MEDIUM
Enhance UI for Search,Enhance UI for Search. This enhancement supports ongoing optimization efforts.,20,1,0.38,3.0,Fintech,MEDIUM
Security breach detected in Payment Gateway,Security breach detected in Payment Gateway. Failure to resolve may result in financial or reputational damage.,-1,0,0.52,2.5,Fintech,HIGH
Client escalation regarding Profile,Client escalation regarding Profile. This issue is affecting multiple stakeholders and requires immediate attention.,12,0,0.23,6.1,E-commerce,HIGH
Compliance violation in Finance,Compliance violation in Finance. This issue is affecting multiple stakeholders and requires immediate attention.,3,0,0.66,6.8,E-commerce,HIGH
Cleanup unused resources,Cleanup unused resources. Can be addressed during routine maintenance.,46,0,0.06,1.4,EdTech,LOW
Immediate rollback required for Database,Immediate rollback required for Database. This task is blocking critical business operations.,-1,3,0.37,5.3,AI Platform,HIGH
Organize file structure,Organize file structure. This is a minor improvement with low business impact.,37,9,0.03,1.5,Fintech,LOW
Improve comments in codebase,Improve comments in codebase. Can be addressed during routine maintenance.,26,3,0.19,1.8,Healthcare,LOW
Minor UI alignment fix,Minor UI alignment fix. No immediate operational risk involved.,-1,0,0.02,0.6,Healthcare,LOW
Update design theme slightly,Update design theme slightly. This is a minor improvement with low business impact.,14,0,0.03,1.8,AI Platform,LOW
Enhance UI for Analytics,Enhance UI for Analytics. This enhancement supports ongoing optimization efforts.,17,10,0.17,3.1,EdTech,MEDIUM
Improve comments in codebase,Improve comments in codebase. This is a minor improvement with low business impact.,26,0,0.07,1.1,EdTech,LOW
Improve onboarding process for Payroll Review,Improve onboarding process for Payroll Review. Important for improving overall system quality.,40,2,0.02,3.8,AI Platform,MEDIUM
Improve analytics reporting for Checkout,Improve analytics reporting for Checkout. This task will improve operational efficiency.,20,1,0.17,2.9,Healthcare,MEDIUM
Organize file structure,Organize file structure. This is a minor improvement with low business impact.,37,0,0.13,0.8,EdTech,LOW
Improve onboarding process for Recruitment Drive,Improve onboarding process for Recruitment Drive. Important for improving overall system quality.,-1,8,0.19,2.2,EdTech,MEDIUM
Upgrade billing process in Budget Planning,Upgrade billing process in Budget Planning. This enhancement supports ongoing optimization efforts.,4,0,0.06,0.4,Fintech,MEDIUM
Automate campaign tracking for Black Friday Campaign,Automate campaign tracking for Black Friday Campaign. This enhancement supports ongoing optimization efforts.,23,6,0.36,3.9,Healthcare,MEDIUM
Revenue-impacting defect in Dashboard,Revenue-impacting defect in Dashboard. This issue is affecting multiple stakeholders and requires immediate attention.,8,0,0.52,7.8,E-commerce,HIGH
Organize file structure,Organize file structure. No immediate operational risk involved.,28,7,0.19,1.3,Healthcare,LOW
Implement new feature for Dashboard,Implement new feature for Dashboard. Important for improving overall system quality.,-1,9,0.07,2.1,SaaS,MEDIUM
Payment failure reported by Enterprise Client,Payment failure reported by Enterprise Client. This issue is affecting multiple stakeholders and requires immediate attention.,-1,4,0.37,9.3,SaaS,HIGH
Improve onboarding process for Employee Onboarding,Improve onboarding process for Employee Onboarding. This task will improve operational efficiency.,30,0,0.05,4.0,AI Platform,MEDIUM
Cleanup unused resources,Cleanup unused resources. This is a minor improvement with low business impact.,61,6,0.2,0.3,Healthcare,LOW
Improve formatting in Database,Improve formatting in Database. No immediate operational risk involved.,-1,0,0.06,0.8,SaaS,LOW
Audit failure in Support,Audit failure in Support. This task is blocking critical business operations.,4,0,0.56,7.7,Fintech,HIGH
Compliance violation in Finance,Compliance violation in Finance. This issue is affecting multiple stakeholders and requires immediate attention.,7,7,0.73,5.0,AI Platform,HIGH
Payment failure reported by Government Client,Payment failure reported by Government Client. This task is blocking critical business operations.,14,5,0.74,3.4,E-commerce,HIGH
Organize file structure,Organize file structure. This is a minor improvement with low business impact.,34,4,0.05,2.0,EdTech,LOW
Implement new feature for Checkout,Implement new feature for Checkout. This enhancement supports ongoing optimization efforts.,16,0,0.37,3.7,Healthcare,MEDIUM
Enhance internal documentation,Enhance internal documentation. This is a minor improvement with low business impact.,-1,2,0.12,1.0,EdTech,LOW
Update dependency versions,Update dependency versions. This is a minor improvement with low business impact.,19,0,0.18,1.4,Healthcare,LOW
Integrate new API into Reporting Service,Integrate new API into Reporting Service. Important for improving overall system quality.,12,5,0.24,1.7,AI Platform,MEDIUM
Client escalation regarding Checkout,Client escalation regarding Checkout. This issue is affecting multiple stakeholders and requires immediate attention.,-1,11,0.21,1.8,Healthcare,HIGH
Implement new feature for Dashboard,Implement new feature for Dashboard. This enhancement supports ongoing optimization efforts.,12,7,0.28,2.3,EdTech,MEDIUM
Integrate new API into Billing Service,Integrate new API into Billing Service. Important for improving overall system quality.,-1,8,0.14,3.7,EdTech,MEDIUM
Improve analytics reporting for Profile,Improve analytics reporting for Profile. This task will improve operational efficiency.,32,2,0.0,3.6,AI Platform,MEDIUM
Improve formatting in Frontend App,Improve formatting in Frontend App. Can be addressed during routine maintenance.,29,4,0.04,1.3,AI Platform,LOW
Fix minor typo in documentation,Fix minor typo in documentation. This is a minor improvement with low business impact.,-1,3,0.14,0.2,AI Platform,LOW
Refactor variable naming in Mobile App,Refactor variable naming in Mobile App. Can be addressed during routine maintenance.,10,4,0.05,0.4,AI Platform,LOW
Update dependency versions,Update dependency versions. No immediate operational risk involved.,48,0,0.16,0.2,AI Platform,LOW
Critical issue in Frontend App,Critical issue in Frontend App. This task is blocking critical business operations.,8,9,0.67,2.6,SaaS,HIGH
Payment failure reported by Startup Client,Payment failure reported by Startup Client. Failure to resolve may result in financial or reputational damage.,13,12,0.25,2.4,E-commerce,HIGH
Audit failure in HR,Audit failure in HR. This issue is affecting multiple stakeholders and requires immediate attention.,21,10,0.87,8.5,AI Platform,HIGH
Implement new feature for Search,Implement new feature for Search. This task will improve operational efficiency.,13,0,0.34,2.9,AI Platform,MEDIUM
Immediate rollback required for Data Pipeline,Immediate rollback required for Data Pipeline. Failure to resolve may result in financial or reputational damage.,-1,13,0.56,9.5,EdTech,HIGH
Improve onboarding process for Payroll Review,Improve onboarding process for Payroll Review. This task will improve operational efficiency.,33,0,0.2,0.7,EdTech,MEDIUM
Refactor variable naming in Backend API,Refactor variable naming in Backend API. Can be addressed during routine maintenance.,18,0,0.03,0.8,E-commerce,LOW
Client escalation regarding Search,Client escalation regarding Search. This issue is affecting multiple stakeholders and requires immediate attention.,17,10,0.58,7.0,Fintech,HIGH
Improve analytics reporting for Analytics,Improve analytics reporting for Analytics. Important for improving overall system quality.,15,0,0.37,1.1,Fintech,MEDIUM
Revenue-impacting defect in Login,Revenue-impacting defect in Login. This task is blocking critical business operations.,14,8,0.51,1.0,Healthcare,HIGH
Revenue-impacting defect in Analytics,Revenue-impacting defect in Analytics. Failure to resolve may result in financial or reputational damage.,10,0,0.76,6.0,AI Platform,HIGH
Refactor variable naming in Auth Service,Refactor variable naming in Auth Service. This is a minor improvement with low business impact.,61,0,0.03,2.0,E-commerce,LOW
Refactor variable naming in Database,Refactor variable naming in Database. Can be addressed during routine maintenance.,36,0,0.1,0.8,E-commerce,LOW
Automate campaign tracking for Referral Program,Automate campaign tracking for Referral Program. This task will improve operational efficiency.,15,9,0.1,1.3,SaaS,MEDIUM
Enhance UI for Analytics,Enhance UI for Analytics. This enhancement supports ongoing optimization efforts.,19,0,0.25,2.4,E-commerce,MEDIUM
Payment failure reported by Government Client,Payment failure reported by Government Client. This task is blocking critical business operations.,9,5,0.62,8.9,SaaS,HIGH
Production outage affecting Reporting Service,Production outage affecting Reporting Service. Failure to resolve may result in financial or reputational damage.,9,3,0.75,4.9,E-commerce,HIGH
Integrate new API into Reporting Service,Integrate new API into Reporting Service. This task will improve operational efficiency.,18,1,0.01,2.9,EdTech,MEDIUM
Organize file structure,Organize file structure. This is a minor improvement with low business impact.,-1,0,0.08,1.1,EdTech,LOW
Optimize workflow in Support,Optimize workflow in Support. This enhancement supports ongoing optimization efforts.,23,3,0.12,1.6,E-commerce,MEDIUM
Improve onboarding process for Recruitment Drive,Improve onboarding process for Recruitment Drive. This task will improve operational efficiency.,16,10,0.22,3.7,AI Platform,MEDIUM
Optimize workflow in Marketing,Optimize workflow in Marketing. Important for improving overall system quality.,-1,4,0.16,0.5,EdTech,MEDIUM
Organize file structure,Organize file structure. Can be addressed during routine maintenance.,57,3,0.06,0.6,AI Platform,LOW
Upgrade billing process in Budget Planning,Upgrade billing process in Budget Planning. Important for improving overall system quality.,12,0,0.18,3.8,Healthcare,MEDIUM
Refactor codebase in Database,Refactor codebase in Database. This enhancement supports ongoing optimization efforts.,18,7,0.26,1.1,E-commerce,MEDIUM
Improve formatting in Payment Gateway,Improve formatting in Payment Gateway. No immediate operational risk involved.,-1,1,0.05,1.0,AI Platform,LOW
Improve comments in codebase,Improve comments in codebase. This is a minor improvement with low business impact.,35,4,0.01,1.7,E-commerce,LOW
Upgrade billing process in Expense Audit,Upgrade billing process in Expense Audit. This enhancement supports ongoing optimization efforts.,28,0,0.2,1.0,E-commerce,MEDIUM
Integrate new API into Reporting Service,Integrate new API into Reporting Service. Important for improving overall system quality.,18,6,0.22,3.0,E-commerce,MEDIUM
Client escalation regarding Login,Client escalation regarding Login. This issue is affecting multiple stakeholders and requires immediate attention.,-1,12,0.42,3.3,EdTech,HIGH
Client escalation regarding Dashboard,Client escalation regarding Dashboard. Failure to resolve may result in financial or reputational damage.,16,9,0.24,5.8,AI Platform,HIGH
Improve onboarding process for Employee Onboarding,Improve onboarding process for Employee Onboarding. This task will improve operational efficiency.,5,5,0.01,2.1,Healthcare,MEDIUM
Production outage affecting Reporting Service,Production outage affecting Reporting Service. This task is blocking critical business operations.,14,9,0.25,8.8,EdTech,HIGH
Security breach detected in Frontend App,Security breach detected in Frontend App. Failure to resolve may result in financial or reputational damage.,2,0,0.28,2.5,AI Platform,HIGH
Improve formatting in Data Pipeline,Improve formatting in Data Pipeline. No immediate operational risk involved.,47,0,0.17,1.0,Fintech,LOW
Refactor variable naming in Backend API,Refactor variable naming in Backend API. This is a minor improvement with low business impact.,5,1,0.01,1.7,Fintech,LOW
Organize file structure,Organize file structure. No immediate operational risk involved.,-1,2,0.02,0.8,Healthcare,LOW
Refactor codebase in Backend API,Refactor codebase in Backend API. This enhancement supports ongoing optimization efforts.,27,7,0.48,2.8,E-commerce,MEDIUM
Audit failure in HR,Audit failure in HR. This issue is affecting multiple stakeholders and requires immediate attention.,6,0,0.4,2.2,AI Platform,HIGH
Refactor codebase in Mobile App,Refactor codebase in Mobile App. This task will improve operational efficiency.,19,3,0.12,2.7,AI Platform,MEDIUM
Optimize workflow in Marketing,Optimize workflow in Marketing. This task will improve operational efficiency.,12,8,0.02,3.7,SaaS,MEDIUM
Audit failure in Operations,Audit failure in Operations. Failure to resolve may result in financial or reputational damage.,5,14,0.41,9.9,EdTech,HIGH
Refactor codebase in Database,Refactor codebase in Database. This enhancement supports ongoing optimization efforts.,15,2,0.18,3.4,SaaS,MEDIUM
Enhance UI for Analytics,Enhance UI for Analytics. This enhancement supports ongoing optimization efforts.,10,3,0.29,2.6,Fintech,MEDIUM
Improve onboarding process for Recruitment Drive,Improve onboarding process for Recruitment Drive. This task will improve operational efficiency.,12,10,0.3,3.7,AI Platform,MEDIUM
Automate campaign tracking for Q4 Launch,Automate campaign tracking for Q4 Launch. Important for improving overall system quality.,-1,0,0.43,2.2,EdTech,MEDIUM
Improve onboarding process for Recruitment Drive,Improve onboarding process for Recruitment Drive. This task will improve operational efficiency.,-1,4,0.06,2.3,Fintech,MEDIUM
Refactor codebase in Database,Refactor codebase in Database. Important for improving overall system quality.,13,3,0.06,2.4,Healthcare,MEDIUM
Revenue-impacting defect in Dashboard,Revenue-impacting defect in Dashboard. Failure to resolve may result in financial or reputational damage.,9,5,0.24,6.7,Healthcare,HIGH
Improve analytics reporting for Analytics,Improve analytics reporting for Analytics. Important for improving overall system quality.,17,1,0.25,3.0,Healthcare,MEDIUM
Fix minor typo in documentation,Fix minor typo in documentation. Can be addressed during routine maintenance.,35,0,0.0,0.8,AI Platform,LOW
Implement new feature for Login,Implement new feature for Login. This enhancement supports ongoing optimization efforts.,27,9,0.09,3.1,E-commerce,MEDIUM
Revenue-impacting defect in Analytics,Revenue-impacting defect in Analytics. This task is blocking critical business operations.,23,0,0.25,5.2,EdTech,HIGH
Payment failure reported by Enterprise Client,Payment failure reported by Enterprise Client. This task is blocking critical business operations.,11,0,0.65,9.9,Fintech,HIGH
System crash during Checkout,System crash during Checkout. This task is blocking critical business operations.,15,0,0.78,8.3,E-commerce,HIGH
Optimize workflow in HR,Optimize workflow in HR. This task will improve operational efficiency.,14,0,0.13,3.1,EdTech,MEDIUM
Update dependency versions,Update dependency versions. Can be addressed during routine maintenance.,55,3,0.09,0.1,E-commerce,LOW
Payment failure reported by Enterprise Client,Payment failure reported by Enterprise Client. This task is blocking critical business operations.,5,0,0.27,8.8,E-commerce,HIGH
Organize file structure,Organize file structure. This is a minor improvement with low business impact.,48,5,0.17,1.4,Healthcare,LOW
Improve formatting in Auth Service,Improve formatting in Auth Service. No immediate operational risk involved.,71,2,0.04,0.2,SaaS,LOW
Production outage affecting Reporting Service,Production outage affecting Reporting Service. This issue is affecting multiple stakeholders and requires immediate attention.,21,11,0.87,1.9,Fintech,HIGH
Enhance internal documentation,Enhance internal documentation. Can be addressed during routine maintenance.,42,4,0.1,1.4,Fintech,LOW
Improve analytics reporting for Login,Improve analytics reporting for Login. This enhancement supports ongoing optimization efforts.,26,6,0.4,0.2,Fintech,MEDIUM
Payment failure reported by Premium Customer,Payment failure reported by Premium Customer. Failure to resolve may result in financial or reputational damage.,10,9,0.42,2.9,AI Platform,HIGH
Improve analytics reporting for Dashboard,Improve analytics reporting for Dashboard. This enhancement supports ongoing optimization efforts.,-1,0,0.34,0.1,Healthcare,MEDIUM
Cleanup unused resources,Cleanup unused resources. Can be addressed during routine maintenance.,-1,7,0.1,1.0,SaaS,LOW
Upgrade billing process in Invoice Processing,Upgrade billing process in Invoice Processing. Important for improving overall system quality.,-1,0,0.27,2.4,SaaS,MEDIUM
Integrate new API into User Service,Integrate new API into User Service. This enhancement supports ongoing optimization efforts.,-1,2,0.41,1.5,AI Platform,MEDIUM
Critical issue in Payment Gateway,Critical issue in Payment Gateway. This task is blocking critical business operations.,4,0,0.34,3.4,AI Platform,HIGH
Enhance performance of Payment Gateway,Enhance performance of Payment Gateway. This enhancement supports ongoing optimization efforts.,16,10,0.36,0.9,Healthcare,MEDIUM
Integrate new API into Billing Service,Integrate new API into Billing Service. Important for improving overall system quality.,21,0,0.42,2.5,AI Platform,MEDIUM
Refactor codebase in Payment Gateway,Refactor codebase in Payment Gateway. This task will improve operational efficiency.,-1,0,0.02,0.2,EdTech,MEDIUM
Upgrade billing process in Budget Planning,Upgrade billing process in Budget Planning. Important for improving overall system quality.,23,0,0.48,3.6,EdTech,MEDIUM
Payment failure reported by Enterprise Client,Payment failure reported by Enterprise Client. This issue is affecting multiple stakeholders and requires immediate attention.,4,2,0.2,4.1,SaaS,HIGH
Immediate rollback required for Database,Immediate rollback required for Database. This task is blocking critical business operations.,18,11,0.38,6.9,Healthcare,HIGH
Immediate rollback required for Data Pipeline,Immediate rollback required for Data Pipeline. Failure to resolve may result in financial or reputational damage.,-1,3,0.81,9.9,SaaS,HIGH
Production outage affecting Billing Service,Production outage affecting Billing Service. This task is blocking critical business operations.,2,16,0.5,9.0,E-commerce,HIGH
Enhance UI for Settings,Enhance UI for Settings. This task will improve operational efficiency.,-1,10,0.3,0.2,Healthcare,MEDIUM
Critical issue in Frontend App,Critical issue in Frontend App. Failure to resolve may result in financial or reputational damage.,3,0,0.82,6.9,SaaS,HIGH
Minor UI alignment fix,Minor UI alignment fix. No immediate operational risk involved.,-1,2,0.11,0.7,SaaS,LOW
Audit failure in Operations,Audit failure in Operations. Failure to resolve may result in financial or reputational damage.,-1,12,0.49,4.8,EdTech,HIGH
Security breach detected in Mobile App,Security breach detected in Mobile App. This issue is affecting multiple stakeholders and requires immediate attention.,20,0,0.73,3.7,SaaS,HIGH
Refactor variable naming in Database,Refactor variable naming in Database. Can be addressed during routine maintenance.,32,0,0.1,1.4,Healthcare,LOW
Upgrade billing process in Expense Audit,Upgrade billing process in Expense Audit. Important for improving overall system quality.,21,13,0.44,1.2,SaaS,MEDIUM
Improve comments in codebase,Improve comments in codebase. Can be addressed during routine maintenance.,21,5,0.03,0.0,AI Platform,LOW
Audit failure in Operations,Audit failure in Operations. This issue is affecting multiple stakeholders and requires immediate attention.,-1,0,0.75,6.8,AI Platform,HIGH
Optimize workflow in Support,Optimize workflow in Support. This task will improve operational efficiency.,-1,3,0.34,0.1,SaaS,MEDIUM
Improve analytics reporting for Profile,Improve analytics reporting for Profile. This enhancement supports ongoing optimization efforts.,34,0,0.41,0.1,Healthcare,MEDIUM
Improve formatting in Auth Service,Improve formatting in Auth Service. No immediate operational risk involved.,31,0,0.07,1.2,SaaS,LOW
Update dependency versions,Update dependency versions. Can be addressed during routine maintenance.,-1,6,0.18,1.1,SaaS,LOW
Compliance violation in Sales,Compliance violation in Sales. This issue is affecting multiple stakeholders and requires immediate attention.,16,5,0.3,6.5,EdTech,HIGH
Optimize workflow in Operations,Optimize workflow in Operations. This task will improve operational efficiency.,29,5,0.47,0.5,AI Platform,MEDIUM
Optimize workflow in Operations,Optimize workflow in Operations. Important for improving overall system quality.,9,0,0.48,1.7,E-commerce,MEDIUM
Improve onboarding process for Payroll Review,Improve onboarding process for Payroll Review. This enhancement supports ongoing optimization efforts.,22,0,0.38,1.6,Fintech,MEDIUM
Automate campaign tracking for Referral Program,Automate campaign tracking for Referral Program. Important for improving overall system quality.,12,0,0.36,3.3,EdTech,MEDIUM
Upgrade billing process in Budget Planning,Upgrade billing process in Budget Planning. This enhancement supports ongoing optimization efforts.,6,8,0.2,1.1,Fintech,MEDIUM
Automate campaign tracking for Q4 Launch,Automate campaign tracking for Q4 Launch. Important for improving overall system quality.,17,11,0.43,0.2,Fintech,MEDIUM
Fix minor typo in documentation,Fix minor typo in documentation. Can be addressed during routine maintenance.,25,0,0.14,0.6,AI Platform,LOW
Payment failure reported by Enterprise Client,Payment failure reported by Enterprise Client. This task is blocking critical business operations.,11,8,0.4,3.3,Fintech,HIGH
Upgrade billing process in Invoice Processing,Upgrade billing process in Invoice Processing. Important for improving overall system quality.,-1,0,0.38,2.9,SaaS,MEDIUM
Client escalation regarding Settings,Client escalation regarding Settings. This issue is affecting multiple stakeholders and requires immediate attention.,-1,0,0.27,5.4,AI Platform,HIGH
Automate campaign tracking for Referral Program,Automate campaign tracking for Referral Program. This enhancement supports ongoing optimization efforts.,-1,14,0.03,2.9,AI Platform,MEDIUM
Compliance violation in Sales,Compliance violation in Sales. This issue is affecting multiple stakeholders and requires immediate attention.,16,15,0.6,7.0,E-commerce,HIGH
Immediate rollback required for Database,Immediate rollback required for Database. This task is blocking critical business operations.,-1,0,0.29,6.6,Fintech,HIGH
Critical issue in Mobile App,Critical issue in Mobile App. This issue is affecting multiple stakeholders and requires immediate attention.,13,0,0.55,2.5,AI Platform,HIGH
Enhance UI for Profile,Enhance UI for Profile. This enhancement supports ongoing optimization efforts.,-1,0,0.34,1.1,SaaS,MEDIUM
Improve comments in codebase,Improve comments in codebase. Can be addressed during routine maintenance.,73,5,0.05,0.0,AI Platform,LOW
System crash during Analytics,System crash during Analytics. This issue is affecting multiple stakeholders and requires immediate attention.,25,9,0.88,8.0,AI Platform,HIGH
Improve onboarding process for Recruitment Drive,Improve onboarding process for Recruitment Drive. This task will improve operational efficiency.,9,1,0.26,3.2,E-commerce,MEDIUM
Enhance UI for Dashboard,Enhance UI for Dashboard. This enhancement supports ongoing optimization efforts.,32,3,0.14,3.0,Fintech,MEDIUM
Revenue-impacting defect in Dashboard,Revenue-impacting defect in Dashboard. This task is blocking critical business operations.,5,0,0.4,8.1,Healthcare,HIGH
Fix minor typo in documentation,Fix minor typo in documentation. No immediate operational risk involved.,-1,4,0.06,0.5,Fintech,LOW
Client escalation regarding Checkout,Client escalation regarding Checkout. This issue is affecting multiple stakeholders and requires immediate attention.,12,14,0.74,3.1,EdTech,HIGH
Refactor codebase in Auth Service,Refactor codebase in Auth Service. This task will improve operational efficiency.,20,6,0.27,2.8,SaaS,MEDIUM
Payment failure reported by Government Client,Payment failure reported by Government Client. Failure to resolve may result in financial or reputational damage.,12,7,0.51,6.3,E-commerce,HIGH
Enhance UI for Login,Enhance UI for Login. Important for improving overall system quality.,7,5,0.34,3.0,EdTech,MEDIUM
Immediate rollback required for Frontend App,Immediate rollback required for Frontend App. This issue is affecting multiple stakeholders and requires immediate attention.,-1,0,0.7,1.1,AI Platform,HIGH
Update dependency versions,Update dependency versions. Can be addressed during routine maintenance.,63,0,0.11,1.0,Fintech,LOW
Client escalation regarding Search,Client escalation regarding Search. This issue is affecting multiple stakeholders and requires immediate attention.,9,12,0.82,1.8,AI Platform,HIGH
Implement new feature for Login,Implement new feature for Login. Important for improving overall system quality.,-1,3,0.46,3.2,Fintech,MEDIUM
Update dependency versions,Update dependency versions. Can be addressed during routine maintenance.,26,0,0.07,1.6,SaaS,LOW
Minor UI alignment fix,Minor UI alignment fix. No immediate operational risk involved.,32,0,0.18,1.4,Healthcare,LOW
Optimize workflow in Sales,Optimize workflow in Sales. This enhancement supports ongoing optimization efforts.,21,6,0.11,3.8,AI Platform,MEDIUM
Improve analytics reporting for Settings,Improve analytics reporting for Settings. This enhancement supports ongoing optimization efforts.,22,0,0.35,3.8,Fintech,MEDIUM
Organize file structure,Organize file structure. This is a minor improvement with low business impact.,32,0,0.07,1.0,Healthcare,LOW
Improve onboarding process for Employee Onboarding,Improve onboarding process for Employee Onboarding. This enhancement supports ongoing optimization efforts.,-1,9,0.12,1.7,E-commerce,MEDIUM
System crash during Login,System crash during Login. Failure to resolve may result in financial or reputational damage.,-1,13,0.62,7.1,AI Platform,HIGH
Critical issue in Data Pipeline,Critical issue in Data Pipeline. Failure to resolve may result in financial or reputational damage.,6,13,0.33,6.7,Healthcare,HIGH
Optimize workflow in HR,Optimize workflow in HR. Important for improving overall system quality.,33,7,0.1,1.8,EdTech,MEDIUM
Update design theme slightly,Update design theme slightly. No immediate operational risk involved.,38,0,0.19,1.6,SaaS,LOW
Fix minor typo in documentation,Fix minor typo in documentation. Can be addressed during routine maintenance.,32,0,0.04,1.5,Healthcare,LOW
Payment failure reported by Startup Client,Payment failure reported by Startup Client. This issue is affecting multiple stakeholders and requires immediate attention.,-1,12,0.29,8.5,E-commerce,HIGH
Improve formatting in Payment Gateway,Improve formatting in Payment Gateway. Can be addressed during routine maintenance.,20,0,0.05,1.3,EdTech,LOW
Optimize workflow in Marketing,Optimize workflow in Marketing. This task will improve operational efficiency.,-1,7,0.26,3.9,Healthcare,MEDIUM
Improve analytics reporting for Search,Improve analytics reporting for Search. This enhancement supports ongoing optimization efforts.,-1,0,0.13,1.7,Fintech,MEDIUM
Payment failure reported by Government Client,Payment failure reported by Government Client. This issue is affecting multiple stakeholders and requires immediate attention.,-1,8,0.76,2.3,Fintech,HIGH
Implement new feature for Login,Implement new feature for Login. Important for improving overall system quality.,-1,4,0.27,3.7,Healthcare,MEDIUM
Revenue-impacting defect in Checkout,Revenue-impacting defect in Checkout. Failure to resolve may result in financial or reputational damage.,5,0,0.78,2.1,E-commerce,HIGH
Enhance performance of Database,Enhance performance of Database. Important for improving overall system quality.,8,0,0.3,1.8,SaaS,MEDIUM
Security breach detected in Frontend App,Security breach detected in Frontend App. This issue is affecting multiple stakeholders and requires immediate attention.,8,0,0.59,10.0,AI Platform,HIGH
Client escalation regarding Settings,Client escalation regarding Settings. This issue is affecting multiple stakeholders and requires immediate attention.,17,12,0.6,3.5,Fintech,HIGH
Immediate rollback required for Data Pipeline,Immediate rollback required for Data Pipeline. This issue is affecting multiple stakeholders and requires immediate attention.,25,11,0.37,2.5,SaaS,HIGH
Production outage affecting User Service,Production outage affecting User Service. This issue is affecting multiple stakeholders and requires immediate attention.,22,17,0.22,6.0,AI Platform,HIGH
Automate campaign tracking for Referral Program,Automate campaign tracking for Referral Program. This enhancement supports ongoing optimization efforts.,32,0,0.07,1.8,AI Platform,MEDIUM
Implement new feature for Settings,Implement new feature for Settings. Important for improving overall system quality.,25,7,0.06,3.8,EdTech,MEDIUM
Cleanup unused resources,Cleanup unused resources. No immediate operational risk involved.,-1,3,0.16,0.8,Fintech,LOW
Implement new feature for Checkout,Implement new feature for Checkout. This task will improve operational efficiency.,30,0,0.01,0.2,Healthcare,MEDIUM
System crash during Login,System crash during Login. Failure to resolve may result in financial or reputational damage.,9,2,0.37,2.6,AI Platform,HIGH
Minor UI alignment fix,Minor UI alignment fix. No immediate operational risk involved.,33,2,0.05,1.4,AI Platform,LOW
Enhance UI for Settings,Enhance UI for Settings. This task will improve operational efficiency.,17,1,0.3,1.1,AI Platform,MEDIUM
Client escalation regarding Login,Client escalation regarding Login. Failure to resolve may result in financial or reputational damage.,7,0,0.42,6.8,E-commerce,HIGH
System crash during Checkout,System crash during Checkout. Failure to resolve may result in financial or reputational damage.,12,8,0.24,1.5,EdTech,HIGH
Enhance internal documentation,Enhance internal documentation. This is a minor improvement with low business impact.,17,6,0.11,1.4,Fintech,LOW
Critical issue in Backend API,Critical issue in Backend API. This task is blocking critical business operations.,6,13,0.88,9.7,AI Platform,HIGH
Automate campaign tracking for Black Friday Campaign,Automate campaign tracking for Black Friday Campaign. This task will improve operational efficiency.,-1,0,0.27,2.3,AI Platform,MEDIUM
Client escalation regarding Analytics,Client escalation regarding Analytics. This task is blocking critical business operations.,7,13,0.85,8.7,Fintech,HIGH
Compliance violation in Marketing,Compliance violation in Marketing. This issue is affecting multiple stakeholders and requires immediate attention.,6,8,0.51,9.8,SaaS,HIGH
Automate campaign tracking for Referral Program,Automate campaign tracking for Referral Program. This enhancement supports ongoing optimization efforts.,29,8,0.5,1.0,Healthcare,MEDIUM
Revenue-impacting defect in Settings,Revenue-impacting defect in Settings. This issue is affecting multiple stakeholders and requires immediate attention.,13,0,0.63,4.0,AI Platform,HIGH
Client escalation regarding Dashboard,Client escalation regarding Dashboard. Failure to resolve may result in financial or reputational damage.,6,11,0.77,4.5,SaaS,HIGH
Critical issue in Payment Gateway,Critical issue in Payment Gateway. Failure to resolve may result in financial or reputational damage.,3,7,0.55,3.7,Healthcare,HIGH
Payment failure reported by Enterprise Client,Payment failure reported by Enterprise Client. This issue is affecting multiple stakeholders and requires immediate attention.,-1,12,0.67,8.5,E-commerce,HIGH
System crash during Settings,System crash during Settings. This issue is affecting multiple stakeholders and requires immediate attention.,-1,2,0.23,2.8,EdTech,HIGH
Fix minor typo in documentation,Fix minor typo in documentation. This is a minor improvement with low business impact.,-1,1,0.19,0.3,Healthcare,LOW
Implement new feature for Dashboard,Implement new feature for Dashboard. This task will improve operational efficiency.,19,2,0.16,2.3,E-commerce,MEDIUM
Revenue-impacting defect in Settings,Revenue-impacting defect in Settings. This task is blocking critical business operations.,8,2,0.75,3.8,Healthcare,HIGH
Improve analytics reporting for Settings,Improve analytics reporting for Settings. Important for improving overall system quality.,19,0,0.36,2.3,EdTech,MEDIUM
Critical issue in Payment Gateway,Critical issue in Payment Gateway. Failure to resolve may result in financial or reputational damage.,-1,9,0.89,3.3,E-commerce,HIGH
Critical issue in Backend API,Critical issue in Backend API. Failure to resolve may result in financial or reputational damage.,10,0,0.26,9.6,AI Platform,HIGH
Integrate new API into Reporting Service,Integrate new API into Reporting Service. This task will improve operational efficiency.,12,6,0.46,3.2,EdTech,MEDIUM
Minor UI alignment fix,Minor UI alignment fix. Can be addressed during routine maintenance.,41,3,0.1,1.0,Healthcare,LOW
Enhance internal documentation,Enhance internal documentation. Can be addressed during routine maintenance.,-1,4,0.16,0.5,EdTech,LOW
Enhance performance of Data Pipeline,Enhance performance of Data Pipeline. This enhancement supports ongoing optimization efforts.,27,4,0.11,0.2,Healthcare,MEDIUM
Cleanup unused resources,Cleanup unused resources. No immediate operational risk involved.,29,4,0.16,0.2,Fintech,LOW
Update design theme slightly,Update design theme slightly. No immediate operational risk involved.,47,1,0.09,1.3,SaaS,LOW
Client escalation regarding Login,Client escalation regarding Login. Failure to resolve may result in financial or reputational damage.,5,12,0.67,9.6,EdTech,HIGH
Upgrade billing process in Expense Audit,Upgrade billing process in Expense Audit. Important for improving overall system quality.,-1,2,0.01,0.6,EdTech,MEDIUM
Production outage affecting Billing Service,Production outage affecting Billing Service. This task is blocking critical business operations.,15,11,0.86,1.6,AI Platform,HIGH
Critical issue in Backend API,Critical issue in Backend API. This task is blocking critical business operations.,-1,0,0.26,4.8,EdTech,HIGH
Audit failure in Sales,Audit failure in Sales. This task is blocking critical business operations.,-1,0,0.84,9.4,E-commerce,HIGH
Security breach detected in Mobile App,Security breach detected in Mobile App. This issue is affecting multiple stakeholders and requires immediate attention.,10,9,0.38,9.4,Fintech,HIGH
Automate campaign tracking for Email Automation,Automate campaign tracking for Email Automation. This task will improve operational efficiency.,18,0,0.25,0.2,AI Platform,MEDIUM
Upgrade billing process in Expense Audit,Upgrade billing process in Expense Audit. This task will improve operational efficiency.,20,8,0.45,1.0,SaaS,MEDIUM
Integrate new API into Billing Service,Integrate new API into Billing Service. This enhancement supports ongoing optimization efforts.,18,5,0.43,1.9,Healthcare,MEDIUM
Compliance violation in Operations,Compliance violation in Operations. This task is blocking critical business operations.,9,13,0.73,3.2,AI Platform,HIGH
Improve analytics reporting for Profile,Improve analytics reporting for Profile. This enhancement supports ongoing optimization efforts.,12,9,0.19,0.4,SaaS,MEDIUM
Improve comments in codebase,Improve comments in codebase. Can be addressed during routine maintenance.,-1,1,0.06,0.5,Healthcare,LOW
Minor UI alignment fix,Minor UI alignment fix. No immediate operational risk involved.,74,3,0.09,0.6,Fintech,LOW
Improve comments in codebase,Improve comments in codebase. This is a minor improvement with low business impact.,-1,5,0.08,0.2,AI Platform,LOW
Improve formatting in Mobile App,Improve formatting in Mobile App. No immediate operational risk involved.,26,5,0.07,0.1,AI Platform,LOW
Update dependency versions,Update dependency versions. This is a minor improvement with low business impact.,52,3,0.19,1.8,SaaS,LOW
Refactor variable naming in Frontend App,Refactor variable naming in Frontend App. No immediate operational risk involved.,37,0,0.01,1.5,SaaS,LOW
Improve onboarding process for Employee Onboarding,Improve onboarding process for Employee Onboarding. This task will improve operational efficiency.,9,0,0.23,3.8,SaaS,MEDIUM
Refactor codebase in Payment Gateway,Refactor codebase in Payment Gateway. This enhancement supports ongoing optimization efforts.,-1,4,0.31,1.9,EdTech,MEDIUM
Compliance violation in Support,Compliance violation in Support. This issue is affecting multiple stakeholders and requires immediate attention.,7,16,0.74,8.2,EdTech,HIGH
Payment failure reported by Premium Customer,Payment failure reported by Premium Customer. Failure to resolve may result in financial or reputational damage.,8,8,0.39,1.6,SaaS,HIGH
Fix minor typo in documentation,Fix minor typo in documentation. No immediate operational risk involved.,45,1,0.17,2.0,Healthcare,LOW
Client escalation regarding Profile,Client escalation regarding Profile. This issue is affecting multiple stakeholders and requires immediate attention.,6,17,0.82,1.7,EdTech,HIGH
Cleanup unused resources,Cleanup unused resources. No immediate operational risk involved.,45,5,0.14,1.6,EdTech,LOW
Compliance violation in HR,Compliance violation in HR. Failure to resolve may result in financial or reputational damage.,5,9,0.49,2.7,AI Platform,HIGH
Update dependency versions,Update dependency versions. No immediate operational risk involved.,18,0,0.11,1.0,AI Platform,LOW
Payment failure reported by Premium Customer,Payment failure reported by Premium Customer. Failure to resolve may result in financial or reputational damage.,0,7,0.44,6.3,SaaS,HIGH
Implement new feature for Settings,Implement new feature for Settings. This task will improve operational efficiency.,15,0,0.07,1.7,Fintech,MEDIUM
System crash during Analytics,System crash during Analytics. Failure to resolve may result in financial or reputational damage.,20,0,0.88,5.7,Fintech,HIGH
Improve comments in codebase,Improve comments in codebase. Can be addressed during routine maintenance.,47,0,0.18,0.1,E-commerce,LOW
Enhance internal documentation,Enhance internal documentation. Can be addressed during routine maintenance.,-1,2,0.17,0.2,E-commerce,LOW
Refactor variable naming in Frontend App,Refactor variable naming in Frontend App. Can be addressed during routine maintenance.,-1,0,0.12,0.2,Healthcare,LOW
Implement new feature for Dashboard,Implement new feature for Dashboard. This task will improve operational efficiency.,27,5,0.49,1.7,E-commerce,MEDIUM
Critical issue in Mobile App,Critical issue in Mobile App. This issue is affecting multiple stakeholders and requires immediate attention.,-1,8,0.63,4.9,Fintech,HIGH
Improve analytics reporting for Login,Improve analytics reporting for Login. This task will improve operational efficiency.,9,0,0.24,1.7,Fintech,MEDIUM
Revenue-impacting defect in Profile,Revenue-impacting defect in Profile. Failure to resolve may result in financial or reputational damage.,22,16,0.31,1.5,EdTech,HIGH
Client escalation regarding Checkout,Client escalation regarding Checkout. This issue is affecting multiple stakeholders and requires immediate attention.,19,15,0.84,1.7,Healthcare,HIGH
Minor UI alignment fix,Minor UI alignment fix. This is a minor improvement with low business impact.,73,0,0.18,0.2,Healthcare,LOW
Cleanup unused resources,Cleanup unused resources. Can be addressed during routine maintenance.,61,0,0.04,0.8,Healthcare,LOW
Refactor codebase in Frontend App,Refactor codebase in Frontend App. This enhancement supports ongoing optimization efforts.,25,0,0.07,1.6,Healthcare,MEDIUM
Upgrade billing process in Expense Audit,Upgrade billing process in Expense Audit. This task will improve operational efficiency.,-1,0,0.41,0.8,AI Platform,MEDIUM
Integrate new API into Notification Service,Integrate new API into Notification Service. Important for improving overall system quality.,-1,0,0.15,1.9,Healthcare,MEDIUM
Payment failure reported by Enterprise Client,Payment failure reported by Enterprise Client. This issue is affecting multiple stakeholders and requires immediate attention.,6,1,0.2,9.3,AI Platform,HIGH
Integrate new API into User Service,Integrate new API into User Service. This task will improve operational efficiency.,30,4,0.06,1.4,SaaS,MEDIUM
Improve analytics reporting for Profile,Improve analytics reporting for Profile. This task will improve operational efficiency.,12,0,0.1,0.0,SaaS,MEDIUM
Refactor codebase in Backend API,Refactor codebase in Backend API. This enhancement supports ongoing optimization efforts.,14,13,0.12,3.9,E-commerce,MEDIUM
Production outage affecting User Service,Production outage affecting User Service. This task is blocking critical business operations.,6,10,0.27,7.7,EdTech,HIGH
Improve comments in codebase,Improve comments in codebase. No immediate operational risk involved.,33,3,0.03,1.0,EdTech,LOW
Enhance internal documentation,Enhance internal documentation. Can be addressed during routine maintenance.,21,0,0.13,1.7,Healthcare,LOW
Compliance violation in Marketing,Compliance violation in Marketing. Failure to resolve may result in financial or reputational damage.,-1,12,0.38,7.5,E-commerce,HIGH
Automate campaign tracking for Black Friday Campaign,Automate campaign tracking for Black Friday Campaign. This enhancement supports ongoing optimization efforts.,-1,0,0.38,3.2,SaaS,MEDIUM
Implement new feature for Analytics,Implement new feature for Analytics. This task will improve operational efficiency.,-1,0,0.14,2.4,E-commerce,MEDIUM
Refactor codebase in Data Pipeline,Refactor codebase in Data Pipeline. This enhancement supports ongoing optimization efforts.,26,9,0.09,0.6,Fintech,MEDIUM
Audit failure in HR,Audit failure in HR. Failure to resolve may result in financial or reputational damage.,12,7,0.61,10.0,AI Platform,HIGH
Update dependency versions,Update dependency versions. Can be addressed during routine maintenance.,-1,0,0.16,1.5,AI Platform,LOW
Enhance performance of Auth Service,Enhance performance of Auth Service. Important for improving overall system quality.,38,1,0.1,3.9,Healthcare,MEDIUM
Immediate rollback required for Backend API,Immediate rollback required for Backend API. This issue is affecting multiple stakeholders and requires immediate attention.,13,0,0.81,2.0,SaaS,HIGH
Improve formatting in Frontend App,Improve formatting in Frontend App. Can be addressed during routine maintenance.,69,0,0.02,1.8,SaaS,LOW
Optimize workflow in Marketing,Optimize workflow in Marketing. This enhancement supports ongoing optimization efforts.,-1,10,0.02,2.9,E-commerce,MEDIUM
Fix minor typo in documentation,Fix minor typo in documentation. No immediate operational risk involved.,37,7,0.19,1.0,EdTech,LOW
Client escalation regarding Analytics,Client escalation regarding Analytics. Failure to resolve may result in financial or reputational damage.,9,0,0.86,6.8,SaaS,HIGH
Update design theme slightly,Update design theme slightly. Can be addressed during routine maintenance.,-1,3,0.03,1.3,AI Platform,LOW
Improve analytics reporting for Login,Improve analytics reporting for Login. Important for improving overall system quality.,8,11,0.27,1.4,SaaS,MEDIUM
Cleanup unused resources,Cleanup unused resources. This is a minor improvement with low business impact.,24,7,0.01,0.1,AI Platform,LOW
Enhance UI for Analytics,Enhance UI for Analytics. This enhancement supports ongoing optimization efforts.,21,3,0.24,2.5,AI Platform,MEDIUM
Audit failure in Operations,Audit failure in Operations. This issue is affecting multiple stakeholders and requires immediate attention.,7,10,0.7,8.1,E-commerce,HIGH
Immediate rollback required for Database,Immediate rollback required for Database. This task is blocking critical business operations.,17,0,0.64,4.4,EdTech,HIGH
Upgrade billing process in Expense Audit,Upgrade billing process in Expense Audit. This enhancement supports ongoing optimization efforts.,9,7,0.49,2.9,Healthcare,MEDIUM
Improve onboarding process for Employee Onboarding,Improve onboarding process for Employee Onboarding. This enhancement supports ongoing optimization efforts.,35,0,0.48,1.3,AI Platform,MEDIUM
Immediate rollback required for Data Pipeline,Immediate rollback required for Data Pipeline. Failure to resolve may result in financial or reputational damage.,6,10,0.79,3.5,Fintech,HIGH
Client escalation regarding Analytics,Client escalation regarding Analytics. Failure to resolve may result in financial or reputational damage.,20,7,0.57,5.5,Fintech,HIGH
Improve onboarding process for Employee Onboarding,Improve onboarding process for Employee Onboarding. This task will improve operational efficiency.,26,4,0.43,0.5,AI Platform,MEDIUM
Improve comments in codebase,Improve comments in codebase. Can be addressed during routine maintenance.,35,7,0.01,0.7,SaaS,LOW
Enhance performance of Backend API,Enhance performance of Backend API. This enhancement supports ongoing optimization efforts.,-1,3,0.33,3.9,Fintech,MEDIUM
Upgrade billing process in Expense Audit,Upgrade billing process in Expense Audit. This enhancement supports ongoing optimization efforts.,5,1,0.32,0.1,Healthcare,MEDIUM
Organize file structure,Organize file structure. This is a minor improvement with low business impact.,-1,2,0.15,1.6,AI Platform,LOW
Revenue-impacting defect in Settings,Revenue-impacting defect in Settings. Failure to resolve may result in financial or reputational damage.,4,8,0.59,7.9,Healthcare,HIGH
Revenue-impacting defect in Dashboard,Revenue-impacting defect in Dashboard. This issue is affecting multiple stakeholders and requires immediate attention.,6,9,0.27,8.3,EdTech,HIGH
Implement new feature for Login,Implement new feature for Login. This task will improve operational efficiency.,7,3,0.24,0.6,EdTech,MEDIUM
Enhance performance of Data Pipeline,Enhance performance of Data Pipeline. Important for improving overall system quality.,21,0,0.04,1.0,EdTech,MEDIUM
Fix minor typo in documentation,Fix minor typo in documentation. Can be addressed during routine maintenance.,45,2,0.12,2.0,E-commerce,LOW
Improve onboarding process for Recruitment Drive,Improve onboarding process for Recruitment Drive. This task will improve operational efficiency.,38,10,0.1,3.0,EdTech,MEDIUM
Improve onboarding process for Recruitment Drive,Improve onboarding process for Recruitment Drive. This task will improve operational efficiency.,24,6,0.08,2.5,SaaS,MEDIUM
Payment failure reported by Startup Client,Payment failure reported by Startup Client. This issue is affecting multiple stakeholders and requires immediate attention.,10,3,0.22,2.8,E-commerce,HIGH
Cleanup unused resources,Cleanup unused resources. This is a minor improvement with low business impact.,51,7,0.06,1.1,SaaS,LOW
Optimize workflow in HR,Optimize workflow in HR. This enhancement supports ongoing optimization efforts.,12,5,0.36,0.6,Fintech,MEDIUM
Update design theme slightly,Update design theme slightly. No immediate operational risk involved.,35,0,0.17,0.7,AI Platform,LOW
Compliance violation in Sales,Compliance violation in Sales. This task is blocking critical business operations.,-1,12,0.73,5.5,AI Platform,HIGH
Critical issue in Backend API,Critical issue in Backend API. This issue is affecting multiple stakeholders and requires immediate attention.,-1,12,0.32,2.7,EdTech,HIGH
Refactor variable naming in Payment Gateway,Refactor variable naming in Payment Gateway. No immediate operational risk involved.,30,5,0.05,1.5,Fintech,LOW
Organize file structure,Organize file structure. Can be addressed during routine maintenance.,46,5,0.04,1.8,Healthcare,LOW
Automate campaign tracking for Email Automation,Automate campaign tracking for Email Automation. This task will improve operational efficiency.,-1,3,0.03,1.4,Healthcare,MEDIUM
Enhance UI for Analytics,Enhance UI for Analytics. This task will improve operational efficiency.,3,0,0.43,3.5,Fintech,MEDIUM
Cleanup unused resources,Cleanup unused resources. Can be addressed during routine maintenance.,40,1,0.2,1.3,E-commerce,LOW
Integrate new API into Notification Service,Integrate new API into Notification Service. This task will improve operational efficiency.,14,12,0.37,1.2,Fintech,MEDIUM
Enhance internal documentation,Enhance internal documentation. No immediate operational risk involved.,27,6,0.07,1.6,EdTech,LOW
System crash during Login,System crash during Login. This task is blocking critical business operations.,9,5,0.26,1.9,SaaS,HIGH
Client escalation regarding Settings,Client escalation regarding Settings. This task is blocking critical business operations.,10,0,0.73,6.0,AI Platform,HIGH
Fix minor typo in documentation,Fix minor typo in documentation. Can be addressed during routine maintenance.,2,2,0.18,0.7,SaaS,LOW
Improve formatting in Backend API,Improve formatting in Backend API. No immediate operational risk involved.,17,0,0.17,1.0,EdTech,LOW
Compliance violation in Marketing,Compliance violation in Marketing. This task is blocking critical business operations.,-1,16,0.68,9.6,Healthcare,HIGH
Improve analytics reporting for Login,Improve analytics reporting for Login. Important for improving overall system quality.,-1,0,0.13,0.6,Fintech,MEDIUM
Improve comments in codebase,Improve comments in codebase. No immediate operational risk involved.,62,5,0.18,0.4,SaaS,LOW
Implement new feature for Search,Implement new feature for Search. This enhancement supports ongoing optimization efforts.,30,3,0.08,3.1,E-commerce,MEDIUM
Production outage affecting Reporting Service,Production outage affecting Reporting Service. This issue is affecting multiple stakeholders and requires immediate attention.,7,3,0.24,4.4,Healthcare,HIGH
Implement new feature for Dashboard,Implement new feature for Dashboard. Important for improving overall system quality.,24,6,0.12,1.2,Healthcare,MEDIUM
Optimize workflow in Support,Optimize workflow in Support. This enhancement supports ongoing optimization efforts.,-1,5,0.39,3.5,AI Platform,MEDIUM
System crash during Settings,System crash during Settings. This issue is affecting multiple stakeholders and requires immediate attention.,4,15,0.51,5.2,EdTech,HIGH
Immediate rollback required for Payment Gateway,Immediate rollback required for Payment Gateway. This task is blocking critical business operations.,13,17,0.5,6.7,Fintech,HIGH
Optimize workflow in Marketing,Optimize workflow in Marketing. This task will improve operational efficiency.,12,8,0.21,3.2,AI Platform,MEDIUM
Security breach detected in Mobile App,Security breach detected in Mobile App. Failure to resolve may result in financial or reputational damage.,13,6,0.85,2.9,Fintech,HIGH
Refactor codebase in Data Pipeline,Refactor codebase in Data Pipeline. Important for improving overall system quality.,-1,2,0.11,1.5,Healthcare,MEDIUM
Critical issue in Auth Service,Critical issue in Auth Service. Failure to resolve may result in financial or reputational damage.,14,10,0.59,7.3,SaaS,HIGH
Minor UI alignment fix,Minor UI alignment fix. No immediate operational risk involved.,46,0,0.18,0.9,Healthcare,LOW
Enhance performance of Data Pipeline,Enhance performance of Data Pipeline. This task will improve operational efficiency.,16,0,0.5,1.5,EdTech,MEDIUM
Revenue-impacting defect in Search,Revenue-impacting defect in Search. This issue is affecting multiple stakeholders and requires immediate attention.,18,0,0.33,2.3,E-commerce,HIGH
Security breach detected in Backend API,Security breach detected in Backend API. This issue is affecting multiple stakeholders and requires immediate attention.,-1,14,0.62,4.1,EdTech,HIGH
Automate campaign tracking for Black Friday Campaign,Automate campaign tracking for Black Friday Campaign. This task will improve operational efficiency.,15,4,0.13,3.3,EdTech,MEDIUM
Client escalation regarding Settings,Client escalation regarding Settings. This issue is affecting multiple stakeholders and requires immediate attention.,4,13,0.47,6.9,SaaS,HIGH
Refactor codebase in Payment Gateway,Refactor codebase in Payment Gateway. This enhancement supports ongoing optimization efforts.,26,11,0.01,3.7,SaaS,MEDIUM
Revenue-impacting defect in Search,Revenue-impacting defect in Search. This task is blocking critical business operations.,26,11,0.26,8.4,Healthcare,HIGH
Refactor variable naming in Auth Service,Refactor variable naming in Auth Service. This is a minor improvement with low business impact.,64,0,0.07,0.6,Fintech,LOW
Immediate rollback required for Auth Service,Immediate rollback required for Auth Service. This task is blocking critical business operations.,-1,0,0.26,6.0,EdTech,HIGH
Organize file structure,Organize file structure. No immediate operational risk involved.,-1,5,0.11,1.7,Fintech,LOW
Improve onboarding process for Employee Onboarding,Improve onboarding process for Employee Onboarding. This enhancement supports ongoing optimization efforts.,31,0,0.23,1.1,AI Platform,MEDIUM
Optimize workflow in Sales,Optimize workflow in Sales. This task will improve operational efficiency.,14,0,0.32,3.2,Healthcare,MEDIUM
Improve analytics reporting for Settings,Improve analytics reporting for Settings. Important for improving overall system quality.,11,10,0.43,3.9,Fintech,MEDIUM
Security breach detected in Payment Gateway,Security breach detected in Payment Gateway. This task is blocking critical business operations.,5,0,0.53,5.7,EdTech,HIGH
Immediate rollback required for Data Pipeline,Immediate rollback required for Data Pipeline. This issue is affecting multiple stakeholders and requires immediate attention.,23,11,0.49,1.7,E-commerce,HIGH
Implement new feature for Profile,Implement new feature for Profile. Important for improving overall system quality.,18,0,0.25,1.1,Fintech,MEDIUM
Update dependency versions,Update dependency versions. This is a minor improvement with low business impact.,72,0,0.05,2.0,SaaS,LOW
Cleanup unused resources,Cleanup unused resources. No immediate operational risk involved.,67,4,0.03,1.2,Fintech,LOW
Audit failure in Operations,Audit failure in Operations. This issue is affecting multiple stakeholders and requires immediate attention.,-1,0,0.47,1.5,Fintech,HIGH
Immediate rollback required for Data Pipeline,Immediate rollback required for Data Pipeline. Failure to resolve may result in financial or reputational damage.,23,5,0.27,6.0,AI Platform,HIGH
Automate campaign tracking for Black Friday Campaign,Automate campaign tracking for Black Friday Campaign. This task will improve operational efficiency.,21,5,0.01,2.8,E-commerce,MEDIUM
Automate campaign tracking for Email Automation,Automate campaign tracking for Email Automation. Important for improving overall system quality.,-1,3,0.36,0.8,Healthcare,MEDIUM
Critical issue in Payment Gateway,Critical issue in Payment Gateway. Failure to resolve may result in financial or reputational damage.,10,11,0.32,2.3,EdTech,HIGH
Security breach detected in Backend API,Security breach detected in Backend API. This issue is affecting multiple stakeholders and requires immediate attention.,6,19,0.88,9.3,AI Platform,HIGH
Improve analytics reporting for Login,Improve analytics reporting for Login. Important for improving overall system quality.,27,11,0.22,1.0,AI Platform,MEDIUM
Upgrade billing process in Invoice Processing,Upgrade billing process in Invoice Processing. Important for improving overall system quality.,31,6,0.43,0.3,E-commerce,MEDIUM
Improve analytics reporting for Settings,Improve analytics reporting for Settings. Important for improving overall system quality.,30,4,0.04,0.6,AI Platform,MEDIUM
Audit failure in Marketing,Audit failure in Marketing. This task is blocking critical business operations.,11,0,0.8,9.7,SaaS,HIGH
Update dependency versions,Update dependency versions. Can be addressed during routine maintenance.,46,2,0.06,0.9,EdTech,LOW
Optimize workflow in Operations,Optimize workflow in Operations. This task will improve operational efficiency.,31,4,0.04,0.5,Healthcare,MEDIUM
System crash during Analytics,System crash during Analytics. Failure to resolve may result in financial or reputational damage.,21,0,0.21,6.3,Healthcare,HIGH
Update design theme slightly,Update design theme slightly. Can be addressed during routine maintenance.,46,7,0.05,1.7,EdTech,LOW
Critical issue in Database,Critical issue in Database. This issue is affecting multiple stakeholders and requires immediate attention.,1,9,0.72,7.2,EdTech,HIGH
Immediate rollback required for Auth Service,Immediate rollback required for Auth Service. Failure to resolve may result in financial or reputational damage.,5,1,0.32,6.4,AI Platform,HIGH
Critical issue in Data Pipeline,Critical issue in Data Pipeline. This task is blocking critical business operations.,6,9,0.49,6.1,E-commerce,HIGH
Client escalation regarding Login,Client escalation regarding Login. Failure to resolve may result in financial or reputational damage.,2,0,0.44,6.1,SaaS,HIGH
Refactor variable naming in Database,Refactor variable naming in Database. This is a minor improvement with low business impact.,35,1,0.04,0.1,Fintech,LOW
Improve onboarding process for Payroll Review,Improve onboarding process for Payroll Review. Important for improving overall system quality.,6,7,0.2,3.2,SaaS,MEDIUM
Compliance violation in Operations,Compliance violation in Operations. This issue is affecting multiple stakeholders and requires immediate attention.,3,18,0.71,7.0,SaaS,HIGH
Improve onboarding process for Recruitment Drive,Improve onboarding process for Recruitment Drive. This task will improve operational efficiency.,8,0,0.19,1.1,Healthcare,MEDIUM
Enhance internal documentation,Enhance internal documentation. Can be addressed during routine maintenance.,67,1,0.09,1.4,Fintech,LOW
Minor UI alignment fix,Minor UI alignment fix. No immediate operational risk involved.,75,0,0.14,0.3,E-commerce,LOW
Improve comments in codebase,Improve comments in codebase. This is a minor improvement with low business impact.,40,6,0.11,1.5,AI Platform,LOW
Automate campaign tracking for Black Friday Campaign,Automate campaign tracking for Black Friday Campaign. This task will improve operational efficiency.,21,0,0.36,3.6,Fintech,MEDIUM
Compliance violation in Marketing,Compliance violation in Marketing. Failure to resolve may result in financial or reputational damage.,4,9,0.54,1.5,SaaS,HIGH
Revenue-impacting defect in Dashboard,Revenue-impacting defect in Dashboard. This task is blocking critical business operations.,3,15,0.29,3.5,Fintech,HIGH
Production outage affecting Reporting Service,Production outage affecting Reporting Service. Failure to resolve may result in financial or reputational damage.,2,0,0.65,1.8,Fintech,HIGH
Enhance internal documentation,Enhance internal documentation. Can be addressed during routine maintenance.,37,3,0.11,0.8,Fintech,LOW
Enhance internal documentation,Enhance internal documentation. This is a minor improvement with low business impact.,7,2,0.09,1.8,E-commerce,LOW
Production outage affecting Inventory Service,Production outage affecting Inventory Service. This task is blocking critical business operations.,-1,10,0.57,9.0,E-commerce,HIGH
Improve onboarding process for Payroll Review,Improve onboarding process for Payroll Review. Important for improving overall system quality.,30,7,0.11,0.5,SaaS,MEDIUM
Automate campaign tracking for Black Friday Campaign,Automate campaign tracking for Black Friday Campaign. This task will improve operational efficiency.,9,1,0.34,2.3,EdTech,MEDIUM
Fix minor typo in documentation,Fix minor typo in documentation. Can be addressed during routine maintenance.,38,0,0.0,1.3,AI Platform,LOW
Improve onboarding process for Payroll Review,Improve onboarding process for Payroll Review. Important for improving overall system quality.,-1,10,0.25,0.7,Fintech,MEDIUM
Immediate rollback required for Frontend App,Immediate rollback required for Frontend App. This issue is affecting multiple stakeholders and requires immediate attention.,8,0,0.65,2.6,Healthcare,HIGH
Revenue-impacting defect in Login,Revenue-impacting defect in Login. This task is blocking critical business operations.,17,16,0.32,4.3,EdTech,HIGH
Fix minor typo in documentation,Fix minor typo in documentation. No immediate operational risk involved.,38,6,0.15,1.8,E-commerce,LOW
Automate campaign tracking for Black Friday Campaign,Automate campaign tracking for Black Friday Campaign. This enhancement supports ongoing optimization efforts.,32,11,0.44,3.1,EdTech,MEDIUM
Improve comments in codebase,Improve comments in codebase. Can be addressed during routine maintenance.,-1,3,0.1,0.2,EdTech,LOW
Compliance violation in Sales,Compliance violation in Sales. This issue is affecting multiple stakeholders and requires immediate attention.,17,9,0.52,3.6,Fintech,HIGH
Organize file structure,Organize file structure. No immediate operational risk involved.,-1,0,0.12,0.3,E-commerce,LOW
Implement new feature for Checkout,Implement new feature for Checkout. Important for improving overall system quality.,3,0,0.41,0.8,Healthcare,MEDIUM
Revenue-impacting defect in Analytics,Revenue-impacting defect in Analytics. This issue is affecting multiple stakeholders and requires immediate attention.,10,0,0.35,7.7,AI Platform,HIGH
Automate campaign tracking for Black Friday Campaign,Automate campaign tracking for Black Friday Campaign. This task will improve operational efficiency.,17,0,0.49,0.5,SaaS,MEDIUM
Cleanup unused resources,Cleanup unused resources. Can be addressed during routine maintenance.,9,1,0.01,2.0,AI Platform,LOW
Minor UI alignment fix,Minor UI alignment fix. No immediate operational risk involved.,-1,1,0.12,0.8,Healthcare,LOW
Update design theme slightly,Update design theme slightly. This is a minor improvement with low business impact.,29,0,0.03,0.1,SaaS,LOW
Optimize workflow in Operations,Optimize workflow in Operations. Important for improving overall system quality.,20,2,0.24,3.1,Healthcare,MEDIUM
Improve analytics reporting for Dashboard,Improve analytics reporting for Dashboard. This task will improve operational efficiency.,22,0,0.17,2.3,Healthcare,MEDIUM
Client escalation regarding Search,Client escalation regarding Search. This issue is affecting multiple stakeholders and requires immediate attention.,-1,16,0.73,4.8,E-commerce,HIGH
Minor UI alignment fix,Minor UI alignment fix. No immediate operational risk involved.,26,3,0.08,0.2,Fintech,LOW
Security breach detected in Mobile App,Security breach detected in Mobile App. Failure to resolve may result in financial or reputational damage.,10,14,0.53,5.0,AI Platform,HIGH
Client escalation regarding Search,Client escalation regarding Search. This task is blocking critical business operations.,9,0,0.44,7.7,EdTech,HIGH
Improve analytics reporting for Analytics,Improve analytics reporting for Analytics. This enhancement supports ongoing optimization efforts.,29,12,0.08,0.2,E-commerce,MEDIUM
Refactor codebase in Frontend App,Refactor codebase in Frontend App. This enhancement supports ongoing optimization efforts.,21,7,0.49,3.6,Healthcare,MEDIUM
System crash during Dashboard,System crash during Dashboard. This issue is affecting multiple stakeholders and requires immediate attention.,20,8,0.89,6.3,AI Platform,HIGH
Refactor variable naming in Data Pipeline,Refactor variable naming in Data Pipeline. No immediate operational risk involved.,20,0,0.01,0.8,Fintech,LOW
Optimize workflow in Finance,Optimize workflow in Finance. This enhancement supports ongoing optimization efforts.,12,0,0.1,2.7,AI Platform,MEDIUM
Integrate new API into User Service,Integrate new API into User Service. Important for improving overall system quality.,-1,1,0.4,4.0,Fintech,MEDIUM
Integrate new API into Notification Service,Integrate new API into Notification Service. This enhancement supports ongoing optimization efforts.,25,10,0.38,1.5,E-commerce,MEDIUM
Compliance violation in Finance,Compliance violation in Finance. Failure to resolve may result in financial or reputational damage.,3,11,0.63,4.2,Fintech,HIGH
Production outage affecting Billing Service,Production outage affecting Billing Service. This issue is affecting multiple stakeholders and requires immediate attention.,9,11,0.51,7.4,E-commerce,HIGH
Payment failure reported by Premium Customer,Payment failure reported by Premium Customer. This issue is affecting multiple stakeholders and requires immediate attention.,20,0,0.76,6.0,E-commerce,HIGH
Implement new feature for Login,Implement new feature for Login. This enhancement supports ongoing optimization efforts.,9,0,0.41,2.3,EdTech,MEDIUM
Minor UI alignment fix,Minor UI alignment fix. Can be addressed during routine maintenance.,5,0,0.08,1.2,Healthcare,LOW
Payment failure reported by Premium Customer,Payment failure reported by Premium Customer. This task is blocking critical business operations.,16,9,0.61,3.9,E-commerce,HIGH
Upgrade billing process in Budget Planning,Upgrade billing process in Budget Planning. This enhancement supports ongoing optimization efforts.,24,12,0.48,3.4,AI Platform,MEDIUM
Enhance internal documentation,Enhance internal documentation. No immediate operational risk involved.,-1,3,0.09,0.9,EdTech,LOW
Implement new feature for Profile,Implement new feature for Profile. This task will improve operational efficiency.,19,0,0.16,1.6,AI Platform,MEDIUM
Immediate rollback required for Mobile App,Immediate rollback required for Mobile App. Failure to resolve may result in financial or reputational damage.,-1,15,0.83,6.5,AI Platform,HIGH
Enhance internal documentation,Enhance internal documentation. No immediate operational risk involved.,-1,0,0.15,1.9,AI Platform,LOW
Improve onboarding process for Recruitment Drive,Improve onboarding process for Recruitment Drive. This task will improve operational efficiency.,22,8,0.14,2.3,E-commerce,MEDIUM
Enhance UI for Settings,Enhance UI for Settings. This task will improve operational efficiency.,35,0,0.1,0.2,Healthcare,MEDIUM
Refactor codebase in Auth Service,Refactor codebase in Auth Service. This enhancement supports ongoing optimization efforts.,22,2,0.3,2.6,EdTech,MEDIUM
Improve formatting in Auth Service,Improve formatting in Auth Service. This is a minor improvement with low business impact.,18,3,0.01,0.8,AI Platform,LOW
Improve onboarding process for Employee Onboarding,Improve onboarding process for Employee Onboarding. This task will improve operational efficiency.,-1,5,0.16,1.0,AI Platform,MEDIUM
Audit failure in Sales,Audit failure in Sales. This task is blocking critical business operations.,6,8,0.88,9.9,Fintech,HIGH
Organize file structure,Organize file structure. No immediate operational risk involved.,53,4,0.0,0.0,EdTech,LOW
Enhance performance of Auth Service,Enhance performance of Auth Service. This enhancement supports ongoing optimization efforts.,38,5,0.03,2.1,Fintech,MEDIUM
Production outage affecting Notification Service,Production outage affecting Notification Service. This issue is affecting multiple stakeholders and requires immediate attention.,21,6,0.63,7.1,Fintech,HIGH
Fix minor typo in documentation,Fix minor typo in documentation. This is a minor improvement with low business impact.,47,3,0.18,1.5,EdTech,LOW
Client escalation regarding Dashboard,Client escalation regarding Dashboard. Failure to resolve may result in financial or reputational damage.,21,6,0.66,9.5,Healthcare,HIGH
Minor UI alignment fix,Minor UI alignment fix. Can be addressed during routine maintenance.,26,6,0.07,0.7,Fintech,LOW
Improve comments in codebase,Improve comments in codebase. No immediate operational risk involved.,-1,4,0.14,0.9,Healthcare,LOW
Enhance performance of Auth Service,Enhance performance of Auth Service. Important for improving overall system quality.,24,2,0.34,2.8,AI Platform,MEDIUM
Minor UI alignment fix,Minor UI alignment fix. No immediate operational risk involved.,43,0,0.07,1.3,EdTech,LOW
Enhance performance of Backend API,Enhance performance of Backend API. This task will improve operational efficiency.,39,4,0.13,1.5,EdTech,MEDIUM
Compliance violation in HR,Compliance violation in HR. This issue is affecting multiple stakeholders and requires immediate attention.,2,9,0.32,7.0,Healthcare,HIGH
Improve analytics reporting for Checkout,Improve analytics reporting for Checkout. This task will improve operational efficiency.,13,2,0.21,0.4,Healthcare,MEDIUM
Enhance UI for Dashboard,Enhance UI for Dashboard. Important for improving overall system quality.,12,0,0.31,0.5,SaaS,MEDIUM
Minor UI alignment fix,Minor UI alignment fix. This is a minor improvement with low business impact.,25,2,0.06,0.3,AI Platform,LOW
Enhance internal documentation,Enhance internal documentation. Can be addressed during routine maintenance.,15,0,0.1,0.5,Healthcare,LOW
Enhance performance of Database,Enhance performance of Database. This task will improve operational efficiency.,11,12,0.38,3.8,EdTech,MEDIUM
Security breach detected in Payment Gateway,Security breach detected in Payment Gateway. This issue is affecting multiple stakeholders and requires immediate attention.,4,12,0.33,3.6,E-commerce,HIGH
Optimize workflow in Marketing,Optimize workflow in Marketing. This task will improve operational efficiency.,-1,10,0.16,3.1,Healthcare,MEDIUM
Security breach detected in Backend API,Security breach detected in Backend API. This issue is affecting multiple stakeholders and requires immediate attention.,-1,16,0.63,1.8,E-commerce,HIGH
Enhance UI for Login,Enhance UI for Login. This enhancement supports ongoing optimization efforts.,-1,0,0.29,1.1,AI Platform,MEDIUM
Update design theme slightly,Update design theme slightly. Can be addressed during routine maintenance.,-1,0,0.12,1.4,EdTech,LOW
Audit failure in HR,Audit failure in HR. This task is blocking critical business operations.,12,0,0.44,5.1,Healthcare,HIGH
Production outage affecting Reporting Service,Production outage affecting Reporting Service. This task is blocking critical business operations.,-1,9,0.29,8.4,Healthcare,HIGH
Improve comments in codebase,Improve comments in codebase. Can be addressed during routine maintenance.,-1,7,0.18,0.7,E-commerce,LOW
Automate campaign tracking for Black Friday Campaign,Automate campaign tracking for Black Friday Campaign. Important for improving overall system quality.,-1,6,0.18,0.7,E-commerce,MEDIUM
Enhance internal documentation,Enhance internal documentation. No immediate operational risk involved.,56,2,0.1,1.0,Fintech,LOW
Improve onboarding process for Payroll Review,Improve onboarding process for Payroll Review. This enhancement supports ongoing optimization efforts.,23,0,0.49,1.8,Healthcare,MEDIUM
Enhance performance of Auth Service,Enhance performance of Auth Service. This task will improve operational efficiency.,-1,0,0.47,3.1,EdTech,MEDIUM
Cleanup unused resources,Cleanup unused resources. Can be addressed during routine maintenance.,-1,0,0.11,1.3,Healthcare,LOW
Improve analytics reporting for Profile,Improve analytics reporting for Profile. Important for improving overall system quality.,-1,5,0.13,0.8,Healthcare,MEDIUM
Client escalation regarding Settings,Client escalation regarding Settings. This issue is affecting multiple stakeholders and requires immediate attention.,5,9,0.35,7.2,E-commerce,HIGH
Payment failure reported by Enterprise Client,Payment failure reported by Enterprise Client. This task is blocking critical business operations.,9,15,0.35,7.7,Healthcare,HIGH
Integrate new API into Billing Service,Integrate new API into Billing Service. This task will improve operational efficiency.,18,0,0.03,3.0,Fintech,MEDIUM
Improve formatting in Frontend App,Improve formatting in Frontend App. Can be addressed during routine maintenance.,29,0,0.14,1.3,AI Platform,LOW
Refactor variable naming in Mobile App,Refactor variable naming in Mobile App. Can be addressed during routine maintenance.,34,3,0.02,0.9,SaaS,LOW
Improve onboarding process for Payroll Review,Improve onboarding process for Payroll Review. This task will improve operational efficiency.,16,0,0.16,3.4,SaaS,MEDIUM
Refactor variable naming in Data Pipeline,Refactor variable naming in Data Pipeline. No immediate operational risk involved.,-1,0,0.15,1.2,E-commerce,LOW
Enhance performance of Mobile App,Enhance performance of Mobile App. This enhancement supports ongoing optimization efforts.,39,0,0.34,0.7,AI Platform,MEDIUM
Critical issue in Mobile App,Critical issue in Mobile App. Failure to resolve may result in financial or reputational damage.,10,7,0.62,3.3,SaaS,HIGH
Refactor variable naming in Data Pipeline,Refactor variable naming in Data Pipeline. Can be addressed during routine maintenance.,27,2,0.08,1.6,E-commerce,LOW
Optimize workflow in Operations,Optimize workflow in Operations. Important for improving overall system quality.,-1,0,0.07,0.5,E-commerce,MEDIUM
Revenue-impacting defect in Search,Revenue-impacting defect in Search. Failure to resolve may result in financial or reputational damage.,15,0,0.76,7.7,EdTech,HIGH
System crash during Analytics,System crash during Analytics. Failure to resolve may result in financial or reputational damage.,6,8,0.81,7.3,Healthcare,HIGH
Client escalation regarding Settings,Client escalation regarding Settings. Failure to resolve may result in financial or reputational damage.,4,2,0.22,2.6,SaaS,HIGH
Improve analytics reporting for Analytics,Improve analytics reporting for Analytics. This task will improve operational efficiency.,10,3,0.37,1.8,SaaS,MEDIUM
Fix minor typo in documentation,Fix minor typo in documentation. No immediate operational risk involved.,-1,0,0.13,0.9,AI Platform,LOW
Refactor variable naming in Mobile App,Refactor variable naming in Mobile App. No immediate operational risk involved.,21,4,0.16,0.1,E-commerce,LOW
Update design theme slightly,Update design theme slightly. No immediate operational risk involved.,16,0,0.01,2.0,SaaS,LOW
Client escalation regarding Settings,Client escalation regarding Settings. Failure to resolve may result in financial or reputational damage.,15,7,0.47,6.5,Fintech,HIGH
Upgrade billing process in Invoice Processing,Upgrade billing process in Invoice Processing. Important for improving overall system quality.,17,7,0.1,1.1,SaaS,MEDIUM
Upgrade billing process in Invoice Processing,Upgrade billing process in Invoice Processing. Important for improving overall system quality.,15,0,0.08,1.4,Fintech,MEDIUM
Payment failure reported by Startup Client,Payment failure reported by Startup Client. This issue is affecting multiple stakeholders and requires immediate attention.,17,9,0.4,9.5,Fintech,HIGH
Payment failure reported by Startup Client,Payment failure reported by Startup Client. Failure to resolve may result in financial or reputational damage.,-1,12,0.42,1.7,AI Platform,HIGH
System crash during Checkout,System crash during Checkout. This issue is affecting multiple stakeholders and requires immediate attention.,9,0,0.71,5.4,AI Platform,HIGH
Improve analytics reporting for Dashboard,Improve analytics reporting for Dashboard. This task will improve operational efficiency.,28,10,0.05,1.3,E-commerce,MEDIUM
Critical issue in Payment Gateway,Critical issue in Payment Gateway. Failure to resolve may result in financial or reputational damage.,6,10,0.34,1.1,Fintech,HIGH
Improve comments in codebase,Improve comments in codebase. This is a minor improvement with low business impact.,31,5,0.03,0.7,E-commerce,LOW
Enhance UI for Search,Enhance UI for Search. This enhancement supports ongoing optimization efforts.,8,8,0.24,2.5,SaaS,MEDIUM
Update dependency versions,Update dependency versions. No immediate operational risk involved.,62,2,0.02,1.8,SaaS,LOW
Upgrade billing process in Invoice Processing,Upgrade billing process in Invoice Processing. Important for improving overall system quality.,16,0,0.35,0.9,EdTech,MEDIUM
Client escalation regarding Login,Client escalation regarding Login. Failure to resolve may result in financial or reputational damage.,-1,0,0.69,1.7,SaaS,HIGH
Improve analytics reporting for Profile,Improve analytics reporting for Profile. Important for improving overall system quality.,11,12,0.4,1.1,AI Platform,MEDIUM
Refactor variable naming in Backend API,Refactor variable naming in Backend API. This is a minor improvement with low business impact.,26,0,0.01,1.6,E-commerce,LOW
Minor UI alignment fix,Minor UI alignment fix. No immediate operational risk involved.,7,0,0.01,1.2,E-commerce,LOW
Update dependency versions,Update dependency versions. This is a minor improvement with low business impact.,31,0,0.16,0.4,EdTech,LOW
Improve formatting in Backend API,Improve formatting in Backend API. Can be addressed during routine maintenance.,19,0,0.18,0.2,AI Platform,LOW
Enhance internal documentation,Enhance internal documentation. No immediate operational risk involved.,68,1,0.03,1.3,Healthcare,LOW
Automate campaign tracking for Black Friday Campaign,Automate campaign tracking for Black Friday Campaign. Important for improving overall system quality.,10,12,0.32,2.7,EdTech,MEDIUM
Upgrade billing process in Invoice Processing,Upgrade billing process in Invoice Processing. This task will improve operational efficiency.,17,1,0.41,3.6,E-commerce,MEDIUM
Organize file structure,Organize file structure. This is a minor improvement with low business impact.,-1,0,0.12,1.1,Fintech,LOW
Improve analytics reporting for Search,Improve analytics reporting for Search. This enhancement supports ongoing optimization efforts.,26,4,0.12,2.3,AI Platform,MEDIUM
Revenue-impacting defect in Login,Revenue-impacting defect in Login. This issue is affecting multiple stakeholders and requires immediate attention.,3,18,0.52,9.0,Healthcare,HIGH
Upgrade billing process in Expense Audit,Upgrade billing process in Expense Audit. This enhancement supports ongoing optimization efforts.,17,10,0.13,3.3,E-commerce,MEDIUM
Improve analytics reporting for Settings,Improve analytics reporting for Settings. This task will improve operational efficiency.,35,5,0.43,3.2,SaaS,MEDIUM
Fix minor typo in documentation,Fix minor typo in documentation. Can be addressed during routine maintenance.,34,6,0.17,1.0,EdTech,LOW
Immediate rollback required for Mobile App,Immediate rollback required for Mobile App. This task is blocking critical business operations.,23,9,0.72,1.3,E-commerce,HIGH
Enhance performance of Auth Service,Enhance performance of Auth Service. This enhancement supports ongoing optimization efforts.,17,5,0.31,0.1,Healthcare,MEDIUM
Cleanup unused resources,Cleanup unused resources. Can be addressed during routine maintenance.,-1,0,0.04,1.7,SaaS,LOW
Revenue-impacting defect in Analytics,Revenue-impacting defect in Analytics. This task is blocking critical business operations.,8,9,0.43,1.6,Healthcare,HIGH
Organize file structure,Organize file structure. No immediate operational risk involved.,5,5,0.17,0.1,SaaS,LOW
Enhance performance of Frontend App,Enhance performance of Frontend App. This enhancement supports ongoing optimization efforts.,11,0,0.45,1.7,Healthcare,MEDIUM
Immediate rollback required for Frontend App,Immediate rollback required for Frontend App. This issue is affecting multiple stakeholders and requires immediate attention.,19,0,0.86,9.1,Fintech,HIGH
Fix minor typo in documentation,Fix minor typo in documentation. This is a minor improvement with low business impact.,-1,5,0.1,0.4,E-commerce,LOW
Enhance UI for Profile,Enhance UI for Profile. This enhancement supports ongoing optimization efforts.,10,4,0.47,2.7,EdTech,MEDIUM
Critical issue in Data Pipeline,Critical issue in Data Pipeline. This issue is affecting multiple stakeholders and requires immediate attention.,21,6,0.28,2.1,Fintech,HIGH
Organize file structure,Organize file structure. Can be addressed during routine maintenance.,37,5,0.07,0.7,E-commerce,LOW
Enhance UI for Login,Enhance UI for Login. Important for improving overall system quality.,39,5,0.44,3.1,SaaS,MEDIUM
Organize file structure,Organize file structure. No immediate operational risk involved.,36,3,0.08,1.7,EdTech,LOW
Client escalation regarding Login,Client escalation regarding Login. Failure to resolve may result in financial or reputational damage.,-1,13,0.71,9.1,Fintech,HIGH
Client escalation regarding Login,Client escalation regarding Login. This task is blocking critical business operations.,3,0,0.42,5.8,EdTech,HIGH
Improve analytics reporting for Profile,Improve analytics reporting for Profile. Important for improving overall system quality.,17,0,0.33,1.5,EdTech,MEDIUM
Automate campaign tracking for Email Automation,Automate campaign tracking for Email Automation. This task will improve operational efficiency.,24,5,0.29,0.9,EdTech,MEDIUM
Upgrade billing process in Invoice Processing,Upgrade billing process in Invoice Processing. This task will improve operational efficiency.,14,0,0.25,2.7,SaaS,MEDIUM
Implement new feature for Settings,Implement new feature for Settings. Important for improving overall system quality.,10,7,0.06,3.2,Fintech,MEDIUM
Cleanup unused resources,Cleanup unused resources. No immediate operational risk involved.,67,1,0.08,1.8,EdTech,LOW
Upgrade billing process in Budget Planning,Upgrade billing process in Budget Planning. Important for improving overall system quality.,22,0,0.49,3.9,Fintech,MEDIUM
Update design theme slightly,Update design theme slightly. Can be addressed during routine maintenance.,22,6,0.15,0.7,Healthcare,LOW
Client escalation regarding Settings,Client escalation regarding Settings. Failure to resolve may result in financial or reputational damage.,6,6,0.55,3.1,SaaS,HIGH
Integrate new API into Notification Service,Integrate new API into Notification Service. This task will improve operational efficiency.,22,8,0.32,0.3,Fintech,MEDIUM
Update design theme slightly,Update design theme slightly. Can be addressed during routine maintenance.,57,2,0.0,0.9,Healthcare,LOW
Production outage affecting Inventory Service,Production outage affecting Inventory Service. This issue is affecting multiple stakeholders and requires immediate attention.,10,10,0.7,5.1,Healthcare,HIGH
Improve analytics reporting for Settings,Improve analytics reporting for Settings. This task will improve operational efficiency.,9,0,0.03,0.4,SaaS,MEDIUM
Immediate rollback required for Frontend App,Immediate rollback required for Frontend App. This task is blocking critical business operations.,16,0,0.66,1.4,SaaS,HIGH
Improve comments in codebase,Improve comments in codebase. This is a minor improvement with low business impact.,75,3,0.03,1.6,SaaS,LOW
Security breach detected in Backend API,Security breach detected in Backend API. Failure to resolve may result in financial or reputational damage.,7,0,0.89,7.0,Healthcare,HIGH
Enhance UI for Dashboard,Enhance UI for Dashboard. This task will improve operational efficiency.,26,1,0.23,0.7,Fintech,MEDIUM
Client escalation regarding Checkout,Client escalation regarding Checkout. This task is blocking critical business operations.,11,10,0.55,9.4,EdTech,HIGH
Refactor variable naming in Backend API,Refactor variable naming in Backend API. This is a minor improvement with low business impact.,47,4,0.18,0.8,Fintech,LOW
Improve formatting in Frontend App,Improve formatting in Frontend App. This is a minor improvement with low business impact.,-1,2,0.13,1.0,E-commerce,LOW
Minor UI alignment fix,Minor UI alignment fix. Can be addressed during routine maintenance.,33,0,0.11,0.4,SaaS,LOW
Improve analytics reporting for Analytics,Improve analytics reporting for Analytics. This enhancement supports ongoing optimization efforts.,25,11,0.22,1.7,SaaS,MEDIUM
Organize file structure,Organize file structure. Can be addressed during routine maintenance.,18,6,0.07,0.3,Fintech,LOW
Optimize workflow in Finance,Optimize workflow in Finance. This task will improve operational efficiency.,17,0,0.45,1.9,SaaS,MEDIUM
Update design theme slightly,Update design theme slightly. This is a minor improvement with low business impact.,55,0,0.05,1.0,EdTech,LOW
Organize file structure,Organize file structure. This is a minor improvement with low business impact.,61,3,0.1,0.5,AI Platform,LOW
Optimize workflow in Finance,Optimize workflow in Finance. This task will improve operational efficiency.,14,8,0.17,1.4,SaaS,MEDIUM
Implement new feature for Login,Implement new feature for Login. This task will improve operational efficiency.,24,7,0.3,0.6,Fintech,MEDIUM
Revenue-impacting defect in Profile,Revenue-impacting defect in Profile. Failure to resolve may result in financial or reputational damage.,5,0,0.32,9.7,Fintech,HIGH
Update dependency versions,Update dependency versions. Can be addressed during routine maintenance.,37,0,0.04,0.1,E-commerce,LOW
Improve onboarding process for Recruitment Drive,Improve onboarding process for Recruitment Drive. This enhancement supports ongoing optimization efforts.,10,6,0.49,1.5,Healthcare,MEDIUM
Revenue-impacting defect in Analytics,Revenue-impacting defect in Analytics. Failure to resolve may result in financial or reputational damage.,13,0,0.28,2.7,E-commerce,HIGH
Critical issue in Frontend App,Critical issue in Frontend App. This issue is affecting multiple stakeholders and requires immediate attention.,4,5,0.6,4.5,E-commerce,HIGH
Improve analytics reporting for Settings,Improve analytics reporting for Settings. Important for improving overall system quality.,22,0,0.41,3.4,AI Platform,MEDIUM
Automate campaign tracking for Black Friday Campaign,Automate campaign tracking for Black Friday Campaign. This enhancement supports ongoing optimization efforts.,-1,10,0.24,2.3,SaaS,MEDIUM
Security breach detected in Database,Security breach detected in Database. Failure to resolve may result in financial or reputational damage.,19,13,0.83,4.8,AI Platform,HIGH
Enhance internal documentation,Enhance internal documentation. Can be addressed during routine maintenance.,27,0,0.16,0.4,Fintech,LOW
Minor UI alignment fix,Minor UI alignment fix. No immediate operational risk involved.,66,4,0.05,1.7,Healthcare,LOW
Cleanup unused resources,Cleanup unused resources. Can be addressed during routine maintenance.,83,0,0.18,1.1,AI Platform,LOW
Improve onboarding process for Payroll Review,Improve onboarding process for Payroll Review. This task will improve operational efficiency.,-1,5,0.09,3.3,EdTech,MEDIUM
Upgrade billing process in Expense Audit,Upgrade billing process in Expense Audit. This enhancement supports ongoing optimization efforts.,15,0,0.09,2.1,AI Platform,MEDIUM
Integrate new API into Inventory Service,Integrate new API into Inventory Service. This enhancement supports ongoing optimization efforts.,28,8,0.08,2.1,Healthcare,MEDIUM
Cleanup unused resources,Cleanup unused resources. This is a minor improvement with low business impact.,42,2,0.01,0.7,Healthcare,LOW
Security breach detected in Database,Security breach detected in Database. Failure to resolve may result in financial or reputational damage.,2,0,0.3,1.6,Healthcare,HIGH
Immediate rollback required for Data Pipeline,Immediate rollback required for Data Pipeline. This issue is affecting multiple stakeholders and requires immediate attention.,14,14,0.69,2.4,E-commerce,HIGH
Fix minor typo in documentation,Fix minor typo in documentation. No immediate operational risk involved.,-1,3,0.17,1.8,EdTech,LOW
Client escalation regarding Settings,Client escalation regarding Settings. Failure to resolve may result in financial or reputational damage.,19,10,0.43,5.5,EdTech,HIGH
Improve onboarding process for Payroll Review,Improve onboarding process for Payroll Review. This enhancement supports ongoing optimization efforts.,7,10,0.13,1.5,AI Platform,MEDIUM
Enhance UI for Profile,Enhance UI for Profile. This task will improve operational efficiency.,21,11,0.11,1.1,AI Platform,MEDIUM
Improve analytics reporting for Login,Improve analytics reporting for Login. This enhancement supports ongoing optimization efforts.,-1,0,0.0,0.0,AI Platform,MEDIUM
Improve formatting in Frontend App,Improve formatting in Frontend App. No immediate operational risk involved.,47,0,0.17,0.5,AI Platform,LOW
Refactor codebase in Data Pipeline,Refactor codebase in Data Pipeline. Important for improving overall system quality.,37,1,0.06,0.7,Healthcare,MEDIUM
Fix minor typo in documentation,Fix minor typo in documentation. This is a minor improvement with low business impact.,29,1,0.16,1.9,SaaS,LOW
Improve onboarding process for Employee Onboarding,Improve onboarding process for Employee Onboarding. Important for improving overall system quality.,12,8,0.26,2.9,SaaS,MEDIUM
Optimize workflow in HR,Optimize workflow in HR. This enhancement supports ongoing optimization efforts.,8,3,0.07,0.3,AI Platform,MEDIUM
System crash during Checkout,System crash during Checkout. Failure to resolve may result in financial or reputational damage.,13,7,0.76,9.6,Healthcare,HIGH
Security breach detected in Backend API,Security breach detected in Backend API. Failure to resolve may result in financial or reputational damage.,13,15,0.27,4.6,Healthcare,HIGH
Improve comments in codebase,Improve comments in codebase. This is a minor improvement with low business impact.,51,0,0.16,0.3,AI Platform,LOW
Payment failure reported by Government Client,Payment failure reported by Government Client. This task is blocking critical business operations.,20,8,0.84,2.8,E-commerce,HIGH
Update design theme slightly,Update design theme slightly. Can be addressed during routine maintenance.,32,3,0.01,0.2,Fintech,LOW
Fix minor typo in documentation,Fix minor typo in documentation. No immediate operational risk involved.,36,8,0.16,1.5,E-commerce,LOW
Payment failure reported by Government Client,Payment failure reported by Government Client. This task is blocking critical business operations.,25,0,0.61,5.3,Fintech,HIGH
Optimize workflow in Support,Optimize workflow in Support. This task will improve operational efficiency.,11,4,0.44,3.5,Healthcare,MEDIUM
Optimize workflow in Sales,Optimize workflow in Sales. This task will improve operational efficiency.,26,4,0.33,2.7,Fintech,MEDIUM
Compliance violation in Marketing,Compliance violation in Marketing. Failure to resolve may result in financial or reputational damage.,23,14,0.78,8.2,SaaS,HIGH
Improve formatting in Auth Service,Improve formatting in Auth Service. Can be addressed during routine maintenance.,27,4,0.0,0.8,Healthcare,LOW
Automate campaign tracking for Q4 Launch,Automate campaign tracking for Q4 Launch. This enhancement supports ongoing optimization efforts.,12,9,0.26,1.2,EdTech,MEDIUM
Refactor codebase in Backend API,Refactor codebase in Backend API. Important for improving overall system quality.,21,6,0.27,0.7,E-commerce,MEDIUM
Improve comments in codebase,Improve comments in codebase. Can be addressed during routine maintenance.,68,2,0.03,2.0,Healthcare,LOW
Enhance UI for Settings,Enhance UI for Settings. This enhancement supports ongoing optimization efforts.,19,8,0.26,0.2,EdTech,MEDIUM
Upgrade billing process in Invoice Processing,Upgrade billing process in Invoice Processing. Important for improving overall system quality.,14,1,0.26,1.6,E-commerce,MEDIUM
Immediate rollback required for Data Pipeline,Immediate rollback required for Data Pipeline. This task is blocking critical business operations.,15,12,0.79,7.6,Healthcare,HIGH
Improve formatting in Frontend App,Improve formatting in Frontend App. This is a minor improvement with low business impact.,59,0,0.0,0.9,Fintech,LOW
Immediate rollback required for Backend API,Immediate rollback required for Backend API. This issue is affecting multiple stakeholders and requires immediate attention.,9,7,0.38,8.2,AI Platform,HIGH
Minor UI alignment fix,Minor UI alignment fix. Can be addressed during routine maintenance.,26,2,0.05,0.2,E-commerce,LOW
Automate campaign tracking for Q4 Launch,Automate campaign tracking for Q4 Launch. This enhancement supports ongoing optimization efforts.,27,0,0.06,2.6,AI Platform,MEDIUM
Automate campaign tracking for Email Automation,Automate campaign tracking for Email Automation. Important for improving overall system quality.,10,6,0.47,3.5,AI Platform,MEDIUM
Enhance internal documentation,Enhance internal documentation. Can be addressed during routine maintenance.,50,0,0.06,0.3,E-commerce,LOW
Update design theme slightly,Update design theme slightly. No immediate operational risk involved.,-1,2,0.01,1.3,E-commerce,LOW
Enhance performance of Auth Service,Enhance performance of Auth Service. Important for improving overall system quality.,33,5,0.36,2.3,AI Platform,MEDIUM
Security breach detected in Mobile App,Security breach detected in Mobile App. This task is blocking critical business operations.,-1,11,0.7,4.3,EdTech,HIGH
Integrate new API into User Service,Integrate new API into User Service. Important for improving overall system quality.,27,10,0.18,3.7,SaaS,MEDIUM
Payment failure reported by Government Client,Payment failure reported by Government Client. This task is blocking critical business operations.,21,8,0.42,7.3,EdTech,HIGH
Organize file structure,Organize file structure. No immediate operational risk involved.,66,1,0.1,0.1,Fintech,LOW
Implement new feature for Checkout,Implement new feature for Checkout. Important for improving overall system quality.,25,3,0.31,2.5,SaaS,MEDIUM
Audit failure in Sales,Audit failure in Sales. Failure to resolve may result in financial or reputational damage.,5,0,0.72,2.2,AI Platform,HIGH
Production outage affecting User Service,Production outage affecting User Service. This issue is affecting multiple stakeholders and requires immediate attention.,-1,0,0.56,7.6,E-commerce,HIGH
Security breach detected in Database,Security breach detected in Database. Failure to resolve may result in financial or reputational damage.,5,12,0.77,2.6,AI Platform,HIGH
Update design theme slightly,Update design theme slightly. Can be addressed during routine maintenance.,33,0,0.12,0.8,Healthcare,LOW
Enhance internal documentation,Enhance internal documentation. No immediate operational risk involved.,61,4,0.16,0.5,Healthcare,LOW
Compliance violation in Support,Compliance violation in Support. Failure to resolve may result in financial or reputational damage.,3,6,0.81,9.7,Healthcare,HIGH
Improve comments in codebase,Improve comments in codebase. No immediate operational risk involved.,73,3,0.06,0.5,AI Platform,LOW
Enhance UI for Search,Enhance UI for Search. This enhancement supports ongoing optimization efforts.,36,0,0.48,3.7,E-commerce,MEDIUM
Enhance UI for Checkout,Enhance UI for Checkout. Important for improving overall system quality.,24,5,0.29,0.7,EdTech,MEDIUM
Refactor variable naming in Backend API,Refactor variable naming in Backend API. Can be addressed during routine maintenance.,23,3,0.15,0.1,SaaS,LOW
Update dependency versions,Update dependency versions. Can be addressed during routine maintenance.,-1,2,0.01,1.6,SaaS,LOW
Refactor codebase in Database,Refactor codebase in Database. This task will improve operational efficiency.,29,10,0.38,1.6,EdTech,MEDIUM
Refactor variable naming in Backend API,Refactor variable naming in Backend API. No immediate operational risk involved.,31,3,0.09,1.1,Healthcare,LOW
Compliance violation in Finance,Compliance violation in Finance. Failure to resolve may result in financial or reputational damage.,-1,6,0.76,5.2,Fintech,HIGH
Improve formatting in Database,Improve formatting in Database. No immediate operational risk involved.,-1,0,0.18,1.0,E-commerce,LOW
Implement new feature for Checkout,Implement new feature for Checkout. Important for improving overall system quality.,22,4,0.19,2.7,Healthcare,MEDIUM
Compliance violation in Marketing,Compliance violation in Marketing. This task is blocking critical business operations.,-1,7,0.66,3.7,EdTech,HIGH
Improve onboarding process for Payroll Review,Improve onboarding process for Payroll Review. This enhancement supports ongoing optimization efforts.,16,0,0.49,0.9,Healthcare,MEDIUM
Automate campaign tracking for Black Friday Campaign,Automate campaign tracking for Black Friday Campaign. This enhancement supports ongoing optimization efforts.,21,6,0.05,1.8,Fintech,MEDIUM
Improve onboarding process for Recruitment Drive,Improve onboarding process for Recruitment Drive. This task will improve operational efficiency.,20,3,0.2,3.6,AI Platform,MEDIUM
Refactor variable naming in Data Pipeline,Refactor variable naming in Data Pipeline. Can be addressed during routine maintenance.,27,0,0.07,0.9,AI Platform,LOW
Fix minor typo in documentation,Fix minor typo in documentation. No immediate operational risk involved.,42,0,0.08,1.8,SaaS,LOW
Upgrade billing process in Invoice Processing,Upgrade billing process in Invoice Processing. Important for improving overall system quality.,13,0,0.14,3.7,SaaS,MEDIUM
Payment failure reported by Government Client,Payment failure reported by Government Client. This task is blocking critical business operations.,11,0,0.49,7.8,Fintech,HIGH
Audit failure in Finance,Audit failure in Finance. This task is blocking critical business operations.,11,13,0.62,4.0,E-commerce,HIGH
Refactor codebase in Backend API,Refactor codebase in Backend API. This task will improve operational efficiency.,12,9,0.07,1.4,SaaS,MEDIUM
Integrate new API into Reporting Service,Integrate new API into Reporting Service. This enhancement supports ongoing optimization efforts.,19,0,0.33,1.6,AI Platform,MEDIUM
Update design theme slightly,Update design theme slightly. No immediate operational risk involved.,23,5,0.11,0.8,Fintech,LOW
Critical issue in Data Pipeline,Critical issue in Data Pipeline. Failure to resolve may result in financial or reputational damage.,9,0,0.25,7.1,Healthcare,HIGH
Organize file structure,Organize file structure. Can be addressed during routine maintenance.,-1,5,0.0,0.0,E-commerce,LOW
Fix minor typo in documentation,Fix minor typo in documentation. This is a minor improvement with low business impact.,43,4,0.08,1.4,Healthcare,LOW
System crash during Checkout,System crash during Checkout. This issue is affecting multiple stakeholders and requires immediate attention.,-1,2,0.53,3.5,EdTech,HIGH
Revenue-impacting defect in Login,Revenue-impacting defect in Login. This issue is affecting multiple stakeholders and requires immediate attention.,6,8,0.8,5.1,SaaS,HIGH
Immediate rollback required for Database,Immediate rollback required for Database. This issue is affecting multiple stakeholders and requires immediate attention.,15,0,0.75,9.8,AI Platform,HIGH
Update dependency versions,Update dependency versions. Can be addressed during routine maintenance.,15,7,0.01,0.6,Fintech,LOW
Improve analytics reporting for Analytics,Improve analytics reporting for Analytics. This enhancement supports ongoing optimization efforts.,-1,0,0.1,1.2,AI Platform,MEDIUM
Fix minor typo in documentation,Fix minor typo in documentation. Can be addressed during routine maintenance.,-1,0,0.17,1.7,SaaS,LOW
Update design theme slightly,Update design theme slightly. This is a minor improvement with low business impact.,40,0,0.07,1.4,Fintech,LOW
Security breach detected in Frontend App,Security breach detected in Frontend App. This task is blocking critical business operations.,4,16,0.62,3.2,EdTech,HIGH
Improve onboarding process for Payroll Review,Improve onboarding process for Payroll Review. Important for improving overall system quality.,17,0,0.24,0.6,AI Platform,MEDIUM
Improve onboarding process for Payroll Review,Improve onboarding process for Payroll Review. Important for improving overall system quality.,19,3,0.43,0.4,Healthcare,MEDIUM
Automate campaign tracking for Referral Program,Automate campaign tracking for Referral Program. This enhancement supports ongoing optimization efforts.,13,7,0.14,3.0,Fintech,MEDIUM
Client escalation regarding Search,Client escalation regarding Search. This issue is affecting multiple stakeholders and requires immediate attention.,-1,5,0.81,4.0,Healthcare,HIGH
Upgrade billing process in Invoice Processing,Upgrade billing process in Invoice Processing. This task will improve operational efficiency.,11,4,0.41,3.2,E-commerce,MEDIUM
Critical issue in Frontend App,Critical issue in Frontend App. This task is blocking critical business operations.,6,0,0.41,5.4,AI Platform,HIGH
Implement new feature for Settings,Implement new feature for Settings. This enhancement supports ongoing optimization efforts.,-1,11,0.38,3.6,AI Platform,MEDIUM
Automate campaign tracking for Black Friday Campaign,Automate campaign tracking for Black Friday Campaign. Important for improving overall system quality.,-1,5,0.46,2.1,SaaS,MEDIUM
System crash during Search,System crash during Search. This issue is affecting multiple stakeholders and requires immediate attention.,2,7,0.88,6.9,AI Platform,HIGH
Audit failure in HR,Audit failure in HR. This task is blocking critical business operations.,5,17,0.65,7.8,Healthcare,HIGH
Improve comments in codebase,Improve comments in codebase. This is a minor improvement with low business impact.,63,0,0.17,0.4,Healthcare,LOW
Minor UI alignment fix,Minor UI alignment fix. This is a minor improvement with low business impact.,33,0,0.18,1.3,SaaS,LOW
Upgrade billing process in Expense Audit,Upgrade billing process in Expense Audit. Important for improving overall system quality.,-1,0,0.06,3.2,EdTech,MEDIUM
System crash during Profile,System crash during Profile. This task is blocking critical business operations.,14,6,0.26,9.4,EdTech,HIGH
System crash during Settings,System crash during Settings. This task is blocking critical business operations.,7,1,0.73,6.7,AI Platform,HIGH
Immediate rollback required for Frontend App,Immediate rollback required for Frontend App. This issue is affecting multiple stakeholders and requires immediate attention.,13,0,0.68,9.7,AI Platform,HIGH
Upgrade billing process in Expense Audit,Upgrade billing process in Expense Audit. This task will improve operational efficiency.,23,11,0.1,1.7,EdTech,MEDIUM
Improve onboarding process for Payroll Review,Improve onboarding process for Payroll Review. This task will improve operational efficiency.,29,0,0.01,2.0,EdTech,MEDIUM
Update design theme slightly,Update design theme slightly. This is a minor improvement with low business impact.,29,5,0.1,1.9,Fintech,LOW
Update design theme slightly,Update design theme slightly. Can be addressed during routine maintenance.,5,2,0.07,1.7,Fintech,LOW
Enhance internal documentation,Enhance internal documentation. This is a minor improvement with low business impact.,52,3,0.02,1.9,SaaS,LOW
Compliance violation in Marketing,Compliance violation in Marketing. This task is blocking critical business operations.,5,15,0.86,3.0,Fintech,HIGH
Improve onboarding process for Payroll Review,Improve onboarding process for Payroll Review. This task will improve operational efficiency.,31,0,0.29,0.8,EdTech,MEDIUM
Upgrade billing process in Budget Planning,Upgrade billing process in Budget Planning. This task will improve operational efficiency.,24,8,0.02,3.2,E-commerce,MEDIUM
Improve onboarding process for Recruitment Drive,Improve onboarding process for Recruitment Drive. This enhancement supports ongoing optimization efforts.,25,5,0.19,3.0,Healthcare,MEDIUM
Update design theme slightly,Update design theme slightly. This is a minor improvement with low business impact.,69,0,0.04,1.6,Fintech,LOW
Update dependency versions,Update dependency versions. Can be addressed during routine maintenance.,46,6,0.13,1.5,AI Platform,LOW
Minor UI alignment fix,Minor UI alignment fix. Can be addressed during routine maintenance.,46,2,0.06,1.8,AI Platform,LOW
Production outage affecting Reporting Service,Production outage affecting Reporting Service. This issue is affecting multiple stakeholders and requires immediate attention.,1,17,0.74,1.0,Fintech,HIGH
Fix minor typo in documentation,Fix minor typo in documentation. Can be addressed during routine maintenance.,34,0,0.08,1.7,AI Platform,LOW
System crash during Search,System crash during Search. This task is blocking critical business operations.,-1,11,0.85,3.7,Healthcare,HIGH
Enhance internal documentation,Enhance internal documentation. Can be addressed during routine maintenance.,28,3,0.07,1.8,SaaS,LOW
Improve analytics reporting for Login,Improve analytics reporting for Login. Important for improving overall system quality.,22,7,0.4,2.6,AI Platform,MEDIUM
Compliance violation in Finance,Compliance violation in Finance. This task is blocking critical business operations.,14,11,0.3,2.3,Healthcare,HIGH
Refactor variable naming in Auth Service,Refactor variable naming in Auth Service. No immediate operational risk involved.,22,0,0.04,1.0,Healthcare,LOW
Immediate rollback required for Data Pipeline,Immediate rollback required for Data Pipeline. This issue is affecting multiple stakeholders and requires immediate attention.,3,1,0.85,5.7,Healthcare,HIGH
Refactor variable naming in Data Pipeline,Refactor variable naming in Data Pipeline. No immediate operational risk involved.,41,5,0.15,0.1,Healthcare,LOW
Enhance performance of Data Pipeline,Enhance performance of Data Pipeline. Important for improving overall system quality.,28,11,0.14,0.3,EdTech,MEDIUM
Upgrade billing process in Budget Planning,Upgrade billing process in Budget Planning. This enhancement supports ongoing optimization efforts.,-1,0,0.41,2.3,EdTech,MEDIUM
Improve comments in codebase,Improve comments in codebase. No immediate operational risk involved.,54,1,0.05,1.3,E-commerce,LOW
Improve formatting in Data Pipeline,Improve formatting in Data Pipeline. No immediate operational risk involved.,-1,0,0.02,0.9,Healthcare,LOW
Production outage affecting User Service,Production outage affecting User Service. Failure to resolve may result in financial or reputational damage.,8,11,0.83,1.8,SaaS,HIGH
Improve onboarding process for Employee Onboarding,Improve onboarding process for Employee Onboarding. This task will improve operational efficiency.,26,7,0.33,0.1,SaaS,MEDIUM
Cleanup unused resources,Cleanup unused resources. No immediate operational risk involved.,32,2,0.09,1.8,Healthcare,LOW
Minor UI alignment fix,Minor UI alignment fix. This is a minor improvement with low business impact.,-1,2,0.14,0.3,Healthcare,LOW
Improve formatting in Frontend App,Improve formatting in Frontend App. No immediate operational risk involved.,64,3,0.15,0.0,AI Platform,LOW
Immediate rollback required for Auth Service,Immediate rollback required for Auth Service. This task is blocking critical business operations.,2,3,0.28,9.8,AI Platform,HIGH
Organize file structure,Organize file structure. This is a minor improvement with low business impact.,15,1,0.16,0.1,Fintech,LOW
Organize file structure,Organize file structure. Can be addressed during routine maintenance.,42,3,0.11,0.1,SaaS,LOW
Cleanup unused resources,Cleanup unused resources. No immediate operational risk involved.,23,0,0.07,0.5,AI Platform,LOW
Update design theme slightly,Update design theme slightly. Can be addressed during routine maintenance.,24,2,0.06,1.1,Healthcare,LOW
Improve comments in codebase,Improve comments in codebase. No immediate operational risk involved.,41,6,0.01,0.8,SaaS,LOW
Audit failure in Sales,Audit failure in Sales. This issue is affecting multiple stakeholders and requires immediate attention.,-1,6,0.88,3.5,SaaS,HIGH
Critical issue in Data Pipeline,Critical issue in Data Pipeline. This task is blocking critical business operations.,5,3,0.86,1.8,Healthcare,HIGH
Payment failure reported by Startup Client,Payment failure reported by Startup Client. This task is blocking critical business operations.,-1,11,0.31,8.2,Fintech,HIGH
Optimize workflow in Marketing,Optimize workflow in Marketing. This enhancement supports ongoing optimization efforts.,27,9,0.28,3.1,AI Platform,MEDIUM
Improve onboarding process for Recruitment Drive,Improve onboarding process for Recruitment Drive. Important for improving overall system quality.,-1,9,0.14,0.3,EdTech,MEDIUM
Improve analytics reporting for Checkout,Improve analytics reporting for Checkout. This enhancement supports ongoing optimization efforts.,14,0,0.36,2.7,EdTech,MEDIUM
Production outage affecting Reporting Service,Production outage affecting Reporting Service. Failure to resolve may result in financial or reputational damage.,12,1,0.78,1.7,EdTech,HIGH
Production outage affecting Billing Service,Production outage affecting Billing Service. This issue is affecting multiple stakeholders and requires immediate attention.,6,0,0.38,3.3,EdTech,HIGH
Implement new feature for Dashboard,Implement new feature for Dashboard. Important for improving overall system quality.,10,7,0.18,1.0,E-commerce,MEDIUM
Audit failure in HR,Audit failure in HR. This task is blocking critical business operations.,1,17,0.51,7.1,EdTech,HIGH
Improve analytics reporting for Settings,Improve analytics reporting for Settings. This task will improve operational efficiency.,23,0,0.02,1.9,AI Platform,MEDIUM
Refactor variable naming in Payment Gateway,Refactor variable naming in Payment Gateway. No immediate operational risk involved.,20,5,0.2,1.8,E-commerce,LOW
Payment failure reported by Premium Customer,Payment failure reported by Premium Customer. This issue is affecting multiple stakeholders and requires immediate attention.,7,14,0.6,6.8,SaaS,HIGH
Cleanup unused resources,Cleanup unused resources. Can be addressed during routine maintenance.,-1,2,0.18,1.9,AI Platform,LOW
Revenue-impacting defect in Profile,Revenue-impacting defect in Profile. Failure to resolve may result in financial or reputational damage.,2,0,0.6,6.2,AI Platform,HIGH
Update dependency versions,Update dependency versions. This is a minor improvement with low business impact.,12,4,0.04,1.5,SaaS,LOW
Update dependency versions,Update dependency versions. No immediate operational risk involved.,38,5,0.11,0.6,EdTech,LOW
Implement new feature for Login,Implement new feature for Login. This enhancement supports ongoing optimization efforts.,-1,9,0.37,1.7,EdTech,MEDIUM
Cleanup unused resources,Cleanup unused resources. This is a minor improvement with low business impact.,21,5,0.17,1.0,AI Platform,LOW
Update design theme slightly,Update design theme slightly. No immediate operational risk involved.,34,4,0.03,1.7,SaaS,LOW
Refactor variable naming in Auth Service,Refactor variable naming in Auth Service. No immediate operational risk involved.,29,0,0.1,1.4,E-commerce,LOW
Update design theme slightly,Update design theme slightly. This is a minor improvement with low business impact.,10,0,0.08,1.5,E-commerce,LOW
Upgrade billing process in Invoice Processing,Upgrade billing process in Invoice Processing. This task will improve operational efficiency.,5,0,0.29,3.8,Fintech,MEDIUM
Compliance violation in Sales,Compliance violation in Sales. This task is blocking critical business operations.,4,2,0.84,1.1,Healthcare,HIGH
Cleanup unused resources,Cleanup unused resources. Can be addressed during routine maintenance.,18,2,0.08,1.1,EdTech,LOW
Improve onboarding process for Employee Onboarding,Improve onboarding process for Employee Onboarding. This task will improve operational efficiency.,16,0,0.38,2.9,Fintech,MEDIUM
Enhance internal documentation,Enhance internal documentation. Can be addressed during routine maintenance.,40,3,0.18,0.1,EdTech,LOW
Audit failure in HR,Audit failure in HR. This task is blocking critical business operations.,17,10,0.29,5.1,Fintech,HIGH
Improve formatting in Data Pipeline,Improve formatting in Data Pipeline. Can be addressed during routine maintenance.,-1,0,0.03,0.1,Healthcare,LOW
Production outage affecting Billing Service,Production outage affecting Billing Service. This task is blocking critical business operations.,9,6,0.29,9.1,SaaS,HIGH
Automate campaign tracking for Referral Program,Automate campaign tracking for Referral Program. This task will improve operational efficiency.,37,8,0.38,0.1,Healthcare,MEDIUM
Immediate rollback required for Backend API,Immediate rollback required for Backend API. Failure to resolve may result in financial or reputational damage.,-1,10,0.28,1.3,SaaS,HIGH
Update dependency versions,Update dependency versions. This is a minor improvement with low business impact.,52,0,0.0,0.1,Fintech,LOW
Organize file structure,Organize file structure. This is a minor improvement with low business impact.,12,3,0.09,1.9,AI Platform,LOW
Revenue-impacting defect in Settings,Revenue-impacting defect in Settings. This issue is affecting multiple stakeholders and requires immediate attention.,-1,19,0.49,5.0,EdTech,HIGH
Improve onboarding process for Payroll Review,Improve onboarding process for Payroll Review. This task will improve operational efficiency.,35,6,0.35,3.2,E-commerce,MEDIUM
Improve comments in codebase,Improve comments in codebase. This is a minor improvement with low business impact.,53,0,0.18,1.3,SaaS,LOW
Improve onboarding process for Payroll Review,Improve onboarding process for Payroll Review. This enhancement supports ongoing optimization efforts.,18,8,0.48,3.7,AI Platform,MEDIUM
Automate campaign tracking for Black Friday Campaign,Automate campaign tracking for Black Friday Campaign. This enhancement supports ongoing optimization efforts.,21,0,0.35,1.2,AI Platform,MEDIUM
Audit failure in Sales,Audit failure in Sales. This task is blocking critical business operations.,6,14,0.76,8.8,Healthcare,HIGH
Update design theme slightly,Update design theme slightly. No immediate operational risk involved.,44,1,0.1,0.0,SaaS,LOW
Revenue-impacting defect in Search,Revenue-impacting defect in Search. This issue is affecting multiple stakeholders and requires immediate attention.,10,0,0.5,5.9,EdTech,HIGH
Audit failure in Sales,Audit failure in Sales. This issue is affecting multiple stakeholders and requires immediate attention.,-1,10,0.47,8.1,E-commerce,HIGH
Payment failure reported by Enterprise Client,Payment failure reported by Enterprise Client. This task is blocking critical business operations.,23,5,0.72,8.3,EdTech,HIGH
Enhance UI for Search,Enhance UI for Search. This enhancement supports ongoing optimization efforts.,13,0,0.17,3.5,E-commerce,MEDIUM
Upgrade billing process in Invoice Processing,Upgrade billing process in Invoice Processing. Important for improving overall system quality.,26,0,0.04,1.7,EdTech,MEDIUM
System crash during Checkout,System crash during Checkout. This task is blocking critical business operations.,25,4,0.22,5.5,AI Platform,HIGH
Revenue-impacting defect in Checkout,Revenue-impacting defect in Checkout. This task is blocking critical business operations.,13,0,0.36,2.3,SaaS,HIGH
Refactor codebase in Payment Gateway,Refactor codebase in Payment Gateway. This enhancement supports ongoing optimization efforts.,11,0,0.23,1.0,E-commerce,MEDIUM
Cleanup unused resources,Cleanup unused resources. Can be addressed during routine maintenance.,17,9,0.12,0.0,E-commerce,LOW
Refactor codebase in Frontend App,Refactor codebase in Frontend App. This task will improve operational efficiency.,21,7,0.05,2.9,EdTech,MEDIUM
Enhance UI for Login,Enhance UI for Login. Important for improving overall system quality.,13,10,0.26,1.6,SaaS,MEDIUM
Fix minor typo in documentation,Fix minor typo in documentation. Can be addressed during routine maintenance.,-1,2,0.17,1.2,SaaS,LOW
Payment failure reported by Premium Customer,Payment failure reported by Premium Customer. This issue is affecting multiple stakeholders and requires immediate attention.,9,7,0.66,5.9,Healthcare,HIGH
Enhance internal documentation,Enhance internal documentation. No immediate operational risk involved.,30,8,0.08,1.5,EdTech,LOW
Compliance violation in Sales,Compliance violation in Sales. Failure to resolve may result in financial or reputational damage.,3,0,0.39,9.3,EdTech,HIGH
Refactor variable naming in Auth Service,Refactor variable naming in Auth Service. No immediate operational risk involved.,37,0,0.19,1.8,EdTech,LOW
Enhance performance of Database,Enhance performance of Database. This task will improve operational efficiency.,-1,0,0.01,0.1,EdTech,MEDIUM
Production outage affecting Inventory Service,Production outage affecting Inventory Service. This task is blocking critical business operations.,-1,9,0.7,5.4,EdTech,HIGH
System crash during Settings,System crash during Settings. This issue is affecting multiple stakeholders and requires immediate attention.,17,10,0.43,5.9,SaaS,HIGH
Minor UI alignment fix,Minor UI alignment fix. Can be addressed during routine maintenance.,41,0,0.01,0.3,E-commerce,LOW
Compliance violation in Marketing,Compliance violation in Marketing. This issue is affecting multiple stakeholders and requires immediate attention.,1,0,0.76,6.1,Fintech,HIGH
Cleanup unused resources,Cleanup unused resources. No immediate operational risk involved.,46,1,0.19,1.6,Fintech,LOW
Update dependency versions,Update dependency versions. This is a minor improvement with low business impact.,30,0,0.09,1.7,AI Platform,LOW
Enhance internal documentation,Enhance internal documentation. Can be addressed during routine maintenance.,49,7,0.2,1.8,AI Platform,LOW
Production outage affecting Notification Service,Production outage affecting Notification Service. Failure to resolve may result in financial or reputational damage.,4,7,0.81,9.2,AI Platform,HIGH
System crash during Settings,System crash during Settings. Failure to resolve may result in financial or reputational damage.,20,18,0.72,9.3,SaaS,HIGH
Enhance performance of Database,Enhance performance of Database. This task will improve operational efficiency.,-1,4,0.25,3.9,AI Platform,MEDIUM
Refactor variable naming in Auth Service,Refactor variable naming in Auth Service. Can be addressed during routine maintenance.,35,2,0.12,1.8,AI Platform,LOW
Cleanup unused resources,Cleanup unused resources. No immediate operational risk involved.,-1,2,0.05,0.7,EdTech,LOW
Revenue-impacting defect in Login,Revenue-impacting defect in Login. This issue is affecting multiple stakeholders and requires immediate attention.,8,5,0.69,5.0,SaaS,HIGH
Automate campaign tracking for Black Friday Campaign,Automate campaign tracking for Black Friday Campaign. Important for improving overall system quality.,14,5,0.41,2.0,Healthcare,MEDIUM
Payment failure reported by Government Client,Payment failure reported by Government Client. Failure to resolve may result in financial or reputational damage.,8,0,0.82,5.8,AI Platform,HIGH
Minor UI alignment fix,Minor UI alignment fix. No immediate operational risk involved.,46,0,0.18,1.4,AI Platform,LOW
Improve formatting in Frontend App,Improve formatting in Frontend App. This is a minor improvement with low business impact.,-1,3,0.1,0.2,E-commerce,LOW
Improve analytics reporting for Checkout,Improve analytics reporting for Checkout. Important for improving overall system quality.,9,0,0.35,1.4,Healthcare,MEDIUM
Improve onboarding process for Payroll Review,Improve onboarding process for Payroll Review. Important for improving overall system quality.,-1,8,0.27,2.1,EdTech,MEDIUM
Enhance internal documentation,Enhance internal documentation. No immediate operational risk involved.,14,1,0.18,1.5,Fintech,LOW
Update dependency versions,Update dependency versions. This is a minor improvement with low business impact.,52,3,0.01,1.2,Fintech,LOW
Audit failure in Sales,Audit failure in Sales. This issue is affecting multiple stakeholders and requires immediate attention.,8,3,0.35,1.5,Fintech,HIGH
Revenue-impacting defect in Dashboard,Revenue-impacting defect in Dashboard. This task is blocking critical business operations.,14,18,0.43,5.7,EdTech,HIGH
Enhance internal documentation,Enhance internal documentation. Can be addressed during routine maintenance.,-1,3,0.02,0.1,Healthcare,LOW
Update design theme slightly,Update design theme slightly. Can be addressed during routine maintenance.,20,1,0.15,2.0,SaaS,LOW
Update design theme slightly,Update design theme slightly. Can be addressed during routine maintenance.,40,0,0.16,2.0,Fintech,LOW
Enhance internal documentation,Enhance internal documentation. This is a minor improvement with low business impact.,29,2,0.05,1.6,AI Platform,LOW
Production outage affecting Notification Service,Production outage affecting Notification Service. This issue is affecting multiple stakeholders and requires immediate attention.,-1,8,0.65,4.5,SaaS,HIGH
Production outage affecting Reporting Service,Production outage affecting Reporting Service. This task is blocking critical business operations.,-1,3,0.38,8.8,Fintech,HIGH
Refactor codebase in Auth Service,Refactor codebase in Auth Service. This enhancement supports ongoing optimization efforts.,23,5,0.49,0.4,AI Platform,MEDIUM
Cleanup unused resources,Cleanup unused resources. This is a minor improvement with low business impact.,49,0,0.03,0.6,EdTech,LOW
Update dependency versions,Update dependency versions. No immediate operational risk involved.,20,9,0.17,1.7,SaaS,LOW
Refactor variable naming in Frontend App,Refactor variable naming in Frontend App. This is a minor improvement with low business impact.,27,2,0.09,0.6,E-commerce,LOW
Update dependency versions,Update dependency versions. No immediate operational risk involved.,-1,2,0.02,1.9,E-commerce,LOW
System crash during Analytics,System crash during Analytics. This issue is affecting multiple stakeholders and requires immediate attention.,4,0,0.69,2.1,E-commerce,HIGH
Fix minor typo in documentation,Fix minor typo in documentation. This is a minor improvement with low business impact.,26,4,0.02,1.7,E-commerce,LOW
Minor UI alignment fix,Minor UI alignment fix. No immediate operational risk involved.,40,0,0.03,1.0,Healthcare,LOW
Upgrade billing process in Invoice Processing,Upgrade billing process in Invoice Processing. This task will improve operational efficiency.,35,12,0.15,3.4,SaaS,MEDIUM
Enhance UI for Dashboard,Enhance UI for Dashboard. This task will improve operational efficiency.,32,3,0.07,2.5,Fintech,MEDIUM
Production outage affecting User Service,Production outage affecting User Service. This task is blocking critical business operations.,25,13,0.3,2.1,SaaS,HIGH
Refactor variable naming in Database,Refactor variable naming in Database. Can be addressed during routine maintenance.,58,1,0.1,0.7,Fintech,LOW
Client escalation regarding Checkout,Client escalation regarding Checkout. This task is blocking critical business operations.,-1,7,0.6,9.4,Fintech,HIGH
Improve analytics reporting for Settings,Improve analytics reporting for Settings. Important for improving overall system quality.,39,0,0.49,2.4,SaaS,MEDIUM
Refactor codebase in Database,Refactor codebase in Database. This enhancement supports ongoing optimization efforts.,14,3,0.48,1.5,SaaS,MEDIUM
Improve analytics reporting for Settings,Improve analytics reporting for Settings. Important for improving overall system quality.,21,0,0.29,2.3,EdTech,MEDIUM
Update dependency versions,Update dependency versions. This is a minor improvement with low business impact.,21,0,0.04,1.5,Fintech,LOW
Upgrade billing process in Invoice Processing,Upgrade billing process in Invoice Processing. This task will improve operational efficiency.,-1,9,0.38,3.7,E-commerce,MEDIUM
Critical issue in Data Pipeline,Critical issue in Data Pipeline. Failure to resolve may result in financial or reputational damage.,13,3,0.51,2.8,SaaS,HIGH
Enhance internal documentation,Enhance internal documentation. No immediate operational risk involved.,44,0,0.02,1.5,Healthcare,LOW
Refactor variable naming in Frontend App,Refactor variable naming in Frontend App. No immediate operational risk involved.,26,1,0.13,0.5,AI Platform,LOW
Organize file structure,Organize file structure. No immediate operational risk involved.,70,7,0.18,0.3,Fintech,LOW
Critical issue in Data Pipeline,Critical issue in Data Pipeline. This issue is affecting multiple stakeholders and requires immediate attention.,9,18,0.74,8.3,SaaS,HIGH
Revenue-impacting defect in Settings,Revenue-impacting defect in Settings. Failure to resolve may result in financial or reputational damage.,2,0,0.67,8.4,EdTech,HIGH
Fix minor typo in documentation,Fix minor typo in documentation. Can be addressed during routine maintenance.,36,0,0.08,1.3,SaaS,LOW
System crash during Search,System crash during Search. This issue is affecting multiple stakeholders and requires immediate attention.,21,0,0.29,7.8,SaaS,HIGH
Enhance internal documentation,Enhance internal documentation. Can be addressed during routine maintenance.,21,0,0.16,0.1,Fintech,LOW
Refactor codebase in Mobile App,Refactor codebase in Mobile App. Important for improving overall system quality.,39,3,0.21,2.2,E-commerce,MEDIUM
Revenue-impacting defect in Login,Revenue-impacting defect in Login. Failure to resolve may result in financial or reputational damage.,11,8,0.79,1.8,SaaS,HIGH
Improve analytics reporting for Checkout,Improve analytics reporting for Checkout. This enhancement supports ongoing optimization efforts.,34,4,0.29,3.3,AI Platform,MEDIUM
Minor UI alignment fix,Minor UI alignment fix. Can be addressed during routine maintenance.,51,0,0.15,0.3,Fintech,LOW
Client escalation regarding Settings,Client escalation regarding Settings. This task is blocking critical business operations.,-1,4,0.55,1.2,SaaS,HIGH
Optimize workflow in HR,Optimize workflow in HR. This enhancement supports ongoing optimization efforts.,-1,3,0.27,1.7,EdTech,MEDIUM
Compliance violation in HR,Compliance violation in HR. Failure to resolve may result in financial or reputational damage.,23,9,0.72,5.4,AI Platform,HIGH
Improve comments in codebase,Improve comments in codebase. Can be addressed during routine maintenance.,21,1,0.11,1.8,Healthcare,LOW
Immediate rollback required for Backend API,Immediate rollback required for Backend API. This issue is affecting multiple stakeholders and requires immediate attention.,13,6,0.68,8.4,Fintech,HIGH
System crash during Settings,System crash during Settings. This task is blocking critical business operations.,13,12,0.68,3.2,E-commerce,HIGH
Audit failure in Finance,Audit failure in Finance. Failure to resolve may result in financial or reputational damage.,-1,2,0.84,9.1,E-commerce,HIGH
Production outage affecting Reporting Service,Production outage affecting Reporting Service. This task is blocking critical business operations.,17,11,0.66,6.3,SaaS,HIGH
Enhance UI for Analytics,Enhance UI for Analytics. This enhancement supports ongoing optimization efforts.,36,3,0.43,1.6,Healthcare,MEDIUM
Critical issue in Mobile App,Critical issue in Mobile App. This task is blocking critical business operations.,8,7,0.49,9.7,EdTech,HIGH
Payment failure reported by Startup Client,Payment failure reported by Startup Client. This task is blocking critical business operations.,19,14,0.31,1.3,Fintech,HIGH
Implement new feature for Dashboard,Implement new feature for Dashboard. This task will improve operational efficiency.,-1,0,0.05,3.4,E-commerce,MEDIUM
Production outage affecting Inventory Service,Production outage affecting Inventory Service. This task is blocking critical business operations.,20,4,0.43,3.8,Healthcare,HIGH
Organize file structure,Organize file structure. No immediate operational risk involved.,31,1,0.14,1.5,E-commerce,LOW
Fix minor typo in documentation,Fix minor typo in documentation. This is a minor improvement with low business impact.,47,2,0.06,1.6,EdTech,LOW
Compliance violation in Sales,Compliance violation in Sales. This task is blocking critical business operations.,8,8,0.4,6.5,Healthcare,HIGH
Refactor codebase in Frontend App,Refactor codebase in Frontend App. This enhancement supports ongoing optimization efforts.,-1,8,0.12,3.7,SaaS,MEDIUM
Update dependency versions,Update dependency versions. This is a minor improvement with low business impact.,24,5,0.05,1.3,EdTech,LOW
Upgrade billing process in Budget Planning,Upgrade billing process in Budget Planning. Important for improving overall system quality.,9,3,0.47,0.3,AI Platform,MEDIUM
Improve analytics reporting for Analytics,Improve analytics reporting for Analytics. This enhancement supports ongoing optimization efforts.,9,10,0.03,1.3,Healthcare,MEDIUM
Immediate rollback required for Database,Immediate rollback required for Database. Failure to resolve may result in financial or reputational damage.,12,0,0.88,2.0,EdTech,HIGH
Refactor variable naming in Backend API,Refactor variable naming in Backend API. No immediate operational risk involved.,22,2,0.07,0.6,Fintech,LOW
Improve formatting in Payment Gateway,Improve formatting in Payment Gateway. Can be addressed during routine maintenance.,32,0,0.03,1.0,Healthcare,LOW
Enhance UI for Analytics,Enhance UI for Analytics. This task will improve operational efficiency.,-1,6,0.35,0.1,E-commerce,MEDIUM
Update dependency versions,Update dependency versions. This is a minor improvement with low business impact.,-1,1,0.01,1.5,Healthcare,LOW
Improve formatting in Frontend App,Improve formatting in Frontend App. No immediate operational risk involved.,30,0,0.03,1.3,Fintech,LOW
Update design theme slightly,Update design theme slightly. This is a minor improvement with low business impact.,80,4,0.17,1.6,AI Platform,LOW
Security breach detected in Auth Service,Security breach detected in Auth Service. Failure to resolve may result in financial or reputational damage.,-1,8,0.83,7.9,Healthcare,HIGH
Improve formatting in Backend API,Improve formatting in Backend API. This is a minor improvement with low business impact.,37,0,0.15,1.2,SaaS,LOW
Upgrade billing process in Budget Planning,Upgrade billing process in Budget Planning. This enhancement supports ongoing optimization efforts.,36,9,0.14,1.2,E-commerce,MEDIUM
Immediate rollback required for Frontend App,Immediate rollback required for Frontend App. This issue is affecting multiple stakeholders and requires immediate attention.,17,11,0.84,8.7,Fintech,HIGH
Enhance performance of Frontend App,Enhance performance of Frontend App. Important for improving overall system quality.,23,12,0.26,2.7,AI Platform,MEDIUM
Enhance UI for Login,Enhance UI for Login. This task will improve operational efficiency.,32,10,0.24,2.3,E-commerce,MEDIUM
Enhance UI for Dashboard,Enhance UI for Dashboard. Important for improving overall system quality.,15,0,0.16,0.6,Fintech,MEDIUM
Security breach detected in Mobile App,Security breach detected in Mobile App. Failure to resolve may result in financial or reputational damage.,19,11,0.71,8.6,EdTech,HIGH
Compliance violation in HR,Compliance violation in HR. Failure to resolve may result in financial or reputational damage.,-1,9,0.78,7.4,SaaS,HIGH
Upgrade billing process in Budget Planning,Upgrade billing process in Budget Planning. Important for improving overall system quality.,17,1,0.42,1.0,AI Platform,MEDIUM
Client escalation regarding Search,Client escalation regarding Search. This issue is affecting multiple stakeholders and requires immediate attention.,11,9,0.39,8.8,EdTech,HIGH
Update dependency versions,Update dependency versions. This is a minor improvement with low business impact.,52,0,0.05,0.3,EdTech,LOW
Update dependency versions,Update dependency versions. No immediate operational risk involved.,27,0,0.07,1.6,AI Platform,LOW
Immediate rollback required for Frontend App,Immediate rollback required for Frontend App. This issue is affecting multiple stakeholders and requires immediate attention.,14,14,0.42,6.2,AI Platform,HIGH
Minor UI alignment fix,Minor UI alignment fix. Can be addressed during routine maintenance.,20,0,0.17,0.7,EdTech,LOW
Improve onboarding process for Payroll Review,Improve onboarding process for Payroll Review. Important for improving overall system quality.,-1,5,0.29,2.4,AI Platform,MEDIUM
Revenue-impacting defect in Login,Revenue-impacting defect in Login. This issue is affecting multiple stakeholders and requires immediate attention.,7,15,0.57,1.2,SaaS,HIGH
Revenue-impacting defect in Login,Revenue-impacting defect in Login. This task is blocking critical business operations.,17,0,0.23,9.9,SaaS,HIGH
System crash during Dashboard,System crash during Dashboard. Failure to resolve may result in financial or reputational damage.,3,15,0.68,5.7,Fintech,HIGH
Minor UI alignment fix,Minor UI alignment fix. No immediate operational risk involved.,34,3,0.13,1.0,Healthcare,LOW
Cleanup unused resources,Cleanup unused resources. Can be addressed during routine maintenance.,48,1,0.04,1.3,Healthcare,LOW
Payment failure reported by Government Client,Payment failure reported by Government Client. This issue is affecting multiple stakeholders and requires immediate attention.,6,4,0.38,7.2,Fintech,HIGH
Compliance violation in HR,Compliance violation in HR. This issue is affecting multiple stakeholders and requires immediate attention.,4,13,0.46,6.0,Healthcare,HIGH
Improve onboarding process for Recruitment Drive,Improve onboarding process for Recruitment Drive. Important for improving overall system quality.,21,10,0.39,1.5,Fintech,MEDIUM
Payment failure reported by Government Client,Payment failure reported by Government Client. This issue is affecting multiple stakeholders and requires immediate attention.,6,2,0.36,6.7,Healthcare,HIGH
Improve analytics reporting for Dashboard,Improve analytics reporting for Dashboard. This enhancement supports ongoing optimization efforts.,36,8,0.03,3.9,SaaS,MEDIUM
Integrate new API into Inventory Service,Integrate new API into Inventory Service. This enhancement supports ongoing optimization efforts.,11,0,0.01,1.1,Fintech,MEDIUM
Enhance internal documentation,Enhance internal documentation. This is a minor improvement with low business impact.,47,0,0.18,0.7,Healthcare,LOW
Fix minor typo in documentation,Fix minor typo in documentation. No immediate operational risk involved.,49,0,0.11,0.6,Fintech,LOW
Organize file structure,Organize file structure. No immediate operational risk involved.,57,3,0.13,1.1,E-commerce,LOW
Enhance internal documentation,Enhance internal documentation. Can be addressed during routine maintenance.,19,1,0.0,0.9,AI Platform,LOW
Security breach detected in Auth Service,Security breach detected in Auth Service. Failure to resolve may result in financial or reputational damage.,11,8,0.33,4.1,Fintech,HIGH
System crash during Search,System crash during Search. This issue is affecting multiple stakeholders and requires immediate attention.,18,0,0.59,7.1,E-commerce,HIGH
Integrate new API into Reporting Service,Integrate new API into Reporting Service. Important for improving overall system quality.,-1,5,0.25,0.3,Fintech,MEDIUM
Client escalation regarding Search,Client escalation regarding Search. This issue is affecting multiple stakeholders and requires immediate attention.,-1,0,0.76,3.0,E-commerce,HIGH
Upgrade billing process in Budget Planning,Upgrade billing process in Budget Planning. This task will improve operational efficiency.,20,5,0.35,3.7,SaaS,MEDIUM
Payment failure reported by Government Client,Payment failure reported by Government Client. This issue is affecting multiple stakeholders and requires immediate attention.,16,13,0.33,6.9,Fintech,HIGH
Cleanup unused resources,Cleanup unused resources. No immediate operational risk involved.,70,7,0.13,1.3,AI Platform,LOW
Improve comments in codebase,Improve comments in codebase. No immediate operational risk involved.,38,0,0.18,1.6,AI Platform,LOW
Enhance UI for Settings,Enhance UI for Settings. Important for improving overall system quality.,-1,6,0.27,2.4,AI Platform,MEDIUM
Minor UI alignment fix,Minor UI alignment fix. Can be addressed during routine maintenance.,22,1,0.08,1.6,SaaS,LOW
Optimize workflow in HR,Optimize workflow in HR. Important for improving overall system quality.,35,0,0.01,3.6,Fintech,MEDIUM
Enhance UI for Analytics,Enhance UI for Analytics. Important for improving overall system quality.,22,5,0.25,0.4,AI Platform,MEDIUM
Upgrade billing process in Expense Audit,Upgrade billing process in Expense Audit. Important for improving overall system quality.,24,11,0.04,3.7,Fintech,MEDIUM
Automate campaign tracking for Email Automation,Automate campaign tracking for Email Automation. Important for improving overall system quality.,12,2,0.15,1.9,EdTech,MEDIUM
Implement new feature for Profile,Implement new feature for Profile. This enhancement supports ongoing optimization efforts.,24,0,0.01,2.5,E-commerce,MEDIUM
Integrate new API into Inventory Service,Integrate new API into Inventory Service. Important for improving overall system quality.,-1,2,0.24,0.7,AI Platform,MEDIUM
Critical issue in Data Pipeline,Critical issue in Data Pipeline. Failure to resolve may result in financial or reputational damage.,21,14,0.25,7.1,Fintech,HIGH
Upgrade billing process in Invoice Processing,Upgrade billing process in Invoice Processing. This enhancement supports ongoing optimization efforts.,-1,5,0.0,3.6,Healthcare,MEDIUM
Audit failure in Sales,Audit failure in Sales. Failure to resolve may result in financial or reputational damage.,-1,8,0.5,5.3,AI Platform,HIGH
Security breach detected in Backend API,Security breach detected in Backend API. This issue is affecting multiple stakeholders and requires immediate attention.,5,4,0.37,1.7,AI Platform,HIGH
Enhance internal documentation,Enhance internal documentation. No immediate operational risk involved.,-1,0,0.14,0.6,E-commerce,LOW
Update dependency versions,Update dependency versions. This is a minor improvement with low business impact.,34,1,0.02,0.8,Fintech,LOW
Payment failure reported by Premium Customer,Payment failure reported by Premium Customer. This task is blocking critical business operations.,6,0,0.72,7.2,E-commerce,HIGH
Enhance performance of Auth Service,Enhance performance of Auth Service. This enhancement supports ongoing optimization efforts.,13,7,0.13,1.3,Fintech,MEDIUM
Security breach detected in Database,Security breach detected in Database. Failure to resolve may result in financial or reputational damage.,21,3,0.6,7.6,Fintech,HIGH
Client escalation regarding Analytics,Client escalation regarding Analytics. This task is blocking critical business operations.,18,7,0.49,1.3,EdTech,HIGH
Security breach detected in Frontend App,Security breach detected in Frontend App. Failure to resolve may result in financial or reputational damage.,2,4,0.28,4.3,Fintech,HIGH
Production outage affecting User Service,Production outage affecting User Service. This issue is affecting multiple stakeholders and requires immediate attention.,7,0,0.84,7.7,Healthcare,HIGH
Compliance violation in Support,Compliance violation in Support. This issue is affecting multiple stakeholders and requires immediate attention.,16,8,0.38,4.5,AI Platform,HIGH
Integrate new API into Inventory Service,Integrate new API into Inventory Service. This task will improve operational efficiency.,18,12,0.44,1.0,E-commerce,MEDIUM
Upgrade billing process in Expense Audit,Upgrade billing process in Expense Audit. This enhancement supports ongoing optimization efforts.,14,6,0.11,0.9,Healthcare,MEDIUM
Minor UI alignment fix,Minor UI alignment fix. No immediate operational risk involved.,-1,1,0.07,1.3,Fintech,LOW
Optimize workflow in HR,Optimize workflow in HR. Important for improving overall system quality.,10,0,0.06,0.8,AI Platform,MEDIUM
Improve formatting in Mobile App,Improve formatting in Mobile App. No immediate operational risk involved.,-1,2,0.09,0.8,SaaS,LOW
Minor UI alignment fix,Minor UI alignment fix. Can be addressed during routine maintenance.,18,0,0.04,1.9,Fintech,LOW
Critical issue in Auth Service,Critical issue in Auth Service. This task is blocking critical business operations.,9,7,0.78,8.1,SaaS,HIGH
Minor UI alignment fix,Minor UI alignment fix. No immediate operational risk involved.,24,0,0.12,0.3,AI Platform,LOW
Client escalation regarding Search,Client escalation regarding Search. Failure to resolve may result in financial or reputational damage.,-1,0,0.79,8.1,AI Platform,HIGH
Automate campaign tracking for Black Friday Campaign,Automate campaign tracking for Black Friday Campaign. This enhancement supports ongoing optimization efforts.,27,6,0.5,2.4,E-commerce,MEDIUM
Minor UI alignment fix,Minor UI alignment fix. This is a minor improvement with low business impact.,48,2,0.06,1.9,SaaS,LOW
Organize file structure,Organize file structure. No immediate operational risk involved.,-1,2,0.1,1.0,Fintech,LOW
Update design theme slightly,Update design theme slightly. Can be addressed during routine maintenance.,34,3,0.19,1.5,Healthcare,LOW
Immediate rollback required for Database,Immediate rollback required for Database. This task is blocking critical business operations.,2,2,0.71,6.0,E-commerce,HIGH
Revenue-impacting defect in Search,Revenue-impacting defect in Search. This task is blocking critical business operations.,2,12,0.77,2.0,Fintech,HIGH
Refactor codebase in Database,Refactor codebase in Database. Important for improving overall system quality.,27,4,0.44,0.8,SaaS,MEDIUM
Integrate new API into Notification Service,Integrate new API into Notification Service. This enhancement supports ongoing optimization efforts.,36,0,0.33,2.2,Healthcare,MEDIUM
Payment failure reported by Enterprise Client,Payment failure reported by Enterprise Client. This issue is affecting multiple stakeholders and requires immediate attention.,10,17,0.26,8.3,Healthcare,HIGH
Improve comments in codebase,Improve comments in codebase. No immediate operational risk involved.,51,0,0.1,1.6,SaaS,LOW
Payment failure reported by Enterprise Client,Payment failure reported by Enterprise Client. This task is blocking critical business operations.,12,0,0.84,7.0,E-commerce,HIGH
Security breach detected in Mobile App,Security breach detected in Mobile App. This task is blocking critical business operations.,6,9,0.53,3.6,AI Platform,HIGH
Integrate new API into User Service,Integrate new API into User Service. This task will improve operational efficiency.,-1,5,0.39,2.7,E-commerce,MEDIUM
Minor UI alignment fix,Minor UI alignment fix. This is a minor improvement with low business impact.,25,3,0.18,0.8,Fintech,LOW
Compliance violation in Sales,Compliance violation in Sales. Failure to resolve may result in financial or reputational damage.,-1,9,0.87,1.1,Fintech,HIGH
Critical issue in Backend API,Critical issue in Backend API. This task is blocking critical business operations.,21,13,0.74,7.6,AI Platform,HIGH
Audit failure in Marketing,Audit failure in Marketing. This issue is affecting multiple stakeholders and requires immediate attention.,11,9,0.24,8.8,E-commerce,HIGH
Enhance UI for Settings,Enhance UI for Settings. This enhancement supports ongoing optimization efforts.,42,3,0.2,1.3,E-commerce,MEDIUM
Client escalation regarding Dashboard,Client escalation regarding Dashboard. This issue is affecting multiple stakeholders and requires immediate attention.,23,0,0.45,2.7,SaaS,HIGH
Improve onboarding process for Recruitment Drive,Improve onboarding process for Recruitment Drive. Important for improving overall system quality.,37,0,0.27,3.2,AI Platform,MEDIUM
Refactor variable naming in Data Pipeline,Refactor variable naming in Data Pipeline. This is a minor improvement with low business impact.,-1,3,0.13,1.8,Healthcare,LOW
Immediate rollback required for Payment Gateway,Immediate rollback required for Payment Gateway. This task is blocking critical business operations.,8,0,0.69,5.7,AI Platform,HIGH
Organize file structure,Organize file structure. No immediate operational risk involved.,29,6,0.05,1.2,Fintech,LOW
Optimize workflow in Sales,Optimize workflow in Sales. Important for improving overall system quality.,6,5,0.39,2.0,AI Platform,MEDIUM
Improve comments in codebase,Improve comments in codebase. Can be addressed during routine maintenance.,-1,3,0.12,0.7,E-commerce,LOW
Fix minor typo in documentation,Fix minor typo in documentation. Can be addressed during routine maintenance.,38,3,0.17,0.9,SaaS,LOW
Improve formatting in Backend API,Improve formatting in Backend API. No immediate operational risk involved.,22,7,0.17,1.8,EdTech,LOW
Implement new feature for Settings,Implement new feature for Settings. Important for improving overall system quality.,31,4,0.45,2.5,Healthcare,MEDIUM
Update design theme slightly,Update design theme slightly. No immediate operational risk involved.,37,5,0.13,0.6,E-commerce,LOW
Audit failure in Operations,Audit failure in Operations. This issue is affecting multiple stakeholders and requires immediate attention.,11,7,0.77,2.2,Fintech,HIGH
Update design theme slightly,Update design theme slightly. Can be addressed during routine maintenance.,31,0,0.02,2.0,AI Platform,LOW
Security breach detected in Database,Security breach detected in Database. Failure to resolve may result in financial or reputational damage.,8,5,0.55,2.8,Fintech,HIGH
Integrate new API into Reporting Service,Integrate new API into Reporting Service. This enhancement supports ongoing optimization efforts.,29,0,0.49,0.2,Healthcare,MEDIUM
Organize file structure,Organize file structure. Can be addressed during routine maintenance.,55,5,0.09,1.3,AI Platform,LOW
Improve formatting in Backend API,Improve formatting in Backend API. No immediate operational risk involved.,54,1,0.09,1.2,EdTech,LOW
Improve formatting in Auth Service,Improve formatting in Auth Service. No immediate operational risk involved.,-1,2,0.03,0.3,Fintech,LOW
Implement new feature for Login,Implement new feature for Login. This enhancement supports ongoing optimization efforts.,-1,0,0.02,2.0,Fintech,MEDIUM
Refactor codebase in Backend API,Refactor codebase in Backend API. This enhancement supports ongoing optimization efforts.,24,8,0.45,0.4,EdTech,MEDIUM
Organize file structure,Organize file structure. This is a minor improvement with low business impact.,78,8,0.09,0.8,SaaS,LOW
Revenue-impacting defect in Analytics,Revenue-impacting defect in Analytics. Failure to resolve may result in financial or reputational damage.,13,8,0.58,7.5,E-commerce,HIGH
Refactor variable naming in Payment Gateway,Refactor variable naming in Payment Gateway. Can be addressed during routine maintenance.,-1,0,0.08,0.0,EdTech,LOW
Security breach detected in Auth Service,Security breach detected in Auth Service. Failure to resolve may result in financial or reputational damage.,23,4,0.86,3.3,Healthcare,HIGH
Improve onboarding process for Employee Onboarding,Improve onboarding process for Employee Onboarding. This task will improve operational efficiency.,17,0,0.27,3.4,SaaS,MEDIUM
Payment failure reported by Premium Customer,Payment failure reported by Premium Customer. This issue is affecting multiple stakeholders and requires immediate attention.,-1,2,0.26,7.6,SaaS,HIGH
Update design theme slightly,Update design theme slightly. No immediate operational risk involved.,-1,0,0.16,1.5,AI Platform,LOW
Critical issue in Data Pipeline,Critical issue in Data Pipeline. This task is blocking critical business operations.,4,10,0.31,8.2,EdTech,HIGH
Improve analytics reporting for Login,Improve analytics reporting for Login. This enhancement supports ongoing optimization efforts.,12,8,0.27,2.2,Healthcare,MEDIUM
Organize file structure,Organize file structure. This is a minor improvement with low business impact.,-1,0,0.13,0.8,EdTech,LOW
Enhance UI for Checkout,Enhance UI for Checkout. Important for improving overall system quality.,31,10,0.15,2.9,Fintech,MEDIUM
Upgrade billing process in Invoice Processing,Upgrade billing process in Invoice Processing. This task will improve operational efficiency.,13,6,0.45,0.0,Fintech,MEDIUM
Improve onboarding process for Recruitment Drive,Improve onboarding process for Recruitment Drive. This enhancement supports ongoing optimization efforts.,9,1,0.44,3.2,E-commerce,MEDIUM
Integrate new API into Inventory Service,Integrate new API into Inventory Service. This enhancement supports ongoing optimization efforts.,18,0,0.02,0.4,Fintech,MEDIUM
Cleanup unused resources,Cleanup unused resources. No immediate operational risk involved.,13,9,0.01,1.8,EdTech,LOW
Audit failure in Operations,Audit failure in Operations. Failure to resolve may result in financial or reputational damage.,10,11,0.67,8.9,Fintech,HIGH
Integrate new API into Billing Service,Integrate new API into Billing Service. This enhancement supports ongoing optimization efforts.,28,9,0.16,2.0,SaaS,MEDIUM
Security breach detected in Data Pipeline,Security breach detected in Data Pipeline. This issue is affecting multiple stakeholders and requires immediate attention.,8,5,0.5,4.1,AI Platform,HIGH
Optimize workflow in Sales,Optimize workflow in Sales. Important for improving overall system quality.,26,9,0.09,3.4,Fintech,MEDIUM
Minor UI alignment fix,Minor UI alignment fix. Can be addressed during routine maintenance.,-1,0,0.06,0.9,Healthcare,LOW
Client escalation regarding Analytics,Client escalation regarding Analytics. This task is blocking critical business operations.,5,4,0.43,2.2,AI Platform,HIGH
Enhance UI for Login,Enhance UI for Login. This enhancement supports ongoing optimization efforts.,-1,4,0.43,3.5,Fintech,MEDIUM
Revenue-impacting defect in Dashboard,Revenue-impacting defect in Dashboard. This issue is affecting multiple stakeholders and requires immediate attention.,7,8,0.9,4.1,AI Platform,HIGH
Minor UI alignment fix,Minor UI alignment fix. No immediate operational risk involved.,73,1,0.16,1.8,AI Platform,LOW
Upgrade billing process in Expense Audit,Upgrade billing process in Expense Audit. Important for improving overall system quality.,24,2,0.09,0.1,Fintech,MEDIUM
Implement new feature for Search,Implement new feature for Search. This enhancement supports ongoing optimization efforts.,18,0,0.36,3.4,SaaS,MEDIUM
Automate campaign tracking for Referral Program,Automate campaign tracking for Referral Program. This task will improve operational efficiency.,-1,3,0.49,1.2,Healthcare,MEDIUM
Upgrade billing process in Invoice Processing,Upgrade billing process in Invoice Processing. Important for improving overall system quality.,-1,9,0.16,1.9,Healthcare,MEDIUM
Implement new feature for Dashboard,Implement new feature for Dashboard. This enhancement supports ongoing optimization efforts.,17,0,0.42,2.7,Healthcare,MEDIUM
Enhance internal documentation,Enhance internal documentation. No immediate operational risk involved.,-1,0,0.09,0.4,AI Platform,LOW
Minor UI alignment fix,Minor UI alignment fix. This is a minor improvement with low business impact.,16,0,0.14,0.8,Healthcare,LOW
Compliance violation in Finance,Compliance violation in Finance. This issue is affecting multiple stakeholders and requires immediate attention.,5,7,0.62,6.6,AI Platform,HIGH
Update dependency versions,Update dependency versions. No immediate operational risk involved.,-1,0,0.11,0.6,Healthcare,LOW
Minor UI alignment fix,Minor UI alignment fix. Can be addressed during routine maintenance.,-1,2,0.13,1.0,EdTech,LOW
Critical issue in Auth Service,Critical issue in Auth Service. Failure to resolve may result in financial or reputational damage.,8,0,0.46,9.9,E-commerce,HIGH
Enhance internal documentation,Enhance internal documentation. This is a minor improvement with low business impact.,-1,3,0.16,1.3,AI Platform,LOW
Improve onboarding process for Payroll Review,Improve onboarding process for Payroll Review. This enhancement supports ongoing optimization efforts.,19,0,0.31,1.4,EdTech,MEDIUM
Refactor codebase in Database,Refactor codebase in Database. This enhancement supports ongoing optimization efforts.,41,4,0.38,1.9,AI Platform,MEDIUM
Improve analytics reporting for Settings,Improve analytics reporting for Settings. This task will improve operational efficiency.,18,7,0.2,2.1,EdTech,MEDIUM
Enhance internal documentation,Enhance internal documentation. No immediate operational risk involved.,31,5,0.05,1.2,Fintech,LOW
Critical issue in Data Pipeline,Critical issue in Data Pipeline. Failure to resolve may result in financial or reputational damage.,8,0,0.28,8.4,Fintech,HIGH
Enhance UI for Login,Enhance UI for Login. This enhancement supports ongoing optimization efforts.,15,6,0.0,0.9,AI Platform,MEDIUM
Production outage affecting Billing Service,Production outage affecting Billing Service. This issue is affecting multiple stakeholders and requires immediate attention.,21,11,0.41,1.4,Healthcare,HIGH
Integrate new API into User Service,Integrate new API into User Service. This enhancement supports ongoing optimization efforts.,16,0,0.45,3.4,EdTech,MEDIUM
Security breach detected in Database,Security breach detected in Database. This task is blocking critical business operations.,6,3,0.63,2.7,Fintech,HIGH
Critical issue in Payment Gateway,Critical issue in Payment Gateway. This issue is affecting multiple stakeholders and requires immediate attention.,21,12,0.3,6.1,E-commerce,HIGH
Update design theme slightly,Update design theme slightly. Can be addressed during routine maintenance.,35,5,0.04,1.5,E-commerce,LOW
Improve formatting in Backend API,Improve formatting in Backend API. Can be addressed during routine maintenance.,58,0,0.19,0.4,AI Platform,LOW
Improve comments in codebase,Improve comments in codebase. No immediate operational risk involved.,48,3,0.06,0.3,E-commerce,LOW
Enhance internal documentation,Enhance internal documentation. No immediate operational risk involved.,24,4,0.0,0.6,AI Platform,LOW
Update dependency versions,Update dependency versions. This is a minor improvement with low business impact.,-1,6,0.15,0.7,SaaS,LOW
Integrate new API into Notification Service,Integrate new API into Notification Service. This task will improve operational efficiency.,25,5,0.49,3.7,E-commerce,MEDIUM
Improve onboarding process for Payroll Review,Improve onboarding process for Payroll Review. This enhancement supports ongoing optimization efforts.,13,5,0.06,0.5,E-commerce,MEDIUM
Improve analytics reporting for Profile,Improve analytics reporting for Profile. This task will improve operational efficiency.,-1,13,0.23,2.1,Healthcare,MEDIUM
Improve comments in codebase,Improve comments in codebase. No immediate operational risk involved.,-1,0,0.12,0.6,SaaS,LOW
Payment failure reported by Premium Customer,Payment failure reported by Premium Customer. Failure to resolve may result in financial or reputational damage.,8,9,0.6,3.1,Healthcare,HIGH
Refactor variable naming in Mobile App,Refactor variable naming in Mobile App. No immediate operational risk involved.,-1,7,0.05,1.7,EdTech,LOW
Automate campaign tracking for Black Friday Campaign,Automate campaign tracking for Black Friday Campaign. Important for improving overall system quality.,23,6,0.33,2.0,AI Platform,MEDIUM
Enhance UI for Settings,Enhance UI for Settings. This enhancement supports ongoing optimization efforts.,15,10,0.21,1.1,EdTech,MEDIUM
Organize file structure,Organize file structure. This is a minor improvement with low business impact.,-1,2,0.14,1.0,Healthcare,LOW
Immediate rollback required for Data Pipeline,Immediate rollback required for Data Pipeline. This task is blocking critical business operations.,-1,17,0.46,2.3,E-commerce,HIGH
Update dependency versions,Update dependency versions. No immediate operational risk involved.,30,0,0.07,1.2,SaaS,LOW
Production outage affecting Reporting Service,Production outage affecting Reporting Service. This issue is affecting multiple stakeholders and requires immediate attention.,6,0,0.63,9.9,E-commerce,HIGH
Improve formatting in Data Pipeline,Improve formatting in Data Pipeline. No immediate operational risk involved.,-1,3,0.15,1.3,AI Platform,LOW
Compliance violation in HR,Compliance violation in HR. Failure to resolve may result in financial or reputational damage.,6,0,0.85,1.9,SaaS,HIGH
Refactor variable naming in Data Pipeline,Refactor variable naming in Data Pipeline. No immediate operational risk involved.,-1,1,0.11,0.5,SaaS,LOW
Payment failure reported by Enterprise Client,Payment failure reported by Enterprise Client. This task is blocking critical business operations.,4,15,0.75,8.8,Healthcare,HIGH
System crash during Search,System crash during Search. Failure to resolve may result in financial or reputational damage.,3,15,0.53,2.5,EdTech,HIGH
Enhance performance of Database,Enhance performance of Database. This enhancement supports ongoing optimization efforts.,32,3,0.33,2.1,AI Platform,MEDIUM
Update dependency versions,Update dependency versions. Can be addressed during routine maintenance.,68,1,0.04,0.8,SaaS,LOW
Compliance violation in Sales,Compliance violation in Sales. This issue is affecting multiple stakeholders and requires immediate attention.,-1,0,0.36,8.7,Fintech,HIGH
Client escalation regarding Search,Client escalation regarding Search. This issue is affecting multiple stakeholders and requires immediate attention.,11,12,0.57,5.1,AI Platform,HIGH
Update design theme slightly,Update design theme slightly. This is a minor improvement with low business impact.,-1,2,0.19,0.5,E-commerce,LOW
Audit failure in Marketing,Audit failure in Marketing. This issue is affecting multiple stakeholders and requires immediate attention.,11,14,0.74,4.9,SaaS,HIGH
Improve analytics reporting for Profile,Improve analytics reporting for Profile. This task will improve operational efficiency.,27,0,0.39,2.8,AI Platform,MEDIUM
Security breach detected in Backend API,Security breach detected in Backend API. Failure to resolve may result in financial or reputational damage.,24,8,0.51,8.6,Fintech,HIGH
Organize file structure,Organize file structure. No immediate operational risk involved.,21,3,0.06,0.2,Fintech,LOW
Cleanup unused resources,Cleanup unused resources. No immediate operational risk involved.,32,0,0.15,1.2,AI Platform,LOW
Client escalation regarding Dashboard,Client escalation regarding Dashboard. This task is blocking critical business operations.,26,16,0.24,8.3,SaaS,HIGH
Payment failure reported by Startup Client,Payment failure reported by Startup Client. Failure to resolve may result in financial or reputational damage.,26,0,0.75,1.3,Healthcare,HIGH
System crash during Profile,System crash during Profile. Failure to resolve may result in financial or reputational damage.,18,5,0.28,4.3,SaaS,HIGH
Enhance UI for Login,Enhance UI for Login. Important for improving overall system quality.,34,12,0.32,0.8,Healthcare,MEDIUM
Update dependency versions,Update dependency versions. Can be addressed during routine maintenance.,64,0,0.01,1.2,E-commerce,LOW
Update dependency versions,Update dependency versions. No immediate operational risk involved.,27,6,0.19,1.5,EdTech,LOW
Refactor variable naming in Auth Service,Refactor variable naming in Auth Service. No immediate operational risk involved.,28,1,0.09,0.7,AI Platform,LOW
Automate campaign tracking for Black Friday Campaign,Automate campaign tracking for Black Friday Campaign. This task will improve operational efficiency.,16,4,0.03,0.6,E-commerce,MEDIUM
Improve analytics reporting for Settings,Improve analytics reporting for Settings. This task will improve operational efficiency.,15,0,0.39,2.6,Fintech,MEDIUM
Refactor variable naming in Frontend App,Refactor variable naming in Frontend App. No immediate operational risk involved.,60,4,0.04,0.1,SaaS,LOW
Minor UI alignment fix,Minor UI alignment fix. Can be addressed during routine maintenance.,49,5,0.01,1.1,E-commerce,LOW
Compliance violation in Marketing,Compliance violation in Marketing. Failure to resolve may result in financial or reputational damage.,9,0,0.4,6.5,Healthcare,HIGH
Update design theme slightly,Update design theme slightly. Can be addressed during routine maintenance.,-1,6,0.14,0.8,Healthcare,LOW
Enhance performance of Data Pipeline,Enhance performance of Data Pipeline. Important for improving overall system quality.,43,5,0.39,2.6,Healthcare,MEDIUM
Improve analytics reporting for Settings,Improve analytics reporting for Settings. This task will improve operational efficiency.,24,9,0.02,3.8,Fintech,MEDIUM
Enhance performance of Database,Enhance performance of Database. Important for improving overall system quality.,28,3,0.04,3.3,AI Platform,MEDIUM
Minor UI alignment fix,Minor UI alignment fix. Can be addressed during routine maintenance.,42,4,0.04,1.8,AI Platform,LOW
Integrate new API into User Service,Integrate new API into User Service. This enhancement supports ongoing optimization efforts.,19,7,0.41,0.2,EdTech,MEDIUM
Revenue-impacting defect in Checkout,Revenue-impacting defect in Checkout. Failure to resolve may result in financial or reputational damage.,17,4,0.47,3.9,Healthcare,HIGH
Critical issue in Database,Critical issue in Database. This task is blocking critical business operations.,11,6,0.89,2.5,EdTech,HIGH
Update dependency versions,Update dependency versions. No immediate operational risk involved.,38,0,0.03,1.3,AI Platform,LOW
Improve analytics reporting for Settings,Improve analytics reporting for Settings. This enhancement supports ongoing optimization efforts.,16,0,0.39,0.5,AI Platform,MEDIUM
Enhance UI for Search,Enhance UI for Search. This enhancement supports ongoing optimization efforts.,-1,0,0.19,3.6,SaaS,MEDIUM
Enhance performance of Database,Enhance performance of Database. This enhancement supports ongoing optimization efforts.,11,5,0.0,0.5,SaaS,MEDIUM
Optimize workflow in HR,Optimize workflow in HR. This enhancement supports ongoing optimization efforts.,9,6,0.41,2.1,E-commerce,MEDIUM
Critical issue in Data Pipeline,Critical issue in Data Pipeline. Failure to resolve may result in financial or reputational damage.,4,15,0.57,9.9,AI Platform,HIGH
Improve comments in codebase,Improve comments in codebase. Can be addressed during routine maintenance.,30,2,0.03,1.2,E-commerce,LOW
Update dependency versions,Update dependency versions. This is a minor improvement with low business impact.,64,3,0.04,1.1,SaaS,LOW
Enhance UI for Analytics,Enhance UI for Analytics. This enhancement supports ongoing optimization efforts.,34,1,0.18,2.0,E-commerce,MEDIUM
Security breach detected in Payment Gateway,Security breach detected in Payment Gateway. Failure to resolve may result in financial or reputational damage.,2,7,0.67,9.6,Healthcare,HIGH
Enhance internal documentation,Enhance internal documentation. Can be addressed during routine maintenance.,33,0,0.08,1.0,Fintech,LOW
Client escalation regarding Login,Client escalation regarding Login. Failure to resolve may result in financial or reputational damage.,-1,0,0.6,6.5,SaaS,HIGH
Cleanup unused resources,Cleanup unused resources. This is a minor improvement with low business impact.,-1,4,0.17,0.9,EdTech,LOW
Enhance performance of Frontend App,Enhance performance of Frontend App. Important for improving overall system quality.,26,0,0.47,1.8,Healthcare,MEDIUM
Refactor codebase in Frontend App,Refactor codebase in Frontend App. This enhancement supports ongoing optimization efforts.,28,6,0.21,4.0,SaaS,MEDIUM
Critical issue in Backend API,Critical issue in Backend API. This issue is affecting multiple stakeholders and requires immediate attention.,18,10,0.73,9.8,SaaS,HIGH
Enhance internal documentation,Enhance internal documentation. No immediate operational risk involved.,-1,3,0.08,2.0,EdTech,LOW
Refactor codebase in Frontend App,Refactor codebase in Frontend App. This task will improve operational efficiency.,11,0,0.5,0.9,SaaS,MEDIUM
Enhance UI for Dashboard,Enhance UI for Dashboard. This enhancement supports ongoing optimization efforts.,27,11,0.32,4.0,Fintech,MEDIUM
System crash during Search,System crash during Search. This issue is affecting multiple stakeholders and requires immediate attention.,6,12,0.24,3.2,EdTech,HIGH
Revenue-impacting defect in Dashboard,Revenue-impacting defect in Dashboard. This issue is affecting multiple stakeholders and requires immediate attention.,16,11,0.28,4.2,AI Platform,HIGH
Critical issue in Database,Critical issue in Database. This task is blocking critical business operations.,5,19,0.55,2.2,AI Platform,HIGH
Enhance UI for Analytics,Enhance UI for Analytics. Important for improving overall system quality.,25,5,0.01,2.8,Healthcare,MEDIUM
System crash during Login,System crash during Login. This issue is affecting multiple stakeholders and requires immediate attention.,27,0,0.26,1.2,SaaS,HIGH
Fix minor typo in documentation,Fix minor typo in documentation. Can be addressed during routine maintenance.,38,6,0.06,1.6,EdTech,LOW
Compliance violation in HR,Compliance violation in HR. This task is blocking critical business operations.,-1,7,0.7,7.3,Fintech,HIGH
Integrate new API into User Service,Integrate new API into User Service. This task will improve operational efficiency.,7,10,0.02,0.5,Healthcare,MEDIUM
Compliance violation in Operations,Compliance violation in Operations. This task is blocking critical business operations.,8,16,0.68,1.7,AI Platform,HIGH
Improve analytics reporting for Checkout,Improve analytics reporting for Checkout. This task will improve operational efficiency.,34,0,0.41,2.9,AI Platform,MEDIUM
Organize file structure,Organize file structure. This is a minor improvement with low business impact.,42,0,0.08,0.4,SaaS,LOW
Cleanup unused resources,Cleanup unused resources. Can be addressed during routine maintenance.,-1,6,0.04,1.5,EdTech,LOW
Optimize workflow in Support,Optimize workflow in Support. Important for improving overall system quality.,-1,0,0.03,0.1,SaaS,MEDIUM
Critical issue in Payment Gateway,Critical issue in Payment Gateway. This task is blocking critical business operations.,-1,1,0.8,9.1,EdTech,HIGH
Minor UI alignment fix,Minor UI alignment fix. Can be addressed during routine maintenance.,18,0,0.12,0.9,Healthcare,LOW
Refactor variable naming in Frontend App,Refactor variable naming in Frontend App. Can be addressed during routine maintenance.,23,3,0.01,0.9,Fintech,LOW
Enhance internal documentation,Enhance internal documentation. Can be addressed during routine maintenance.,26,1,0.06,0.2,Healthcare,LOW
Refactor codebase in Database,Refactor codebase in Database. This task will improve operational efficiency.,30,3,0.45,1.0,SaaS,MEDIUM
Enhance UI for Login,Enhance UI for Login. This task will improve operational efficiency.,-1,13,0.04,3.6,SaaS,MEDIUM
Automate campaign tracking for Black Friday Campaign,Automate campaign tracking for Black Friday Campaign. This task will improve operational efficiency.,18,0,0.06,1.8,E-commerce,MEDIUM
Integrate new API into Notification Service,Integrate new API into Notification Service. This task will improve operational efficiency.,33,13,0.31,3.4,Healthcare,MEDIUM
Improve analytics reporting for Checkout,Improve analytics reporting for Checkout. Important for improving overall system quality.,-1,8,0.18,2.7,Fintech,MEDIUM
Minor UI alignment fix,Minor UI alignment fix. This is a minor improvement with low business impact.,47,2,0.19,0.7,SaaS,LOW
Improve onboarding process for Employee Onboarding,Improve onboarding process for Employee Onboarding. Important for improving overall system quality.,23,9,0.03,2.5,Fintech,MEDIUM
Audit failure in Operations,Audit failure in Operations. This task is blocking critical business operations.,-1,11,0.82,4.5,EdTech,HIGH
Payment failure reported by Premium Customer,Payment failure reported by Premium Customer. This task is blocking critical business operations.,1,19,0.64,9.8,Healthcare,HIGH
Upgrade billing process in Budget Planning,Upgrade billing process in Budget Planning. This enhancement supports ongoing optimization efforts.,17,11,0.31,1.3,AI Platform,MEDIUM
Implement new feature for Analytics,Implement new feature for Analytics. This enhancement supports ongoing optimization efforts.,18,7,0.16,2.7,EdTech,MEDIUM
Minor UI alignment fix,Minor UI alignment fix. No immediate operational risk involved.,73,0,0.05,1.0,SaaS,LOW
Upgrade billing process in Budget Planning,Upgrade billing process in Budget Planning. Important for improving overall system quality.,14,7,0.47,2.0,AI Platform,MEDIUM
Critical issue in Mobile App,Critical issue in Mobile App. Failure to resolve may result in financial or reputational damage.,5,9,0.32,7.1,Fintech,HIGH
Fix minor typo in documentation,Fix minor typo in documentation. No immediate operational risk involved.,7,0,0.05,0.8,E-commerce,LOW
System crash during Settings,System crash during Settings. Failure to resolve may result in financial or reputational damage.,7,11,0.52,3.2,Healthcare,HIGH
Improve formatting in Mobile App,Improve formatting in Mobile App. Can be addressed during routine maintenance.,31,3,0.14,0.1,Fintech,LOW
Update dependency versions,Update dependency versions. No immediate operational risk involved.,-1,3,0.06,1.1,AI Platform,LOW
Improve formatting in Payment Gateway,Improve formatting in Payment Gateway. No immediate operational risk involved.,-1,0,0.06,0.9,EdTech,LOW
Revenue-impacting defect in Checkout,Revenue-impacting defect in Checkout. Failure to resolve may result in financial or reputational damage.,25,0,0.34,3.6,E-commerce,HIGH
Minor UI alignment fix,Minor UI alignment fix. No immediate operational risk involved.,50,0,0.19,0.2,EdTech,LOW
Improve formatting in Frontend App,Improve formatting in Frontend App. Can be addressed during routine maintenance.,44,1,0.1,0.1,EdTech,LOW
Payment failure reported by Startup Client,Payment failure reported by Startup Client. This issue is affecting multiple stakeholders and requires immediate attention.,8,0,0.65,6.5,EdTech,HIGH
Organize file structure,Organize file structure. This is a minor improvement with low business impact.,71,1,0.15,1.0,EdTech,LOW
Fix minor typo in documentation,Fix minor typo in documentation. This is a minor improvement with low business impact.,74,4,0.06,1.8,E-commerce,LOW
Optimize workflow in Sales,Optimize workflow in Sales. This task will improve operational efficiency.,-1,1,0.2,0.8,Healthcare,MEDIUM
Improve formatting in Mobile App,Improve formatting in Mobile App. This is a minor improvement with low business impact.,34,0,0.01,0.8,Healthcare,LOW
Enhance internal documentation,Enhance internal documentation. No immediate operational risk involved.,58,0,0.09,0.8,E-commerce,LOW
Implement new feature for Settings,Implement new feature for Settings. This enhancement supports ongoing optimization efforts.,11,9,0.18,2.2,Healthcare,MEDIUM
Improve onboarding process for Employee Onboarding,Improve onboarding process for Employee Onboarding. Important for improving overall system quality.,19,4,0.24,1.0,EdTech,MEDIUM
Enhance internal documentation,Enhance internal documentation. This is a minor improvement with low business impact.,55,2,0.07,1.0,Healthcare,LOW
Audit failure in Sales,Audit failure in Sales. This issue is affecting multiple stakeholders and requires immediate attention.,-1,0,0.53,4.7,Fintech,HIGH
Fix minor typo in documentation,Fix minor typo in documentation. Can be addressed during routine maintenance.,52,8,0.19,1.9,Fintech,LOW
Improve onboarding process for Employee Onboarding,Improve onboarding process for Employee Onboarding. This enhancement supports ongoing optimization efforts.,20,2,0.14,3.0,SaaS,MEDIUM
Enhance internal documentation,Enhance internal documentation. This is a minor improvement with low business impact.,54,1,0.12,0.7,Fintech,LOW
Compliance violation in Operations,Compliance violation in Operations. This issue is affecting multiple stakeholders and requires immediate attention.,14,10,0.83,1.5,AI Platform,HIGH
Client escalation regarding Profile,Client escalation regarding Profile. This task is blocking critical business operations.,-1,8,0.47,4.5,Fintech,HIGH
Enhance UI for Search,Enhance UI for Search. This task will improve operational efficiency.,21,0,0.05,1.0,E-commerce,MEDIUM
Cleanup unused resources,Cleanup unused resources. This is a minor improvement with low business impact.,-1,1,0.18,0.3,AI Platform,LOW
Cleanup unused resources,Cleanup unused resources. No immediate operational risk involved.,44,7,0.1,0.8,AI Platform,LOW
Revenue-impacting defect in Analytics,Revenue-impacting defect in Analytics. This issue is affecting multiple stakeholders and requires immediate attention.,4,14,0.58,9.0,E-commerce,HIGH
Payment failure reported by Premium Customer,Payment failure reported by Premium Customer. This issue is affecting multiple stakeholders and requires immediate attention.,27,10,0.79,1.9,E-commerce,HIGH
Integrate new API into Billing Service,Integrate new API into Billing Service. This task will improve operational efficiency.,13,4,0.3,1.0,E-commerce,MEDIUM
Implement new feature for Profile,Implement new feature for Profile. This enhancement supports ongoing optimization efforts.,-1,0,0.18,1.4,SaaS,MEDIUM
Audit failure in Operations,Audit failure in Operations. This issue is affecting multiple stakeholders and requires immediate attention.,23,10,0.48,7.7,Healthcare,HIGH
Refactor variable naming in Mobile App,Refactor variable naming in Mobile App. Can be addressed during routine maintenance.,25,5,0.12,1.7,AI Platform,LOW
Critical issue in Mobile App,Critical issue in Mobile App. Failure to resolve may result in financial or reputational damage.,1,0,0.65,2.9,EdTech,HIGH
Immediate rollback required for Backend API,Immediate rollback required for Backend API. Failure to resolve may result in financial or reputational damage.,7,16,0.24,1.9,AI Platform,HIGH
Automate campaign tracking for Black Friday Campaign,Automate campaign tracking for Black Friday Campaign. This task will improve operational efficiency.,18,5,0.2,1.7,EdTech,MEDIUM
Cleanup unused resources,Cleanup unused resources. This is a minor improvement with low business impact.,21,0,0.15,0.9,Healthcare,LOW
Security breach detected in Database,Security breach detected in Database. This task is blocking critical business operations.,11,3,0.8,2.4,Fintech,HIGH
Integrate new API into Billing Service,Integrate new API into Billing Service. Important for improving overall system quality.,31,8,0.03,0.5,Fintech,MEDIUM
Upgrade billing process in Budget Planning,Upgrade billing process in Budget Planning. Important for improving overall system quality.,33,0,0.04,2.2,AI Platform,MEDIUM
Cleanup unused resources,Cleanup unused resources. No immediate operational risk involved.,24,0,0.08,1.5,E-commerce,LOW
Implement new feature for Search,Implement new feature for Search. This enhancement supports ongoing optimization efforts.,17,4,0.34,1.4,E-commerce,MEDIUM
Automate campaign tracking for Black Friday Campaign,Automate campaign tracking for Black Friday Campaign. This task will improve operational efficiency.,20,13,0.38,0.6,AI Platform,MEDIUM
Production outage affecting Reporting Service,Production outage affecting Reporting Service. This task is blocking critical business operations.,10,10,0.52,5.9,EdTech,HIGH
Production outage affecting User Service,Production outage affecting User Service. This issue is affecting multiple stakeholders and requires immediate attention.,1,3,0.49,2.6,Healthcare,HIGH
Organize file structure,Organize file structure. No immediate operational risk involved.,71,7,0.16,0.7,EdTech,LOW
Integrate new API into Notification Service,Integrate new API into Notification Service. Important for improving overall system quality.,23,0,0.24,0.2,E-commerce,MEDIUM
Client escalation regarding Settings,Client escalation regarding Settings. Failure to resolve may result in financial or reputational damage.,-1,11,0.3,2.4,SaaS,HIGH
Organize file structure,Organize file structure. No immediate operational risk involved.,72,1,0.07,0.2,SaaS,LOW
Enhance UI for Login,Enhance UI for Login. This enhancement supports ongoing optimization efforts.,-1,4,0.25,3.1,E-commerce,MEDIUM
Refactor codebase in Payment Gateway,Refactor codebase in Payment Gateway. This task will improve operational efficiency.,-1,4,0.12,1.9,EdTech,MEDIUM
Client escalation regarding Analytics,Client escalation regarding Analytics. Failure to resolve may result in financial or reputational damage.,-1,13,0.73,9.8,AI Platform,HIGH
Refactor variable naming in Mobile App,Refactor variable naming in Mobile App. Can be addressed during routine maintenance.,7,0,0.19,1.6,Fintech,LOW
Optimize workflow in HR,Optimize workflow in HR. Important for improving overall system quality.,5,9,0.37,2.5,SaaS,MEDIUM
Improve analytics reporting for Checkout,Improve analytics reporting for Checkout. Important for improving overall system quality.,28,0,0.15,1.9,SaaS,MEDIUM
System crash during Search,System crash during Search. Failure to resolve may result in financial or reputational damage.,15,13,0.52,2.9,Healthcare,HIGH
Cleanup unused resources,Cleanup unused resources. Can be addressed during routine maintenance.,20,1,0.19,0.6,Fintech,LOW
Immediate rollback required for Frontend App,Immediate rollback required for Frontend App. This task is blocking critical business operations.,7,10,0.8,5.5,SaaS,HIGH
Security breach detected in Backend API,Security breach detected in Backend API. This issue is affecting multiple stakeholders and requires immediate attention.,20,10,0.67,8.5,SaaS,HIGH
Immediate rollback required for Database,Immediate rollback required for Database. Failure to resolve may result in financial or reputational damage.,19,12,0.87,6.0,EdTech,HIGH
Minor UI alignment fix,Minor UI alignment fix. No immediate operational risk involved.,63,5,0.06,0.7,AI Platform,LOW
Immediate rollback required for Frontend App,Immediate rollback required for Frontend App. This task is blocking critical business operations.,11,12,0.89,8.5,Healthcare,HIGH
Payment failure reported by Enterprise Client,Payment failure reported by Enterprise Client. Failure to resolve may result in financial or reputational damage.,17,0,0.69,2.0,Fintech,HIGH
Refactor variable naming in Data Pipeline,Refactor variable naming in Data Pipeline. No immediate operational risk involved.,40,4,0.0,0.2,Fintech,LOW
Improve formatting in Backend API,Improve formatting in Backend API. This is a minor improvement with low business impact.,33,1,0.13,0.5,Healthcare,LOW
Minor UI alignment fix,Minor UI alignment fix. No immediate operational risk involved.,14,0,0.16,1.2,SaaS,LOW
Payment failure reported by Premium Customer,Payment failure reported by Premium Customer. Failure to resolve may result in financial or reputational damage.,14,9,0.23,4.6,Fintech,HIGH
Enhance UI for Dashboard,Enhance UI for Dashboard. This task will improve operational efficiency.,20,0,0.27,2.0,SaaS,MEDIUM
Fix minor typo in documentation,Fix minor typo in documentation. This is a minor improvement with low business impact.,53,0,0.08,1.7,EdTech,LOW
Update design theme slightly,Update design theme slightly. This is a minor improvement with low business impact.,53,0,0.17,0.3,Healthcare,LOW
Refactor variable naming in Backend API,Refactor variable naming in Backend API. This is a minor improvement with low business impact.,35,0,0.02,1.3,EdTech,LOW
Update design theme slightly,Update design theme slightly. Can be addressed during routine maintenance.,-1,0,0.19,0.0,AI Platform,LOW
Production outage affecting Reporting Service,Production outage affecting Reporting Service. This task is blocking critical business operations.,-1,6,0.25,8.1,AI Platform,HIGH
Improve analytics reporting for Profile,Improve analytics reporting for Profile. Important for improving overall system quality.,-1,0,0.15,2.5,EdTech,MEDIUM
Automate campaign tracking for Q4 Launch,Automate campaign tracking for Q4 Launch. Important for improving overall system quality.,6,1,0.12,3.9,EdTech,MEDIUM
Refactor codebase in Backend API,Refactor codebase in Backend API. This enhancement supports ongoing optimization efforts.,-1,0,0.11,1.9,EdTech,MEDIUM
Payment failure reported by Enterprise Client,Payment failure reported by Enterprise Client. Failure to resolve may result in financial or reputational damage.,14,1,0.56,2.0,SaaS,HIGH
Revenue-impacting defect in Search,Revenue-impacting defect in Search. This task is blocking critical business operations.,4,9,0.65,2.6,AI Platform,HIGH
Production outage affecting Inventory Service,Production outage affecting Inventory Service. This issue is affecting multiple stakeholders and requires immediate attention.,20,15,0.82,7.5,Healthcare,HIGH
Improve analytics reporting for Profile,Improve analytics reporting for Profile. This enhancement supports ongoing optimization efforts.,-1,4,0.06,3.7,EdTech,MEDIUM
Immediate rollback required for Data Pipeline,Immediate rollback required for Data Pipeline. Failure to resolve may result in financial or reputational damage.,14,7,0.55,5.9,SaaS,HIGH
Fix minor typo in documentation,Fix minor typo in documentation. This is a minor improvement with low business impact.,16,0,0.08,0.6,AI Platform,LOW
Improve analytics reporting for Analytics,Improve analytics reporting for Analytics. This enhancement supports ongoing optimization efforts.,22,4,0.01,2.9,E-commerce,MEDIUM
Critical issue in Mobile App,Critical issue in Mobile App. This task is blocking critical business operations.,14,3,0.55,8.2,AI Platform,HIGH
Improve analytics reporting for Profile,Improve analytics reporting for Profile. Important for improving overall system quality.,10,8,0.19,1.9,Healthcare,MEDIUM
Audit failure in Marketing,Audit failure in Marketing. This issue is affecting multiple stakeholders and requires immediate attention.,6,5,0.44,6.3,SaaS,HIGH
Improve formatting in Mobile App,Improve formatting in Mobile App. This is a minor improvement with low business impact.,13,4,0.08,0.4,Fintech,LOW
Immediate rollback required for Data Pipeline,Immediate rollback required for Data Pipeline. This issue is affecting multiple stakeholders and requires immediate attention.,3,0,0.57,7.3,SaaS,HIGH
Improve comments in codebase,Improve comments in codebase. This is a minor improvement with low business impact.,-1,6,0.17,2.0,E-commerce,LOW
Enhance UI for Search,Enhance UI for Search. Important for improving overall system quality.,10,10,0.39,0.6,SaaS,MEDIUM
Upgrade billing process in Expense Audit,Upgrade billing process in Expense Audit. This enhancement supports ongoing optimization efforts.,14,5,0.39,1.4,SaaS,MEDIUM
Update design theme slightly,Update design theme slightly. No immediate operational risk involved.,15,2,0.04,1.3,Healthcare,LOW
Refactor variable naming in Database,Refactor variable naming in Database. Can be addressed during routine maintenance.,40,0,0.09,0.8,AI Platform,LOW
Automate campaign tracking for Referral Program,Automate campaign tracking for Referral Program. This task will improve operational efficiency.,-1,3,0.35,2.3,E-commerce,MEDIUM
Upgrade billing process in Invoice Processing,Upgrade billing process in Invoice Processing. Important for improving overall system quality.,15,11,0.47,1.8,Healthcare,MEDIUM
Implement new feature for Profile,Implement new feature for Profile. This enhancement supports ongoing optimization efforts.,40,0,0.14,1.7,AI Platform,MEDIUM
Refactor codebase in Mobile App,Refactor codebase in Mobile App. Important for improving overall system quality.,34,7,0.38,2.5,EdTech,MEDIUM
Optimize workflow in Support,Optimize workflow in Support. This enhancement supports ongoing optimization efforts.,24,5,0.22,1.5,Healthcare,MEDIUM
Enhance UI for Login,Enhance UI for Login. This task will improve operational efficiency.,14,8,0.38,3.0,Fintech,MEDIUM
Payment failure reported by Government Client,Payment failure reported by Government Client. This task is blocking critical business operations.,16,0,0.72,3.7,AI Platform,HIGH
Payment failure reported by Premium Customer,Payment failure reported by Premium Customer. This issue is affecting multiple stakeholders and requires immediate attention.,-1,13,0.75,5.2,SaaS,HIGH
Minor UI alignment fix,Minor UI alignment fix. This is a minor improvement with low business impact.,69,3,0.12,0.3,Healthcare,LOW
Revenue-impacting defect in Login,Revenue-impacting defect in Login. Failure to resolve may result in financial or reputational damage.,6,0,0.4,9.6,EdTech,HIGH
Organize file structure,Organize file structure. Can be addressed during routine maintenance.,36,0,0.12,0.8,Fintech,LOW
Refactor codebase in Data Pipeline,Refactor codebase in Data Pipeline. This enhancement supports ongoing optimization efforts.,19,4,0.43,1.0,SaaS,MEDIUM
Integrate new API into Billing Service,Integrate new API into Billing Service. This task will improve operational efficiency.,22,4,0.43,3.5,EdTech,MEDIUM
Audit failure in Marketing,Audit failure in Marketing. This issue is affecting multiple stakeholders and requires immediate attention.,-1,15,0.53,5.9,AI Platform,HIGH
Production outage affecting Inventory Service,Production outage affecting Inventory Service. This issue is affecting multiple stakeholders and requires immediate attention.,17,12,0.58,7.6,SaaS,HIGH
Improve formatting in Data Pipeline,Improve formatting in Data Pipeline. Can be addressed during routine maintenance.,23,3,0.11,1.1,Healthcare,LOW
Optimize workflow in Support,Optimize workflow in Support. This task will improve operational efficiency.,19,2,0.23,1.3,SaaS,MEDIUM
Compliance violation in Finance,Compliance violation in Finance. This issue is affecting multiple stakeholders and requires immediate attention.,5,6,0.84,3.6,EdTech,HIGH
Refactor codebase in Frontend App,Refactor codebase in Frontend App. Important for improving overall system quality.,38,0,0.5,1.8,Healthcare,MEDIUM
Automate campaign tracking for Q4 Launch,Automate campaign tracking for Q4 Launch. Important for improving overall system quality.,20,0,0.18,1.5,E-commerce,MEDIUM
Upgrade billing process in Budget Planning,Upgrade billing process in Budget Planning. This enhancement supports ongoing optimization efforts.,-1,12,0.28,3.2,Healthcare,MEDIUM
Improve analytics reporting for Profile,Improve analytics reporting for Profile. Important for improving overall system quality.,14,0,0.23,1.0,Fintech,MEDIUM
Improve comments in codebase,Improve comments in codebase. This is a minor improvement with low business impact.,77,0,0.12,1.6,E-commerce,LOW
Security breach detected in Database,Security breach detected in Database. Failure to resolve may result in financial or reputational damage.,21,0,0.33,1.1,SaaS,HIGH
Fix minor typo in documentation,Fix minor typo in documentation. No immediate operational risk involved.,72,3,0.11,1.7,EdTech,LOW
Enhance UI for Settings,Enhance UI for Settings. Important for improving overall system quality.,13,1,0.16,0.1,Fintech,MEDIUM
Enhance internal documentation,Enhance internal documentation. Can be addressed during routine maintenance.,29,5,0.05,0.6,Fintech,LOW
Critical issue in Auth Service,Critical issue in Auth Service. Failure to resolve may result in financial or reputational damage.,9,4,0.46,3.8,Fintech,HIGH
Payment failure reported by Enterprise Client,Payment failure reported by Enterprise Client. This task is blocking critical business operations.,16,8,0.66,6.2,EdTech,HIGH
Fix minor typo in documentation,Fix minor typo in documentation. No immediate operational risk involved.,-1,0,0.12,1.7,AI Platform,LOW
Enhance performance of Payment Gateway,Enhance performance of Payment Gateway. This task will improve operational efficiency.,11,0,0.3,0.1,E-commerce,MEDIUM
Integrate new API into Billing Service,Integrate new API into Billing Service. This task will improve operational efficiency.,12,9,0.08,1.6,Healthcare,MEDIUM
Immediate rollback required for Frontend App,Immediate rollback required for Frontend App. This task is blocking critical business operations.,12,0,0.53,8.1,SaaS,HIGH
Refactor variable naming in Backend API,Refactor variable naming in Backend API. No immediate operational risk involved.,43,5,0.13,0.7,Fintech,LOW
Improve comments in codebase,Improve comments in codebase. This is a minor improvement with low business impact.,28,0,0.12,1.0,EdTech,LOW
Cleanup unused resources,Cleanup unused resources. Can be addressed during routine maintenance.,65,0,0.04,0.6,SaaS,LOW
Refactor variable naming in Database,Refactor variable naming in Database. This is a minor improvement with low business impact.,44,0,0.03,0.9,EdTech,LOW
Cleanup unused resources,Cleanup unused resources. This is a minor improvement with low business impact.,70,6,0.14,1.0,AI Platform,LOW
Enhance internal documentation,Enhance internal documentation. This is a minor improvement with low business impact.,55,3,0.0,1.9,SaaS,LOW
Cleanup unused resources,Cleanup unused resources. This is a minor improvement with low business impact.,85,2,0.19,1.6,Healthcare,LOW
Improve formatting in Database,Improve formatting in Database. Can be addressed during routine maintenance.,-1,0,0.09,1.6,SaaS,LOW
Enhance UI for Search,Enhance UI for Search. This task will improve operational efficiency.,24,2,0.22,0.4,EdTech,MEDIUM
Refactor codebase in Database,Refactor codebase in Database. This task will improve operational efficiency.,-1,0,0.42,0.5,Healthcare,MEDIUM
Compliance violation in Marketing,Compliance violation in Marketing. This task is blocking critical business operations.,15,11,0.48,6.3,AI Platform,HIGH
Improve analytics reporting for Search,Improve analytics reporting for Search. Important for improving overall system quality.,43,4,0.22,0.8,SaaS,MEDIUM
Integrate new API into Inventory Service,Integrate new API into Inventory Service. This enhancement supports ongoing optimization efforts.,7,5,0.07,2.7,Healthcare,MEDIUM
Compliance violation in Support,Compliance violation in Support. This issue is affecting multiple stakeholders and requires immediate attention.,12,5,0.35,4.3,EdTech,HIGH
Critical issue in Backend API,Critical issue in Backend API. This issue is affecting multiple stakeholders and requires immediate attention.,14,9,0.53,9.6,EdTech,HIGH
Organize file structure,Organize file structure. No immediate operational risk involved.,53,0,0.12,1.5,SaaS,LOW
Cleanup unused resources,Cleanup unused resources. This is a minor improvement with low business impact.,15,0,0.15,1.7,Fintech,LOW
Refactor codebase in Auth Service,Refactor codebase in Auth Service. This enhancement supports ongoing optimization efforts.,6,4,0.01,0.3,EdTech,MEDIUM
Fix minor typo in documentation,Fix minor typo in documentation. This is a minor improvement with low business impact.,37,0,0.11,0.8,SaaS,LOW
Refactor codebase in Database,Refactor codebase in Database. This enhancement supports ongoing optimization efforts.,27,0,0.16,0.5,Healthcare,MEDIUM
Security breach detected in Auth Service,Security breach detected in Auth Service. This issue is affecting multiple stakeholders and requires immediate attention.,8,0,0.36,7.3,Healthcare,HIGH
Security breach detected in Payment Gateway,Security breach detected in Payment Gateway. Failure to resolve may result in financial or reputational damage.,-1,0,0.39,2.5,AI Platform,HIGH
Organize file structure,Organize file structure. Can be addressed during routine maintenance.,27,1,0.15,1.7,Fintech,LOW
Audit failure in Marketing,Audit failure in Marketing. This task is blocking critical business operations.,2,0,0.33,7.2,Fintech,HIGH
Immediate rollback required for Mobile App,Immediate rollback required for Mobile App. This issue is affecting multiple stakeholders and requires immediate attention.,4,9,0.75,2.4,E-commerce,HIGH
Critical issue in Data Pipeline,Critical issue in Data Pipeline. This issue is affecting multiple stakeholders and requires immediate attention.,6,8,0.88,6.9,SaaS,HIGH
Refactor codebase in Auth Service,Refactor codebase in Auth Service. This enhancement supports ongoing optimization efforts.,15,6,0.23,2.0,AI Platform,MEDIUM
Immediate rollback required for Mobile App,Immediate rollback required for Mobile App. This issue is affecting multiple stakeholders and requires immediate attention.,6,1,0.46,7.3,E-commerce,HIGH
Fix minor typo in documentation,Fix minor typo in documentation. No immediate operational risk involved.,28,5,0.01,0.3,Fintech,LOW
Compliance violation in HR,Compliance violation in HR. Failure to resolve may result in financial or reputational damage.,-1,0,0.3,8.7,EdTech,HIGH
Implement new feature for Settings,Implement new feature for Settings. Important for improving overall system quality.,19,8,0.39,0.5,E-commerce,MEDIUM
Organize file structure,Organize file structure. Can be addressed during routine maintenance.,36,0,0.01,0.9,SaaS,LOW
Enhance internal documentation,Enhance internal documentation. Can be addressed during routine maintenance.,56,4,0.1,1.9,AI Platform,LOW
System crash during Settings,System crash during Settings. This issue is affecting multiple stakeholders and requires immediate attention.,-1,7,0.27,6.9,AI Platform,HIGH
Refactor codebase in Data Pipeline,Refactor codebase in Data Pipeline. This task will improve operational efficiency.,-1,9,0.14,1.1,EdTech,MEDIUM
Client escalation regarding Analytics,Client escalation regarding Analytics. Failure to resolve may result in financial or reputational damage.,-1,0,0.3,1.5,AI Platform,HIGH
Enhance UI for Search,Enhance UI for Search. Important for improving overall system quality.,24,0,0.17,0.9,AI Platform,MEDIUM
Integrate new API into Inventory Service,Integrate new API into Inventory Service. Important for improving overall system quality.,11,0,0.15,1.4,EdTech,MEDIUM
Immediate rollback required for Frontend App,Immediate rollback required for Frontend App. This issue is affecting multiple stakeholders and requires immediate attention.,17,12,0.28,5.3,EdTech,HIGH
Security breach detected in Auth Service,Security breach detected in Auth Service. This issue is affecting multiple stakeholders and requires immediate attention.,19,13,0.43,7.9,AI Platform,HIGH
Security breach detected in Auth Service,Security breach detected in Auth Service. This task is blocking critical business operations.,2,7,0.63,1.7,E-commerce,HIGH
Fix minor typo in documentation,Fix minor typo in documentation. No immediate operational risk involved.,48,2,0.09,0.8,SaaS,LOW
Audit failure in Finance,Audit failure in Finance. This issue is affecting multiple stakeholders and requires immediate attention.,2,8,0.42,2.5,SaaS,HIGH
Automate campaign tracking for Black Friday Campaign,Automate campaign tracking for Black Friday Campaign. Important for improving overall system quality.,19,9,0.11,2.4,EdTech,MEDIUM
Improve formatting in Payment Gateway,Improve formatting in Payment Gateway. Can be addressed during routine maintenance.,65,6,0.14,1.9,E-commerce,LOW
Organize file structure,Organize file structure. Can be addressed during routine maintenance.,20,4,0.08,1.5,SaaS,LOW
Critical issue in Backend API,Critical issue in Backend API. Failure to resolve may result in financial or reputational damage.,5,7,0.63,5.7,Fintech,HIGH
Improve onboarding process for Employee Onboarding,Improve onboarding process for Employee Onboarding. This task will improve operational efficiency.,23,11,0.25,1.9,SaaS,MEDIUM
Enhance internal documentation,Enhance internal documentation. This is a minor improvement with low business impact.,-1,3,0.1,1.2,Fintech,LOW
Audit failure in Finance,Audit failure in Finance. Failure to resolve may result in financial or reputational damage.,7,14,0.27,4.1,AI Platform,HIGH
Improve comments in codebase,Improve comments in codebase. This is a minor improvement with low business impact.,59,2,0.12,0.5,AI Platform,LOW
Refactor variable naming in Data Pipeline,Refactor variable naming in Data Pipeline. Can be addressed during routine maintenance.,51,0,0.16,0.5,EdTech,LOW
Audit failure in Sales,Audit failure in Sales. This task is blocking critical business operations.,18,9,0.29,5.7,E-commerce,HIGH
Fix minor typo in documentation,Fix minor typo in documentation. Can be addressed during routine maintenance.,36,4,0.09,1.7,SaaS,LOW
Upgrade billing process in Budget Planning,Upgrade billing process in Budget Planning. This task will improve operational efficiency.,23,5,0.23,3.4,Healthcare,MEDIUM
Enhance internal documentation,Enhance internal documentation. This is a minor improvement with low business impact.,72,2,0.03,1.3,SaaS,LOW
Improve analytics reporting for Login,Improve analytics reporting for Login. This task will improve operational efficiency.,37,5,0.44,3.7,AI Platform,MEDIUM
Audit failure in Operations,Audit failure in Operations. This issue is affecting multiple stakeholders and requires immediate attention.,-1,7,0.85,5.2,E-commerce,HIGH
Fix minor typo in documentation,Fix minor typo in documentation. Can be addressed during routine maintenance.,-1,3,0.1,0.7,EdTech,LOW
Organize file structure,Organize file structure. This is a minor improvement with low business impact.,38,2,0.09,1.1,SaaS,LOW
Update dependency versions,Update dependency versions. No immediate operational risk involved.,77,2,0.12,1.5,EdTech,LOW
Enhance internal documentation,Enhance internal documentation. Can be addressed during routine maintenance.,48,0,0.0,1.3,Fintech,LOW
Implement new feature for Checkout,Implement new feature for Checkout. Important for improving overall system quality.,28,0,0.5,2.4,Healthcare,MEDIUM
Audit failure in Marketing,Audit failure in Marketing. This issue is affecting multiple stakeholders and requires immediate attention.,16,5,0.38,6.1,E-commerce,HIGH
Improve formatting in Payment Gateway,Improve formatting in Payment Gateway. No immediate operational risk involved.,39,1,0.06,0.6,Fintech,LOW
Organize file structure,Organize file structure. This is a minor improvement with low business impact.,22,0,0.15,1.1,SaaS,LOW
Payment failure reported by Premium Customer,Payment failure reported by Premium Customer. Failure to resolve may result in financial or reputational damage.,17,6,0.69,9.5,SaaS,HIGH
Update dependency versions,Update dependency versions. No immediate operational risk involved.,56,1,0.0,0.1,E-commerce,LOW
Immediate rollback required for Backend API,Immediate rollback required for Backend API. This task is blocking critical business operations.,12,0,0.41,3.9,E-commerce,HIGH
Improve onboarding process for Payroll Review,Improve onboarding process for Payroll Review. This enhancement supports ongoing optimization efforts.,30,0,0.22,3.5,E-commerce,MEDIUM
Production outage affecting Billing Service,Production outage affecting Billing Service. This issue is affecting multiple stakeholders and requires immediate attention.,24,0,0.48,6.0,E-commerce,HIGH
Refactor codebase in Frontend App,Refactor codebase in Frontend App. This enhancement supports ongoing optimization efforts.,-1,14,0.03,0.2,SaaS,MEDIUM
Minor UI alignment fix,Minor UI alignment fix. No immediate operational risk involved.,34,3,0.15,0.1,SaaS,LOW
Upgrade billing process in Expense Audit,Upgrade billing process in Expense Audit. This task will improve operational efficiency.,-1,5,0.35,3.5,AI Platform,MEDIUM
Update dependency versions,Update dependency versions. No immediate operational risk involved.,47,0,0.04,0.7,Healthcare,LOW
Automate campaign tracking for Email Automation,Automate campaign tracking for Email Automation. This enhancement supports ongoing optimization efforts.,26,1,0.35,1.9,SaaS,MEDIUM
Production outage affecting Reporting Service,Production outage affecting Reporting Service. This issue is affecting multiple stakeholders and requires immediate attention.,28,8,0.87,8.9,AI Platform,HIGH
Optimize workflow in Marketing,Optimize workflow in Marketing. This task will improve operational efficiency.,12,5,0.43,0.2,SaaS,MEDIUM
Security breach detected in Frontend App,Security breach detected in Frontend App. This issue is affecting multiple stakeholders and requires immediate attention.,7,0,0.74,5.7,EdTech,HIGH
Improve comments in codebase,Improve comments in codebase. This is a minor improvement with low business impact.,32,0,0.04,0.5,AI Platform,LOW
Upgrade billing process in Budget Planning,Upgrade billing process in Budget Planning. This task will improve operational efficiency.,-1,7,0.19,0.5,E-commerce,MEDIUM
Revenue-impacting defect in Checkout,Revenue-impacting defect in Checkout. This task is blocking critical business operations.,19,0,0.46,6.9,Fintech,HIGH
Enhance UI for Analytics,Enhance UI for Analytics. This enhancement supports ongoing optimization efforts.,18,0,0.04,0.2,EdTech,MEDIUM
Update dependency versions,Update dependency versions. Can be addressed during routine maintenance.,43,2,0.09,1.2,Healthcare,LOW
Compliance violation in Operations,Compliance violation in Operations. This task is blocking critical business operations.,-1,8,0.56,2.4,AI Platform,HIGH
Optimize workflow in Sales,Optimize workflow in Sales. This enhancement supports ongoing optimization efforts.,18,0,0.37,3.9,EdTech,MEDIUM
Payment failure reported by Enterprise Client,Payment failure reported by Enterprise Client. This issue is affecting multiple stakeholders and requires immediate attention.,22,16,0.57,4.5,Fintech,HIGH
Improve formatting in Mobile App,Improve formatting in Mobile App. Can be addressed during routine maintenance.,25,7,0.0,0.6,SaaS,LOW
Minor UI alignment fix,Minor UI alignment fix. Can be addressed during routine maintenance.,10,4,0.15,1.3,Fintech,LOW
Organize file structure,Organize file structure. This is a minor improvement with low business impact.,-1,5,0.07,1.2,SaaS,LOW
Integrate new API into Inventory Service,Integrate new API into Inventory Service. Important for improving overall system quality.,4,8,0.12,0.8,Healthcare,MEDIUM
Enhance performance of Data Pipeline,Enhance performance of Data Pipeline. Important for improving overall system quality.,32,0,0.43,2.4,E-commerce,MEDIUM
Update dependency versions,Update dependency versions. Can be addressed during routine maintenance.,19,0,0.01,1.5,Fintech,LOW
Refactor variable naming in Payment Gateway,Refactor variable naming in Payment Gateway. No immediate operational risk involved.,-1,3,0.1,0.6,EdTech,LOW
Refactor variable naming in Database,Refactor variable naming in Database. No immediate operational risk involved.,25,0,0.1,1.7,SaaS,LOW
Implement new feature for Search,Implement new feature for Search. This task will improve operational efficiency.,-1,0,0.16,1.4,Healthcare,MEDIUM
Enhance UI for Dashboard,Enhance UI for Dashboard. This enhancement supports ongoing optimization efforts.,23,4,0.2,3.4,Healthcare,MEDIUM
Enhance UI for Dashboard,Enhance UI for Dashboard. This enhancement supports ongoing optimization efforts.,31,0,0.08,3.1,Fintech,MEDIUM
Revenue-impacting defect in Checkout,Revenue-impacting defect in Checkout. Failure to resolve may result in financial or reputational damage.,-1,17,0.2,1.4,EdTech,HIGH
Improve analytics reporting for Profile,Improve analytics reporting for Profile. This task will improve operational efficiency.,6,10,0.22,1.1,Fintech,MEDIUM
Enhance performance of Mobile App,Enhance performance of Mobile App. Important for improving overall system quality.,17,1,0.21,2.9,E-commerce,MEDIUM
Minor UI alignment fix,Minor UI alignment fix. Can be addressed during routine maintenance.,-1,7,0.12,0.8,Fintech,LOW
Improve formatting in Frontend App,Improve formatting in Frontend App. This is a minor improvement with low business impact.,48,1,0.15,0.2,AI Platform,LOW
Enhance performance of Data Pipeline,Enhance performance of Data Pipeline. This task will improve operational efficiency.,-1,3,0.29,3.8,E-commerce,MEDIUM
Revenue-impacting defect in Settings,Revenue-impacting defect in Settings. This issue is affecting multiple stakeholders and requires immediate attention.,2,14,0.66,8.0,SaaS,HIGH
Immediate rollback required for Mobile App,Immediate rollback required for Mobile App. This task is blocking critical business operations.,1,0,0.82,1.5,Healthcare,HIGH
Optimize workflow in Support,Optimize workflow in Support. This task will improve operational efficiency.,18,0,0.48,0.7,Healthcare,MEDIUM
Implement new feature for Dashboard,Implement new feature for Dashboard. This enhancement supports ongoing optimization efforts.,-1,11,0.37,1.1,Fintech,MEDIUM
Refactor codebase in Payment Gateway,Refactor codebase in Payment Gateway. This task will improve operational efficiency.,38,6,0.33,0.6,EdTech,MEDIUM
Refactor codebase in Payment Gateway,Refactor codebase in Payment Gateway. Important for improving overall system quality.,40,0,0.23,0.2,EdTech,MEDIUM
Automate campaign tracking for Referral Program,Automate campaign tracking for Referral Program. Important for improving overall system quality.,24,0,0.01,3.8,SaaS,MEDIUM
Enhance performance of Data Pipeline,Enhance performance of Data Pipeline. Important for improving overall system quality.,12,8,0.05,3.9,SaaS,MEDIUM
Revenue-impacting defect in Dashboard,Revenue-impacting defect in Dashboard. This task is blocking critical business operations.,-1,8,0.41,8.4,E-commerce,HIGH
Implement new feature for Analytics,Implement new feature for Analytics. This task will improve operational efficiency.,7,0,0.4,3.4,SaaS,MEDIUM
Security breach detected in Frontend App,Security breach detected in Frontend App. This task is blocking critical business operations.,-1,4,0.62,9.6,SaaS,HIGH
Immediate rollback required for Auth Service,Immediate rollback required for Auth Service. Failure to resolve may result in financial or reputational damage.,14,0,0.33,8.9,AI Platform,HIGH
Refactor codebase in Data Pipeline,Refactor codebase in Data Pipeline. Important for improving overall system quality.,-1,2,0.4,1.5,SaaS,MEDIUM
Fix minor typo in documentation,Fix minor typo in documentation. No immediate operational risk involved.,9,3,0.12,0.5,EdTech,LOW
Client escalation regarding Search,Client escalation regarding Search. Failure to resolve may result in financial or reputational damage.,5,4,0.46,4.5,SaaS,HIGH
Immediate rollback required for Auth Service,Immediate rollback required for Auth Service. Failure to resolve may result in financial or reputational damage.,-1,0,0.59,2.5,SaaS,HIGH
Enhance internal documentation,Enhance internal documentation. Can be addressed during routine maintenance.,74,1,0.05,0.6,E-commerce,LOW
Revenue-impacting defect in Profile,Revenue-impacting defect in Profile. This task is blocking critical business operations.,-1,6,0.39,1.3,SaaS,HIGH
Enhance internal documentation,Enhance internal documentation. No immediate operational risk involved.,-1,2,0.13,1.1,EdTech,LOW
Implement new feature for Checkout,Implement new feature for Checkout. This enhancement supports ongoing optimization efforts.,17,9,0.36,0.1,AI Platform,MEDIUM
Fix minor typo in documentation,Fix minor typo in documentation. No immediate operational risk involved.,-1,0,0.04,1.8,AI Platform,LOW
Refactor variable naming in Backend API,Refactor variable naming in Backend API. No immediate operational risk involved.,19,0,0.05,1.4,E-commerce,LOW
Refactor variable naming in Data Pipeline,Refactor variable naming in Data Pipeline. Can be addressed during routine maintenance.,66,0,0.03,2.0,EdTech,LOW
Update dependency versions,Update dependency versions. No immediate operational risk involved.,35,5,0.05,1.6,E-commerce,LOW
Improve formatting in Mobile App,Improve formatting in Mobile App. Can be addressed during routine maintenance.,29,4,0.14,0.4,Fintech,LOW
Fix minor typo in documentation,Fix minor typo in documentation. This is a minor improvement with low business impact.,29,4,0.0,1.3,AI Platform,LOW
Security breach detected in Data Pipeline,Security breach detected in Data Pipeline. Failure to resolve may result in financial or reputational damage.,21,11,0.72,2.6,EdTech,HIGH
Immediate rollback required for Auth Service,Immediate rollback required for Auth Service. Failure to resolve may result in financial or reputational damage.,-1,9,0.88,7.9,Healthcare,HIGH
Update dependency versions,Update dependency versions. No immediate operational risk involved.,35,0,0.05,2.0,AI Platform,LOW
Security breach detected in Frontend App,Security breach detected in Frontend App. Failure to resolve may result in financial or reputational damage.,1,11,0.46,1.4,Fintech,HIGH
Improve formatting in Database,Improve formatting in Database. No immediate operational risk involved.,87,0,0.14,0.1,SaaS,LOW
Revenue-impacting defect in Login,Revenue-impacting defect in Login. This task is blocking critical business operations.,-1,0,0.41,2.8,EdTech,HIGH
Payment failure reported by Government Client,Payment failure reported by Government Client. This task is blocking critical business operations.,6,8,0.81,2.3,SaaS,HIGH
Improve comments in codebase,Improve comments in codebase. Can be addressed during routine maintenance.,21,0,0.09,1.0,SaaS,LOW
Revenue-impacting defect in Login,Revenue-impacting defect in Login. Failure to resolve may result in financial or reputational damage.,11,0,0.26,5.2,AI Platform,HIGH
Revenue-impacting defect in Profile,Revenue-impacting defect in Profile. Failure to resolve may result in financial or reputational damage.,9,12,0.34,8.7,Healthcare,HIGH
Implement new feature for Analytics,Implement new feature for Analytics. This task will improve operational efficiency.,14,7,0.33,1.1,Healthcare,MEDIUM
Production outage affecting User Service,Production outage affecting User Service. Failure to resolve may result in financial or reputational damage.,17,10,0.21,2.8,EdTech,HIGH
System crash during Profile,System crash during Profile. This issue is affecting multiple stakeholders and requires immediate attention.,6,10,0.33,9.9,EdTech,HIGH
Client escalation regarding Analytics,Client escalation regarding Analytics. This task is blocking critical business operations.,-1,0,0.57,1.6,Fintech,HIGH
Automate campaign tracking for Black Friday Campaign,Automate campaign tracking for Black Friday Campaign. This task will improve operational efficiency.,-1,5,0.16,2.5,SaaS,MEDIUM
System crash during Checkout,System crash during Checkout. Failure to resolve may result in financial or reputational damage.,-1,5,0.47,1.8,EdTech,HIGH
Client escalation regarding Search,Client escalation regarding Search. This issue is affecting multiple stakeholders and requires immediate attention.,22,0,0.4,2.4,Fintech,HIGH
Update dependency versions,Update dependency versions. This is a minor improvement with low business impact.,51,3,0.09,0.3,Healthcare,LOW
System crash during Checkout,System crash during Checkout. This issue is affecting multiple stakeholders and requires immediate attention.,24,7,0.5,1.9,Healthcare,HIGH
Audit failure in Operations,Audit failure in Operations. This issue is affecting multiple stakeholders and requires immediate attention.,15,3,0.58,6.0,SaaS,HIGH
Enhance UI for Search,Enhance UI for Search. Important for improving overall system quality.,17,9,0.42,0.9,SaaS,MEDIUM
Refactor codebase in Data Pipeline,Refactor codebase in Data Pipeline. This task will improve operational efficiency.,14,6,0.4,3.9,SaaS,MEDIUM
Automate campaign tracking for Q4 Launch,Automate campaign tracking for Q4 Launch. This task will improve operational efficiency.,-1,11,0.39,3.9,Healthcare,MEDIUM
Critical issue in Data Pipeline,Critical issue in Data Pipeline. Failure to resolve may result in financial or reputational damage.,-1,0,0.76,2.1,Fintech,HIGH
Organize file structure,Organize file structure. No immediate operational risk involved.,30,0,0.0,0.1,Fintech,LOW
Improve onboarding process for Employee Onboarding,Improve onboarding process for Employee Onboarding. Important for improving overall system quality.,18,0,0.34,1.5,EdTech,MEDIUM
Update dependency versions,Update dependency versions. No immediate operational risk involved.,38,0,0.04,1.1,Fintech,LOW
Implement new feature for Profile,Implement new feature for Profile. This enhancement supports ongoing optimization efforts.,11,0,0.08,0.7,EdTech,MEDIUM
Security breach detected in Database,Security breach detected in Database. This issue is affecting multiple stakeholders and requires immediate attention.,4,9,0.72,7.6,Fintech,HIGH
Critical issue in Frontend App,Critical issue in Frontend App. Failure to resolve may result in financial or reputational damage.,2,17,0.4,2.1,EdTech,HIGH
Implement new feature for Checkout,Implement new feature for Checkout. This enhancement supports ongoing optimization efforts.,16,9,0.04,3.6,SaaS,MEDIUM
Refactor codebase in Frontend App,Refactor codebase in Frontend App. This task will improve operational efficiency.,9,3,0.34,1.1,Healthcare,MEDIUM
System crash during Dashboard,System crash during Dashboard. Failure to resolve may result in financial or reputational damage.,16,11,0.64,6.7,AI Platform,HIGH
Cleanup unused resources,Cleanup unused resources. No immediate operational risk involved.,84,4,0.15,0.7,E-commerce,LOW
Refactor codebase in Data Pipeline,Refactor codebase in Data Pipeline. This enhancement supports ongoing optimization efforts.,30,4,0.32,2.7,AI Platform,MEDIUM
Security breach detected in Payment Gateway,Security breach detected in Payment Gateway. This issue is affecting multiple stakeholders and requires immediate attention.,7,17,0.34,8.8,E-commerce,HIGH
Upgrade billing process in Budget Planning,Upgrade billing process in Budget Planning. Important for improving overall system quality.,-1,3,0.23,2.4,AI Platform,MEDIUM
Implement new feature for Checkout,Implement new feature for Checkout. This enhancement supports ongoing optimization efforts.,11,3,0.04,1.7,Healthcare,MEDIUM
Implement new feature for Login,Implement new feature for Login. Important for improving overall system quality.,19,6,0.09,3.7,Fintech,MEDIUM
Improve analytics reporting for Search,Improve analytics reporting for Search. This task will improve operational efficiency.,-1,13,0.03,0.2,EdTech,MEDIUM
System crash during Login,System crash during Login. This task is blocking critical business operations.,0,9,0.69,9.0,Fintech,HIGH
Production outage affecting Billing Service,Production outage affecting Billing Service. This task is blocking critical business operations.,9,10,0.46,9.6,EdTech,HIGH
Improve analytics reporting for Profile,Improve analytics reporting for Profile. This task will improve operational efficiency.,27,3,0.12,1.3,EdTech,MEDIUM
Production outage affecting Inventory Service,Production outage affecting Inventory Service. Failure to resolve may result in financial or reputational damage.,5,3,0.74,9.0,Healthcare,HIGH
Refactor codebase in Mobile App,Refactor codebase in Mobile App. This enhancement supports ongoing optimization efforts.,18,6,0.01,3.0,AI Platform,MEDIUM
Improve formatting in Backend API,Improve formatting in Backend API. No immediate operational risk involved.,49,2,0.06,0.1,AI Platform,LOW
Refactor codebase in Data Pipeline,Refactor codebase in Data Pipeline. This task will improve operational efficiency.,27,7,0.08,0.8,AI Platform,MEDIUM
Enhance UI for Dashboard,Enhance UI for Dashboard. This task will improve operational efficiency.,-1,3,0.18,3.0,Fintech,MEDIUM
Audit failure in Marketing,Audit failure in Marketing. This issue is affecting multiple stakeholders and requires immediate attention.,3,9,0.46,2.3,EdTech,HIGH
Enhance internal documentation,Enhance internal documentation. No immediate operational risk involved.,55,3,0.2,1.5,Healthcare,LOW
Audit failure in Finance,Audit failure in Finance. This issue is affecting multiple stakeholders and requires immediate attention.,5,7,0.53,5.9,EdTech,HIGH
Integrate new API into Notification Service,Integrate new API into Notification Service. This enhancement supports ongoing optimization efforts.,15,0,0.18,0.0,Healthcare,MEDIUM
Revenue-impacting defect in Dashboard,Revenue-impacting defect in Dashboard. Failure to resolve may result in financial or reputational damage.,7,0,0.87,4.0,SaaS,HIGH
System crash during Checkout,System crash during Checkout. Failure to resolve may result in financial or reputational damage.,26,0,0.49,7.7,SaaS,HIGH
Payment failure reported by Startup Client,Payment failure reported by Startup Client. This task is blocking critical business operations.,15,9,0.65,4.4,EdTech,HIGH
Refactor variable naming in Backend API,Refactor variable naming in Backend API. This is a minor improvement with low business impact.,19,0,0.08,0.8,Healthcare,LOW
Immediate rollback required for Auth Service,Immediate rollback required for Auth Service. This issue is affecting multiple stakeholders and requires immediate attention.,18,13,0.84,5.5,SaaS,HIGH
Optimize workflow in Operations,Optimize workflow in Operations. Important for improving overall system quality.,13,0,0.24,0.1,Healthcare,MEDIUM
Compliance violation in Sales,Compliance violation in Sales. Failure to resolve may result in financial or reputational damage.,13,8,0.34,2.6,EdTech,HIGH
Security breach detected in Backend API,Security breach detected in Backend API. This issue is affecting multiple stakeholders and requires immediate attention.,3,0,0.83,9.3,Healthcare,HIGH
Automate campaign tracking for Q4 Launch,Automate campaign tracking for Q4 Launch. This task will improve operational efficiency.,9,0,0.3,3.8,AI Platform,MEDIUM
Client escalation regarding Settings,Client escalation regarding Settings. Failure to resolve may result in financial or reputational damage.,8,0,0.66,8.1,E-commerce,HIGH
System crash during Profile,System crash during Profile. Failure to resolve may result in financial or reputational damage.,13,10,0.2,9.9,AI Platform,HIGH
Immediate rollback required for Payment Gateway,Immediate rollback required for Payment Gateway. Failure to resolve may result in financial or reputational damage.,24,6,0.87,7.9,EdTech,HIGH
Implement new feature for Checkout,Implement new feature for Checkout. Important for improving overall system quality.,-1,0,0.31,2.3,E-commerce,MEDIUM
Enhance internal documentation,Enhance internal documentation. Can be addressed during routine maintenance.,50,0,0.15,1.0,Healthcare,LOW
Upgrade billing process in Budget Planning,Upgrade billing process in Budget Planning. Important for improving overall system quality.,30,6,0.47,0.1,Fintech,MEDIUM
Refactor variable naming in Database,Refactor variable naming in Database. No immediate operational risk involved.,13,6,0.09,0.2,SaaS,LOW
Cleanup unused resources,Cleanup unused resources. Can be addressed during routine maintenance.,25,2,0.01,1.1,AI Platform,LOW
Refactor codebase in Frontend App,Refactor codebase in Frontend App. Important for improving overall system quality.,20,5,0.27,0.3,Healthcare,MEDIUM
Integrate new API into Notification Service,Integrate new API into Notification Service. This task will improve operational efficiency.,-1,0,0.02,0.2,E-commerce,MEDIUM
Audit failure in Finance,Audit failure in Finance. Failure to resolve may result in financial or reputational damage.,9,8,0.47,6.9,E-commerce,HIGH
Production outage affecting Reporting Service,Production outage affecting Reporting Service. Failure to resolve may result in financial or reputational damage.,7,12,0.52,6.2,Fintech,HIGH
Optimize workflow in Sales,Optimize workflow in Sales. Important for improving overall system quality.,-1,0,0.36,1.3,E-commerce,MEDIUM
Improve analytics reporting for Analytics,Improve analytics reporting for Analytics. This enhancement supports ongoing optimization efforts.,-1,11,0.32,1.7,AI Platform,MEDIUM
Revenue-impacting defect in Search,Revenue-impacting defect in Search. This issue is affecting multiple stakeholders and requires immediate attention.,12,10,0.38,5.9,E-commerce,HIGH
Cleanup unused resources,Cleanup unused resources. Can be addressed during routine maintenance.,24,2,0.11,1.5,EdTech,LOW
Automate campaign tracking for Q4 Launch,Automate campaign tracking for Q4 Launch. This enhancement supports ongoing optimization efforts.,8,5,0.0,1.5,Healthcare,MEDIUM
Security breach detected in Backend API,Security breach detected in Backend API. Failure to resolve may result in financial or reputational damage.,26,13,0.53,7.9,E-commerce,HIGH
Fix minor typo in documentation,Fix minor typo in documentation. This is a minor improvement with low business impact.,37,2,0.09,1.7,AI Platform,LOW
Revenue-impacting defect in Login,Revenue-impacting defect in Login. This issue is affecting multiple stakeholders and requires immediate attention.,17,6,0.88,9.5,EdTech,HIGH
Client escalation regarding Login,Client escalation regarding Login. This issue is affecting multiple stakeholders and requires immediate attention.,-1,9,0.44,6.3,EdTech,HIGH
Cleanup unused resources,Cleanup unused resources. This is a minor improvement with low business impact.,52,3,0.2,0.6,EdTech,LOW
Upgrade billing process in Invoice Processing,Upgrade billing process in Invoice Processing. This task will improve operational efficiency.,25,6,0.3,2.4,Healthcare,MEDIUM
Optimize workflow in Marketing,Optimize workflow in Marketing. Important for improving overall system quality.,30,2,0.45,0.0,SaaS,MEDIUM
Revenue-impacting defect in Search,Revenue-impacting defect in Search. This issue is affecting multiple stakeholders and requires immediate attention.,1,0,0.39,4.8,Fintech,HIGH
Improve analytics reporting for Dashboard,Improve analytics reporting for Dashboard. Important for improving overall system quality.,16,0,0.34,2.7,AI Platform,MEDIUM
Improve comments in codebase,Improve comments in codebase. Can be addressed during routine maintenance.,21,3,0.08,0.5,EdTech,LOW
Optimize workflow in Support,Optimize workflow in Support. This task will improve operational efficiency.,6,0,0.45,0.7,SaaS,MEDIUM
Cleanup unused resources,Cleanup unused resources. No immediate operational risk involved.,42,5,0.02,0.1,AI Platform,LOW
Automate campaign tracking for Q4 Launch,Automate campaign tracking for Q4 Launch. This task will improve operational efficiency.,27,5,0.16,2.4,EdTech,MEDIUM
Update dependency versions,Update dependency versions. Can be addressed during routine maintenance.,42,8,0.07,1.0,Healthcare,LOW
Compliance violation in Finance,Compliance violation in Finance. Failure to resolve may result in financial or reputational damage.,19,9,0.4,1.5,SaaS,HIGH
Enhance UI for Login,Enhance UI for Login. This task will improve operational efficiency.,20,2,0.44,2.3,AI Platform,MEDIUM
Improve formatting in Backend API,Improve formatting in Backend API. This is a minor improvement with low business impact.,42,1,0.06,0.9,AI Platform,LOW
Immediate rollback required for Auth Service,Immediate rollback required for Auth Service. This issue is affecting multiple stakeholders and requires immediate attention.,18,0,0.57,6.0,Healthcare,HIGH
Critical issue in Mobile App,Critical issue in Mobile App. This task is blocking critical business operations.,18,16,0.86,2.1,SaaS,HIGH
Upgrade billing process in Expense Audit,Upgrade billing process in Expense Audit. Important for improving overall system quality.,-1,1,0.36,3.2,E-commerce,MEDIUM
Enhance UI for Search,Enhance UI for Search. This task will improve operational efficiency.,31,2,0.0,1.1,Healthcare,MEDIUM
Optimize workflow in HR,Optimize workflow in HR. This enhancement supports ongoing optimization efforts.,29,0,0.24,1.3,Fintech,MEDIUM
Enhance UI for Profile,Enhance UI for Profile. This enhancement supports ongoing optimization efforts.,38,4,0.05,2.7,E-commerce,MEDIUM
Security breach detected in Payment Gateway,Security breach detected in Payment Gateway. This issue is affecting multiple stakeholders and requires immediate attention.,-1,10,0.29,2.5,SaaS,HIGH
Audit failure in Finance,Audit failure in Finance. This issue is affecting multiple stakeholders and requires immediate attention.,10,0,0.21,9.7,SaaS,HIGH
System crash during Search,System crash during Search. This issue is affecting multiple stakeholders and requires immediate attention.,25,14,0.67,3.1,EdTech,HIGH
Payment failure reported by Enterprise Client,Payment failure reported by Enterprise Client. This issue is affecting multiple stakeholders and requires immediate attention.,7,8,0.61,3.8,Fintech,HIGH
Integrate new API into Billing Service,Integrate new API into Billing Service. Important for improving overall system quality.,12,5,0.32,0.8,Fintech,MEDIUM
Enhance internal documentation,Enhance internal documentation. This is a minor improvement with low business impact.,12,4,0.13,0.8,Fintech,LOW
Enhance performance of Payment Gateway,Enhance performance of Payment Gateway. Important for improving overall system quality.,-1,10,0.38,3.3,SaaS,MEDIUM
Cleanup unused resources,Cleanup unused resources. No immediate operational risk involved.,-1,1,0.09,0.5,SaaS,LOW
Critical issue in Auth Service,Critical issue in Auth Service. Failure to resolve may result in financial or reputational damage.,15,0,0.6,6.2,Healthcare,HIGH
Automate campaign tracking for Black Friday Campaign,Automate campaign tracking for Black Friday Campaign. This task will improve operational efficiency.,32,2,0.06,3.9,Fintech,MEDIUM
Payment failure reported by Premium Customer,Payment failure reported by Premium Customer. This task is blocking critical business operations.,14,9,0.33,2.3,AI Platform,HIGH
Cleanup unused resources,Cleanup unused resources. No immediate operational risk involved.,51,4,0.07,1.1,AI Platform,LOW
Critical issue in Mobile App,Critical issue in Mobile App. This task is blocking critical business operations.,7,12,0.46,2.5,Fintech,HIGH
Cleanup unused resources,Cleanup unused resources. Can be addressed during routine maintenance.,8,1,0.04,1.2,SaaS,LOW
Enhance UI for Search,Enhance UI for Search. This task will improve operational efficiency.,20,6,0.35,1.6,SaaS,MEDIUM
Refactor codebase in Data Pipeline,Refactor codebase in Data Pipeline. This enhancement supports ongoing optimization efforts.,-1,11,0.02,3.2,E-commerce,MEDIUM
Security breach detected in Frontend App,Security breach detected in Frontend App. This issue is affecting multiple stakeholders and requires immediate attention.,-1,14,0.35,3.1,EdTech,HIGH
Improve analytics reporting for Profile,Improve analytics reporting for Profile. This enhancement supports ongoing optimization efforts.,23,4,0.3,1.9,AI Platform,MEDIUM
Enhance performance of Database,Enhance performance of Database. This enhancement supports ongoing optimization efforts.,-1,5,0.35,1.3,SaaS,MEDIUM
Client escalation regarding Search,Client escalation regarding Search. Failure to resolve may result in financial or reputational damage.,7,13,0.67,3.7,EdTech,HIGH
Implement new feature for Search,Implement new feature for Search. Important for improving overall system quality.,39,0,0.13,3.9,EdTech,MEDIUM
Enhance internal documentation,Enhance internal documentation. Can be addressed during routine maintenance.,34,0,0.11,1.5,E-commerce,LOW
Update dependency versions,Update dependency versions. Can be addressed during routine maintenance.,85,5,0.03,0.9,Healthcare,LOW
Compliance violation in Operations,Compliance violation in Operations. Failure to resolve may result in financial or reputational damage.,2,5,0.73,6.2,E-commerce,HIGH
Automate campaign tracking for Black Friday Campaign,Automate campaign tracking for Black Friday Campaign. This task will improve operational efficiency.,20,5,0.16,3.0,AI Platform,MEDIUM
Update dependency versions,Update dependency versions. No immediate operational risk involved.,34,0,0.11,0.3,SaaS,LOW
Enhance internal documentation,Enhance internal documentation. Can be addressed during routine maintenance.,26,0,0.09,1.7,E-commerce,LOW
Compliance violation in Finance,Compliance violation in Finance. Failure to resolve may result in financial or reputational damage.,13,10,0.36,3.0,EdTech,HIGH
Critical issue in Auth Service,Critical issue in Auth Service. This issue is affecting multiple stakeholders and requires immediate attention.,3,3,0.77,2.7,Healthcare,HIGH
Payment failure reported by Enterprise Client,Payment failure reported by Enterprise Client. This task is blocking critical business operations.,-1,0,0.44,5.9,E-commerce,HIGH
Improve comments in codebase,Improve comments in codebase. No immediate operational risk involved.,-1,0,0.07,1.3,E-commerce,LOW
Refactor variable naming in Data Pipeline,Refactor variable naming in Data Pipeline. No immediate operational risk involved.,38,1,0.01,1.4,Healthcare,LOW
Compliance violation in Support,Compliance violation in Support. This task is blocking critical business operations.,-1,7,0.25,8.0,EdTech,HIGH
Production outage affecting Inventory Service,Production outage affecting Inventory Service. Failure to resolve may result in financial or reputational damage.,22,0,0.61,4.8,SaaS,HIGH
Integrate new API into Reporting Service,Integrate new API into Reporting Service. This task will improve operational efficiency.,16,0,0.5,0.7,SaaS,MEDIUM
Refactor codebase in Auth Service,Refactor codebase in Auth Service. This enhancement supports ongoing optimization efforts.,32,6,0.13,1.6,Fintech,MEDIUM
Upgrade billing process in Budget Planning,Upgrade billing process in Budget Planning. This task will improve operational efficiency.,30,0,0.42,2.7,Healthcare,MEDIUM
Critical issue in Database,Critical issue in Database. This issue is affecting multiple stakeholders and requires immediate attention.,6,15,0.38,5.2,E-commerce,HIGH
Compliance violation in HR,Compliance violation in HR. Failure to resolve may result in financial or reputational damage.,5,10,0.85,1.5,Healthcare,HIGH
System crash during Analytics,System crash during Analytics. This task is blocking critical business operations.,4,13,0.42,5.1,AI Platform,HIGH
Organize file structure,Organize file structure. No immediate operational risk involved.,70,1,0.09,1.9,Healthcare,LOW
Enhance UI for Profile,Enhance UI for Profile. This task will improve operational efficiency.,18,6,0.41,1.7,Healthcare,MEDIUM
Compliance violation in Operations,Compliance violation in Operations. This issue is affecting multiple stakeholders and requires immediate attention.,4,10,0.47,2.7,Fintech,HIGH
Update design theme slightly,Update design theme slightly. No immediate operational risk involved.,-1,0,0.03,0.3,E-commerce,LOW
Automate campaign tracking for Referral Program,Automate campaign tracking for Referral Program. This enhancement supports ongoing optimization efforts.,29,0,0.21,2.9,E-commerce,MEDIUM
Enhance internal documentation,Enhance internal documentation. No immediate operational risk involved.,51,5,0.12,1.1,SaaS,LOW
Implement new feature for Analytics,Implement new feature for Analytics. This task will improve operational efficiency.,15,0,0.22,1.5,E-commerce,MEDIUM
Optimize workflow in Marketing,Optimize workflow in Marketing. This task will improve operational efficiency.,-1,6,0.39,0.5,AI Platform,MEDIUM
Revenue-impacting defect in Search,Revenue-impacting defect in Search. This issue is affecting multiple stakeholders and requires immediate attention.,5,0,0.34,3.2,SaaS,HIGH
Refactor codebase in Data Pipeline,Refactor codebase in Data Pipeline. This enhancement supports ongoing optimization efforts.,26,0,0.38,1.5,E-commerce,MEDIUM
Optimize workflow in HR,Optimize workflow in HR. Important for improving overall system quality.,33,9,0.08,1.5,EdTech,MEDIUM
Integrate new API into Inventory Service,Integrate new API into Inventory Service. This enhancement supports ongoing optimization efforts.,21,0,0.42,3.3,Fintech,MEDIUM
Critical issue in Backend API,Critical issue in Backend API. This task is blocking critical business operations.,22,10,0.42,9.1,E-commerce,HIGH
Organize file structure,Organize file structure. Can be addressed during routine maintenance.,25,2,0.11,1.9,Fintech,LOW
Improve formatting in Auth Service,Improve formatting in Auth Service. Can be addressed during routine maintenance.,33,2,0.05,1.4,AI Platform,LOW
Integrate new API into Inventory Service,Integrate new API into Inventory Service. This task will improve operational efficiency.,15,2,0.43,2.0,Healthcare,MEDIUM
Improve formatting in Payment Gateway,Improve formatting in Payment Gateway. This is a minor improvement with low business impact.,9,0,0.18,1.4,Fintech,LOW
Security breach detected in Database,Security breach detected in Database. This issue is affecting multiple stakeholders and requires immediate attention.,10,0,0.6,4.7,Fintech,HIGH
Update design theme slightly,Update design theme slightly. This is a minor improvement with low business impact.,-1,2,0.2,1.1,SaaS,LOW
Audit failure in Support,Audit failure in Support. Failure to resolve may result in financial or reputational damage.,3,0,0.89,9.2,E-commerce,HIGH
Integrate new API into Notification Service,Integrate new API into Notification Service. This task will improve operational efficiency.,20,1,0.26,3.4,EdTech,MEDIUM
Fix minor typo in documentation,Fix minor typo in documentation. This is a minor improvement with low business impact.,29,0,0.19,1.5,Healthcare,LOW
Automate campaign tracking for Referral Program,Automate campaign tracking for Referral Program. This task will improve operational efficiency.,18,2,0.25,3.5,Fintech,MEDIUM
Critical issue in Frontend App,Critical issue in Frontend App. Failure to resolve may result in financial or reputational damage.,-1,13,0.58,1.7,Fintech,HIGH
Enhance internal documentation,Enhance internal documentation. This is a minor improvement with low business impact.,-1,2,0.03,0.3,AI Platform,LOW
Cleanup unused resources,Cleanup unused resources. No immediate operational risk involved.,33,0,0.19,1.7,Fintech,LOW
Security breach detected in Backend API,Security breach detected in Backend API. This issue is affecting multiple stakeholders and requires immediate attention.,9,2,0.83,1.2,AI Platform,HIGH
Improve onboarding process for Payroll Review,Improve onboarding process for Payroll Review. This enhancement supports ongoing optimization efforts.,18,0,0.37,3.7,Healthcare,MEDIUM
Improve analytics reporting for Login,Improve analytics reporting for Login. This enhancement supports ongoing optimization efforts.,10,0,0.21,0.7,Fintech,MEDIUM
Audit failure in Operations,Audit failure in Operations. Failure to resolve may result in financial or reputational damage.,17,0,0.38,6.2,EdTech,HIGH
Audit failure in Support,Audit failure in Support. This task is blocking critical business operations.,12,0,0.53,4.7,SaaS,HIGH
Improve formatting in Auth Service,Improve formatting in Auth Service. This is a minor improvement with low business impact.,-1,3,0.05,1.9,Fintech,LOW
Implement new feature for Settings,Implement new feature for Settings. This enhancement supports ongoing optimization efforts.,22,0,0.32,4.0,SaaS,MEDIUM
Upgrade billing process in Budget Planning,Upgrade billing process in Budget Planning. This enhancement supports ongoing optimization efforts.,25,0,0.3,1.1,E-commerce,MEDIUM
Revenue-impacting defect in Dashboard,Revenue-impacting defect in Dashboard. This issue is affecting multiple stakeholders and requires immediate attention.,-1,9,0.32,3.4,Fintech,HIGH
Minor UI alignment fix,Minor UI alignment fix. Can be addressed during routine maintenance.,15,3,0.08,0.5,SaaS,LOW
Update dependency versions,Update dependency versions. No immediate operational risk involved.,35,0,0.01,2.0,AI Platform,LOW
Client escalation regarding Analytics,Client escalation regarding Analytics. This issue is affecting multiple stakeholders and requires immediate attention.,-1,9,0.34,4.2,E-commerce,HIGH
Upgrade billing process in Budget Planning,Upgrade billing process in Budget Planning. Important for improving overall system quality.,19,0,0.46,1.2,Healthcare,MEDIUM
Enhance performance of Mobile App,Enhance performance of Mobile App. This enhancement supports ongoing optimization efforts.,29,0,0.09,3.5,EdTech,MEDIUM
Update design theme slightly,Update design theme slightly. No immediate operational risk involved.,15,7,0.06,1.8,AI Platform,LOW
System crash during Dashboard,System crash during Dashboard. Failure to resolve may result in financial or reputational damage.,21,9,0.33,5.0,AI Platform,HIGH
Update design theme slightly,Update design theme slightly. Can be addressed during routine maintenance.,-1,5,0.03,0.8,Fintech,LOW
Update design theme slightly,Update design theme slightly. Can be addressed during routine maintenance.,50,0,0.02,1.8,AI Platform,LOW
Immediate rollback required for Mobile App,Immediate rollback required for Mobile App. Failure to resolve may result in financial or reputational damage.,11,11,0.48,8.7,SaaS,HIGH
Implement new feature for Search,Implement new feature for Search. This task will improve operational efficiency.,24,13,0.16,2.2,Fintech,MEDIUM
Client escalation regarding Profile,Client escalation regarding Profile. This task is blocking critical business operations.,12,14,0.76,7.7,Healthcare,HIGH
Payment failure reported by Startup Client,Payment failure reported by Startup Client. Failure to resolve may result in financial or reputational damage.,15,3,0.65,7.1,EdTech,HIGH
System crash during Dashboard,System crash during Dashboard. Failure to resolve may result in financial or reputational damage.,9,13,0.25,7.5,AI Platform,HIGH
Improve comments in codebase,Improve comments in codebase. Can be addressed during routine maintenance.,29,5,0.03,0.3,AI Platform,LOW
Update design theme slightly,Update design theme slightly. No immediate operational risk involved.,59,5,0.1,0.7,EdTech,LOW
Organize file structure,Organize file structure. Can be addressed during routine maintenance.,33,7,0.19,0.8,Fintech,LOW
System crash during Settings,System crash during Settings. This issue is affecting multiple stakeholders and requires immediate attention.,9,16,0.27,8.9,SaaS,HIGH
Organize file structure,Organize file structure. No immediate operational risk involved.,62,8,0.13,1.5,Fintech,LOW
Client escalation regarding Dashboard,Client escalation regarding Dashboard. Failure to resolve may result in financial or reputational damage.,-1,0,0.72,4.7,Fintech,HIGH
Improve formatting in Data Pipeline,Improve formatting in Data Pipeline. No immediate operational risk involved.,33,5,0.12,0.7,Fintech,LOW
Fix minor typo in documentation,Fix minor typo in documentation. No immediate operational risk involved.,45,0,0.12,1.4,AI Platform,LOW
Production outage affecting Reporting Service,Production outage affecting Reporting Service. Failure to resolve may result in financial or reputational damage.,3,6,0.76,9.7,EdTech,HIGH
Production outage affecting Notification Service,Production outage affecting Notification Service. This task is blocking critical business operations.,5,4,0.31,5.6,E-commerce,HIGH
Organize file structure,Organize file structure. No immediate operational risk involved.,33,8,0.19,0.7,E-commerce,LOW
Enhance performance of Backend API,Enhance performance of Backend API. Important for improving overall system quality.,24,10,0.44,1.2,Fintech,MEDIUM
System crash during Dashboard,System crash during Dashboard. This task is blocking critical business operations.,7,0,0.89,2.1,SaaS,HIGH
System crash during Login,System crash during Login. This issue is affecting multiple stakeholders and requires immediate attention.,17,0,0.82,9.3,AI Platform,HIGH
Enhance internal documentation,Enhance internal documentation. Can be addressed during routine maintenance.,13,2,0.03,1.4,E-commerce,LOW
Enhance performance of Auth Service,Enhance performance of Auth Service. This task will improve operational efficiency.,11,0,0.15,3.1,Healthcare,MEDIUM
Enhance internal documentation,Enhance internal documentation. No immediate operational risk involved.,38,0,0.16,0.6,EdTech,LOW
Improve comments in codebase,Improve comments in codebase. No immediate operational risk involved.,59,0,0.02,1.3,Fintech,LOW
Security breach detected in Data Pipeline,Security breach detected in Data Pipeline. This task is blocking critical business operations.,12,7,0.65,7.6,AI Platform,HIGH
Cleanup unused resources,Cleanup unused resources. No immediate operational risk involved.,48,5,0.07,1.9,Fintech,LOW
Audit failure in Marketing,Audit failure in Marketing. Failure to resolve may result in financial or reputational damage.,9,0,0.54,9.2,SaaS,HIGH
Minor UI alignment fix,Minor UI alignment fix. This is a minor improvement with low business impact.,37,2,0.09,0.1,Fintech,LOW
Refactor variable naming in Data Pipeline,Refactor variable naming in Data Pipeline. Can be addressed during routine maintenance.,-1,0,0.1,1.2,AI Platform,LOW
Client escalation regarding Profile,Client escalation regarding Profile. Failure to resolve may result in financial or reputational damage.,10,4,0.53,8.2,E-commerce,HIGH
Enhance internal documentation,Enhance internal documentation. This is a minor improvement with low business impact.,29,7,0.07,0.4,EdTech,LOW
Enhance performance of Auth Service,Enhance performance of Auth Service. Important for improving overall system quality.,-1,11,0.31,2.4,AI Platform,MEDIUM
Improve analytics reporting for Profile,Improve analytics reporting for Profile. This enhancement supports ongoing optimization efforts.,24,0,0.03,3.6,SaaS,MEDIUM
System crash during Login,System crash during Login. This issue is affecting multiple stakeholders and requires immediate attention.,12,12,0.3,9.8,Healthcare,HIGH
Critical issue in Payment Gateway,Critical issue in Payment Gateway. Failure to resolve may result in financial or reputational damage.,5,6,0.88,2.5,Fintech,HIGH
Security breach detected in Mobile App,Security breach detected in Mobile App. This issue is affecting multiple stakeholders and requires immediate attention.,-1,6,0.86,1.3,SaaS,HIGH
Client escalation regarding Login,Client escalation regarding Login. This task is blocking critical business operations.,-1,0,0.5,9.5,EdTech,HIGH
Optimize workflow in Marketing,Optimize workflow in Marketing. Important for improving overall system quality.,15,0,0.31,0.3,E-commerce,MEDIUM
Refactor variable naming in Backend API,Refactor variable naming in Backend API. Can be addressed during routine maintenance.,48,6,0.04,0.7,Healthcare,LOW
Enhance internal documentation,Enhance internal documentation. No immediate operational risk involved.,-1,0,0.02,1.6,Fintech,LOW
System crash during Dashboard,System crash during Dashboard. Failure to resolve may result in financial or reputational damage.,7,8,0.55,7.2,EdTech,HIGH
Fix minor typo in documentation,Fix minor typo in documentation. Can be addressed during routine maintenance.,23,0,0.11,0.8,AI Platform,LOW
Update dependency versions,Update dependency versions. This is a minor improvement with low business impact.,36,0,0.07,0.4,EdTech,LOW
Automate campaign tracking for Q4 Launch,Automate campaign tracking for Q4 Launch. This enhancement supports ongoing optimization efforts.,19,6,0.38,2.1,E-commerce,MEDIUM
Compliance violation in Sales,Compliance violation in Sales. This issue is affecting multiple stakeholders and requires immediate attention.,26,11,0.29,2.3,E-commerce,HIGH
Update dependency versions,Update dependency versions. Can be addressed during routine maintenance.,-1,4,0.08,1.9,AI Platform,LOW
Organize file structure,Organize file structure. Can be addressed during routine maintenance.,9,0,0.08,1.9,EdTech,LOW
Improve formatting in Mobile App,Improve formatting in Mobile App. Can be addressed during routine maintenance.,-1,3,0.04,1.6,Fintech,LOW
Critical issue in Mobile App,Critical issue in Mobile App. This issue is affecting multiple stakeholders and requires immediate attention.,3,1,0.41,9.5,E-commerce,HIGH
Optimize workflow in Support,Optimize workflow in Support. Important for improving overall system quality.,-1,4,0.33,3.7,E-commerce,MEDIUM
Minor UI alignment fix,Minor UI alignment fix. Can be addressed during routine maintenance.,21,3,0.08,0.7,E-commerce,LOW
Refactor codebase in Data Pipeline,Refactor codebase in Data Pipeline. This enhancement supports ongoing optimization efforts.,10,4,0.3,2.9,E-commerce,MEDIUM
Enhance UI for Login,Enhance UI for Login. This enhancement supports ongoing optimization efforts.,13,4,0.34,1.1,AI Platform,MEDIUM
Integrate new API into Reporting Service,Integrate new API into Reporting Service. This task will improve operational efficiency.,17,0,0.27,3.4,E-commerce,MEDIUM
Client escalation regarding Settings,Client escalation regarding Settings. This issue is affecting multiple stakeholders and requires immediate attention.,13,10,0.84,1.8,E-commerce,HIGH
Enhance UI for Profile,Enhance UI for Profile. This task will improve operational efficiency.,29,9,0.26,3.0,AI Platform,MEDIUM
Immediate rollback required for Database,Immediate rollback required for Database. This issue is affecting multiple stakeholders and requires immediate attention.,-1,2,0.72,9.0,Fintech,HIGH
Improve analytics reporting for Profile,Improve analytics reporting for Profile. Important for improving overall system quality.,15,3,0.11,1.7,SaaS,MEDIUM
Improve onboarding process for Employee Onboarding,Improve onboarding process for Employee Onboarding. Important for improving overall system quality.,-1,5,0.2,2.2,E-commerce,MEDIUM
Improve comments in codebase,Improve comments in codebase. Can be addressed during routine maintenance.,30,0,0.06,0.5,Healthcare,LOW
System crash during Checkout,System crash during Checkout. This issue is affecting multiple stakeholders and requires immediate attention.,7,9,0.57,9.2,EdTech,HIGH
Enhance internal documentation,Enhance internal documentation. No immediate operational risk involved.,-1,0,0.17,1.6,AI Platform,LOW
Cleanup unused resources,Cleanup unused resources. No immediate operational risk involved.,27,0,0.15,0.4,Healthcare,LOW
Compliance violation in HR,Compliance violation in HR. This issue is affecting multiple stakeholders and requires immediate attention.,8,10,0.57,7.2,SaaS,HIGH
Enhance performance of Backend API,Enhance performance of Backend API. Important for improving overall system quality.,34,3,0.3,1.6,E-commerce,MEDIUM
Upgrade billing process in Expense Audit,Upgrade billing process in Expense Audit. Important for improving overall system quality.,-1,4,0.24,0.8,Fintech,MEDIUM
Refactor variable naming in Mobile App,Refactor variable naming in Mobile App. No immediate operational risk involved.,18,0,0.15,1.9,SaaS,LOW
Improve onboarding process for Payroll Review,Improve onboarding process for Payroll Review. This enhancement supports ongoing optimization efforts.,39,0,0.01,3.8,Fintech,MEDIUM
Production outage affecting User Service,Production outage affecting User Service. Failure to resolve may result in financial or reputational damage.,8,0,0.66,6.1,SaaS,HIGH
Upgrade billing process in Budget Planning,Upgrade billing process in Budget Planning. This task will improve operational efficiency.,16,0,0.3,0.3,SaaS,MEDIUM
Implement new feature for Settings,Implement new feature for Settings. Important for improving overall system quality.,28,1,0.18,1.2,Fintech,MEDIUM
Improve comments in codebase,Improve comments in codebase. This is a minor improvement with low business impact.,46,0,0.12,0.5,SaaS,LOW
Enhance internal documentation,Enhance internal documentation. No immediate operational risk involved.,42,4,0.05,1.5,Fintech,LOW
Payment failure reported by Startup Client,Payment failure reported by Startup Client. This issue is affecting multiple stakeholders and requires immediate attention.,19,8,0.87,9.5,Healthcare,HIGH
Revenue-impacting defect in Settings,Revenue-impacting defect in Settings. Failure to resolve may result in financial or reputational damage.,22,12,0.55,2.2,Fintech,HIGH
Enhance UI for Login,Enhance UI for Login. This enhancement supports ongoing optimization efforts.,23,3,0.23,0.7,AI Platform,MEDIUM
Payment failure reported by Government Client,Payment failure reported by Government Client. Failure to resolve may result in financial or reputational damage.,5,6,0.67,9.2,E-commerce,HIGH
Immediate rollback required for Data Pipeline,Immediate rollback required for Data Pipeline. Failure to resolve may result in financial or reputational damage.,7,8,0.84,8.8,AI Platform,HIGH
Enhance performance of Payment Gateway,Enhance performance of Payment Gateway. This enhancement supports ongoing optimization efforts.,16,6,0.41,1.3,AI Platform,MEDIUM
Update design theme slightly,Update design theme slightly. This is a minor improvement with low business impact.,37,0,0.17,0.7,Fintech,LOW
System crash during Search,System crash during Search. This task is blocking critical business operations.,25,6,0.23,3.0,Healthcare,HIGH
Client escalation regarding Analytics,Client escalation regarding Analytics. This issue is affecting multiple stakeholders and requires immediate attention.,16,0,0.29,1.7,Healthcare,HIGH
Critical issue in Database,Critical issue in Database. This task is blocking critical business operations.,7,0,0.25,4.6,SaaS,HIGH
Enhance internal documentation,Enhance internal documentation. This is a minor improvement with low business impact.,29,3,0.05,2.0,AI Platform,LOW
Improve onboarding process for Employee Onboarding,Improve onboarding process for Employee Onboarding. This enhancement supports ongoing optimization efforts.,14,0,0.01,2.6,SaaS,MEDIUM
Update design theme slightly,Update design theme slightly. No immediate operational risk involved.,16,5,0.04,1.7,Fintech,LOW
Production outage affecting User Service,Production outage affecting User Service. This task is blocking critical business operations.,-1,11,0.5,4.2,AI Platform,HIGH
Client escalation regarding Analytics,Client escalation regarding Analytics. This issue is affecting multiple stakeholders and requires immediate attention.,3,6,0.89,1.1,Fintech,HIGH
Update design theme slightly,Update design theme slightly. No immediate operational risk involved.,41,5,0.16,0.0,Fintech,LOW
Automate campaign tracking for Q4 Launch,Automate campaign tracking for Q4 Launch. This task will improve operational efficiency.,40,0,0.29,3.6,E-commerce,MEDIUM
Payment failure reported by Government Client,Payment failure reported by Government Client. This issue is affecting multiple stakeholders and requires immediate attention.,13,11,0.39,5.7,EdTech,HIGH
Compliance violation in Sales,Compliance violation in Sales. This task is blocking critical business operations.,-1,4,0.31,7.8,AI Platform,HIGH
Audit failure in HR,Audit failure in HR. This task is blocking critical business operations.,-1,0,0.43,4.5,EdTech,HIGH
Enhance internal documentation,Enhance internal documentation. This is a minor improvement with low business impact.,64,0,0.08,1.2,SaaS,LOW
Improve onboarding process for Employee Onboarding,Improve onboarding process for Employee Onboarding. This task will improve operational efficiency.,15,10,0.01,3.2,Healthcare,MEDIUM
Revenue-impacting defect in Profile,Revenue-impacting defect in Profile. This task is blocking critical business operations.,4,11,0.65,7.4,EdTech,HIGH
Cleanup unused resources,Cleanup unused resources. No immediate operational risk involved.,-1,0,0.02,0.5,Fintech,LOW
Refactor variable naming in Backend API,Refactor variable naming in Backend API. This is a minor improvement with low business impact.,60,1,0.01,0.1,E-commerce,LOW
System crash during Checkout,System crash during Checkout. This issue is affecting multiple stakeholders and requires immediate attention.,14,0,0.51,3.4,E-commerce,HIGH
Client escalation regarding Dashboard,Client escalation regarding Dashboard. This issue is affecting multiple stakeholders and requires immediate attention.,-1,14,0.32,9.1,E-commerce,HIGH
Organize file structure,Organize file structure. This is a minor improvement with low business impact.,66,3,0.16,0.2,SaaS,LOW
Payment failure reported by Startup Client,Payment failure reported by Startup Client. Failure to resolve may result in financial or reputational damage.,12,0,0.54,3.5,AI Platform,HIGH
Enhance performance of Backend API,Enhance performance of Backend API. This task will improve operational efficiency.,-1,10,0.21,0.1,EdTech,MEDIUM
Improve comments in codebase,Improve comments in codebase. Can be addressed during routine maintenance.,21,0,0.06,0.8,E-commerce,LOW
Minor UI alignment fix,Minor UI alignment fix. No immediate operational risk involved.,31,7,0.1,1.0,AI Platform,LOW
Security breach detected in Frontend App,Security breach detected in Frontend App. This issue is affecting multiple stakeholders and requires immediate attention.,7,0,0.43,2.3,Fintech,HIGH
Upgrade billing process in Invoice Processing,Upgrade billing process in Invoice Processing. This enhancement supports ongoing optimization efforts.,22,12,0.25,1.6,AI Platform,MEDIUM
Enhance internal documentation,Enhance internal documentation. This is a minor improvement with low business impact.,26,0,0.02,1.8,EdTech,LOW
Update design theme slightly,Update design theme slightly. No immediate operational risk involved.,-1,0,0.15,0.7,E-commerce,LOW
Refactor codebase in Payment Gateway,Refactor codebase in Payment Gateway. This enhancement supports ongoing optimization efforts.,11,0,0.1,1.4,EdTech,MEDIUM
Compliance violation in Sales,Compliance violation in Sales. This issue is affecting multiple stakeholders and requires immediate attention.,16,3,0.89,9.4,SaaS,HIGH
Production outage affecting Reporting Service,Production outage affecting Reporting Service. This issue is affecting multiple stakeholders and requires immediate attention.,24,8,0.4,3.4,SaaS,HIGH
Payment failure reported by Startup Client,Payment failure reported by Startup Client. This task is blocking critical business operations.,4,8,0.42,3.2,AI Platform,HIGH
Security breach detected in Mobile App,Security breach detected in Mobile App. This issue is affecting multiple stakeholders and requires immediate attention.,11,13,0.24,9.7,AI Platform,HIGH
Improve comments in codebase,Improve comments in codebase. Can be addressed during routine maintenance.,27,0,0.14,2.0,EdTech,LOW
Cleanup unused resources,Cleanup unused resources. This is a minor improvement with low business impact.,23,6,0.04,0.4,Fintech,LOW
Production outage affecting User Service,Production outage affecting User Service. This task is blocking critical business operations.,9,17,0.23,1.3,E-commerce,HIGH
Immediate rollback required for Data Pipeline,Immediate rollback required for Data Pipeline. This task is blocking critical business operations.,15,0,0.28,5.8,EdTech,HIGH
Compliance violation in Finance,Compliance violation in Finance. Failure to resolve may result in financial or reputational damage.,18,0,0.89,6.8,AI Platform,HIGH
Minor UI alignment fix,Minor UI alignment fix. This is a minor improvement with low business impact.,39,5,0.07,1.3,E-commerce,LOW
Organize file structure,Organize file structure. This is a minor improvement with low business impact.,65,0,0.17,1.5,Healthcare,LOW
Production outage affecting Inventory Service,Production outage affecting Inventory Service. This issue is affecting multiple stakeholders and requires immediate attention.,-1,2,0.34,3.5,E-commerce,HIGH
Minor UI alignment fix,Minor UI alignment fix. This is a minor improvement with low business impact.,43,6,0.02,1.2,Fintech,LOW
Refactor variable naming in Backend API,Refactor variable naming in Backend API. Can be addressed during routine maintenance.,-1,1,0.07,1.4,SaaS,LOW
Audit failure in Support,Audit failure in Support. This task is blocking critical business operations.,8,0,0.29,6.5,EdTech,HIGH
Automate campaign tracking for Black Friday Campaign,Automate campaign tracking for Black Friday Campaign. This enhancement supports ongoing optimization efforts.,27,11,0.21,3.9,EdTech,MEDIUM
Client escalation regarding Analytics,Client escalation regarding Analytics. This issue is affecting multiple stakeholders and requires immediate attention.,4,16,0.66,5.1,Fintech,HIGH
Payment failure reported by Premium Customer,Payment failure reported by Premium Customer. This task is blocking critical business operations.,9,10,0.66,8.4,Fintech,HIGH
Improve analytics reporting for Profile,Improve analytics reporting for Profile. This enhancement supports ongoing optimization efforts.,16,0,0.0,2.9,SaaS,MEDIUM
Integrate new API into Notification Service,Integrate new API into Notification Service. This task will improve operational efficiency.,18,5,0.28,1.0,E-commerce,MEDIUM
Client escalation regarding Dashboard,Client escalation regarding Dashboard. Failure to resolve may result in financial or reputational damage.,7,0,0.35,1.5,E-commerce,HIGH
Enhance UI for Settings,Enhance UI for Settings. This task will improve operational efficiency.,25,0,0.32,1.3,AI Platform,MEDIUM
Update dependency versions,Update dependency versions. No immediate operational risk involved.,35,0,0.07,0.6,E-commerce,LOW
Payment failure reported by Premium Customer,Payment failure reported by Premium Customer. Failure to resolve may result in financial or reputational damage.,10,0,0.26,7.5,AI Platform,HIGH
Automate campaign tracking for Referral Program,Automate campaign tracking for Referral Program. This enhancement supports ongoing optimization efforts.,12,2,0.45,1.6,SaaS,MEDIUM
Improve comments in codebase,Improve comments in codebase. This is a minor improvement with low business impact.,20,0,0.16,1.9,Healthcare,LOW
System crash during Login,System crash during Login. Failure to resolve may result in financial or reputational damage.,-1,16,0.76,7.5,Fintech,HIGH
Security breach detected in Database,Security breach detected in Database. This issue is affecting multiple stakeholders and requires immediate attention.,14,5,0.85,4.5,E-commerce,HIGH
Enhance internal documentation,Enhance internal documentation. No immediate operational risk involved.,38,2,0.08,1.3,AI Platform,LOW
Critical issue in Database,Critical issue in Database. Failure to resolve may result in financial or reputational damage.,-1,16,0.74,5.1,EdTech,HIGH
Cleanup unused resources,Cleanup unused resources. This is a minor improvement with low business impact.,38,5,0.04,1.1,AI Platform,LOW
Compliance violation in Finance,Compliance violation in Finance. This task is blocking critical business operations.,5,0,0.48,5.2,AI Platform,HIGH
Automate campaign tracking for Q4 Launch,Automate campaign tracking for Q4 Launch. Important for improving overall system quality.,12,2,0.19,0.1,EdTech,MEDIUM
Integrate new API into Reporting Service,Integrate new API into Reporting Service. This enhancement supports ongoing optimization efforts.,-1,0,0.3,1.8,Fintech,MEDIUM
Update design theme slightly,Update design theme slightly. Can be addressed during routine maintenance.,59,0,0.14,1.7,EdTech,LOW
Optimize workflow in Marketing,Optimize workflow in Marketing. This enhancement supports ongoing optimization efforts.,17,5,0.08,0.5,E-commerce,MEDIUM
Upgrade billing process in Invoice Processing,Upgrade billing process in Invoice Processing. Important for improving overall system quality.,14,0,0.47,0.3,EdTech,MEDIUM
Optimize workflow in Support,Optimize workflow in Support. This enhancement supports ongoing optimization efforts.,7,2,0.02,0.2,Healthcare,MEDIUM
Immediate rollback required for Data Pipeline,Immediate rollback required for Data Pipeline. This task is blocking critical business operations.,15,11,0.83,6.2,E-commerce,HIGH
Enhance UI for Login,Enhance UI for Login. Important for improving overall system quality.,23,0,0.22,1.3,AI Platform,MEDIUM
Revenue-impacting defect in Login,Revenue-impacting defect in Login. This task is blocking critical business operations.,12,10,0.87,7.2,Healthcare,HIGH
Improve analytics reporting for Search,Improve analytics reporting for Search. This task will improve operational efficiency.,9,0,0.35,3.1,EdTech,MEDIUM
Improve formatting in Mobile App,Improve formatting in Mobile App. This is a minor improvement with low business impact.,35,0,0.04,0.7,SaaS,LOW
Minor UI alignment fix,Minor UI alignment fix. Can be addressed during routine maintenance.,49,0,0.08,0.3,EdTech,LOW
Client escalation regarding Search,Client escalation regarding Search. This issue is affecting multiple stakeholders and requires immediate attention.,8,13,0.22,2.8,E-commerce,HIGH
Cleanup unused resources,Cleanup unused resources. No immediate operational risk involved.,81,0,0.12,1.3,E-commerce,LOW
Implement new feature for Login,Implement new feature for Login. Important for improving overall system quality.,5,0,0.38,3.7,E-commerce,MEDIUM
Client escalation regarding Dashboard,Client escalation regarding Dashboard. This issue is affecting multiple stakeholders and requires immediate attention.,16,2,0.35,7.5,E-commerce,HIGH
Security breach detected in Frontend App,Security breach detected in Frontend App. This issue is affecting multiple stakeholders and requires immediate attention.,3,16,0.81,1.7,SaaS,HIGH
Fix minor typo in documentation,Fix minor typo in documentation. No immediate operational risk involved.,53,8,0.05,1.1,EdTech,LOW
Automate campaign tracking for Email Automation,Automate campaign tracking for Email Automation. Important for improving overall system quality.,18,0,0.07,1.6,Healthcare,MEDIUM
Compliance violation in Marketing,Compliance violation in Marketing. This issue is affecting multiple stakeholders and requires immediate attention.,4,0,0.36,8.9,EdTech,HIGH
Update dependency versions,Update dependency versions. This is a minor improvement with low business impact.,78,2,0.07,0.8,SaaS,LOW
Enhance UI for Checkout,Enhance UI for Checkout. This task will improve operational efficiency.,24,4,0.4,1.6,AI Platform,MEDIUM
Improve analytics reporting for Search,Improve analytics reporting for Search. Important for improving overall system quality.,8,0,0.12,1.3,Fintech,MEDIUM
Client escalation regarding Checkout,Client escalation regarding Checkout. This issue is affecting multiple stakeholders and requires immediate attention.,-1,2,0.89,4.3,Fintech,HIGH
Update design theme slightly,Update design theme slightly. Can be addressed during routine maintenance.,57,1,0.16,0.6,EdTech,LOW
Update dependency versions,Update dependency versions. This is a minor improvement with low business impact.,-1,6,0.03,0.5,SaaS,LOW
Revenue-impacting defect in Checkout,Revenue-impacting defect in Checkout. Failure to resolve may result in financial or reputational damage.,1,0,0.81,5.1,E-commerce,HIGH
Improve analytics reporting for Profile,Improve analytics reporting for Profile. This task will improve operational efficiency.,31,3,0.13,3.2,Fintech,MEDIUM
Cleanup unused resources,Cleanup unused resources. No immediate operational risk involved.,36,1,0.05,1.5,SaaS,LOW
Integrate new API into User Service,Integrate new API into User Service. Important for improving overall system quality.,5,7,0.17,3.7,Healthcare,MEDIUM
Optimize workflow in Finance,Optimize workflow in Finance. This enhancement supports ongoing optimization efforts.,9,12,0.3,3.4,E-commerce,MEDIUM
Implement new feature for Search,Implement new feature for Search. This enhancement supports ongoing optimization efforts.,19,5,0.07,3.5,Healthcare,MEDIUM
Implement new feature for Search,Implement new feature for Search. This task will improve operational efficiency.,-1,11,0.1,3.5,Healthcare,MEDIUM
Implement new feature for Analytics,Implement new feature for Analytics. Important for improving overall system quality.,21,0,0.12,2.9,AI Platform,MEDIUM
Security breach detected in Auth Service,Security breach detected in Auth Service. This issue is affecting multiple stakeholders and requires immediate attention.,4,12,0.39,7.3,EdTech,HIGH
Client escalation regarding Login,Client escalation regarding Login. Failure to resolve may result in financial or reputational damage.,13,10,0.5,6.1,EdTech,HIGH
Enhance UI for Checkout,Enhance UI for Checkout. This task will improve operational efficiency.,-1,11,0.07,2.4,SaaS,MEDIUM
Improve formatting in Payment Gateway,Improve formatting in Payment Gateway. No immediate operational risk involved.,43,0,0.14,0.6,SaaS,LOW
Payment failure reported by Enterprise Client,Payment failure reported by Enterprise Client. Failure to resolve may result in financial or reputational damage.,8,5,0.7,4.7,AI Platform,HIGH
Production outage affecting Billing Service,Production outage affecting Billing Service. This issue is affecting multiple stakeholders and requires immediate attention.,14,12,0.82,3.7,SaaS,HIGH
Update design theme slightly,Update design theme slightly. No immediate operational risk involved.,-1,5,0.06,0.9,Fintech,LOW
Upgrade billing process in Expense Audit,Upgrade billing process in Expense Audit. This task will improve operational efficiency.,-1,5,0.4,2.3,Healthcare,MEDIUM
Immediate rollback required for Frontend App,Immediate rollback required for Frontend App. This issue is affecting multiple stakeholders and requires immediate attention.,-1,18,0.22,4.0,AI Platform,HIGH
Improve formatting in Database,Improve formatting in Database. This is a minor improvement with low business impact.,47,2,0.15,1.3,Healthcare,LOW
Upgrade billing process in Expense Audit,Upgrade billing process in Expense Audit. This task will improve operational efficiency.,15,6,0.16,3.7,E-commerce,MEDIUM
Integrate new API into Notification Service,Integrate new API into Notification Service. This task will improve operational efficiency.,-1,7,0.24,3.4,Healthcare,MEDIUM
Compliance violation in Operations,Compliance violation in Operations. Failure to resolve may result in financial or reputational damage.,15,9,0.31,5.1,Healthcare,HIGH
Integrate new API into Reporting Service,Integrate new API into Reporting Service. This enhancement supports ongoing optimization efforts.,10,2,0.42,3.9,E-commerce,MEDIUM
Revenue-impacting defect in Dashboard,Revenue-impacting defect in Dashboard. Failure to resolve may result in financial or reputational damage.,13,0,0.42,7.1,Healthcare,HIGH
Integrate new API into Reporting Service,Integrate new API into Reporting Service. This enhancement supports ongoing optimization efforts.,36,0,0.23,3.1,AI Platform,MEDIUM
Upgrade billing process in Invoice Processing,Upgrade billing process in Invoice Processing. This task will improve operational efficiency.,36,4,0.08,2.8,AI Platform,MEDIUM
Improve onboarding process for Employee Onboarding,Improve onboarding process for Employee Onboarding. This enhancement supports ongoing optimization efforts.,7,8,0.34,0.3,SaaS,MEDIUM
Improve comments in codebase,Improve comments in codebase. This is a minor improvement with low business impact.,46,0,0.05,1.1,EdTech,LOW
Client escalation regarding Analytics,Client escalation regarding Analytics. This task is blocking critical business operations.,11,13,0.56,2.7,AI Platform,HIGH
Fix minor typo in documentation,Fix minor typo in documentation. Can be addressed during routine maintenance.,38,4,0.04,0.3,EdTech,LOW
Production outage affecting User Service,Production outage affecting User Service. This issue is affecting multiple stakeholders and requires immediate attention.,17,15,0.29,3.5,E-commerce,HIGH
Optimize workflow in Support,Optimize workflow in Support. This enhancement supports ongoing optimization efforts.,24,7,0.39,3.6,E-commerce,MEDIUM
Enhance performance of Backend API,Enhance performance of Backend API. This task will improve operational efficiency.,13,6,0.26,2.6,Fintech,MEDIUM
Revenue-impacting defect in Login,Revenue-impacting defect in Login. This issue is affecting multiple stakeholders and requires immediate attention.,9,0,0.43,3.2,E-commerce,HIGH
Update design theme slightly,Update design theme slightly. Can be addressed during routine maintenance.,14,0,0.14,1.0,Healthcare,LOW
Enhance UI for Profile,Enhance UI for Profile. This task will improve operational efficiency.,24,5,0.4,0.5,Healthcare,MEDIUM
Organize file structure,Organize file structure. No immediate operational risk involved.,54,1,0.19,0.6,SaaS,LOW
Fix minor typo in documentation,Fix minor typo in documentation. No immediate operational risk involved.,51,0,0.12,0.4,SaaS,LOW
Integrate new API into User Service,Integrate new API into User Service. This task will improve operational efficiency.,26,2,0.49,2.7,EdTech,MEDIUM
Minor UI alignment fix,Minor UI alignment fix. This is a minor improvement with low business impact.,43,7,0.03,1.4,E-commerce,LOW
Production outage affecting Reporting Service,Production outage affecting Reporting Service. This task is blocking critical business operations.,3,9,0.52,5.8,EdTech,HIGH
Refactor variable naming in Mobile App,Refactor variable naming in Mobile App. Can be addressed during routine maintenance.,26,5,0.17,2.0,AI Platform,LOW
Security breach detected in Frontend App,Security breach detected in Frontend App. This task is blocking critical business operations.,16,0,0.64,5.9,Fintech,HIGH
Security breach detected in Frontend App,Security breach detected in Frontend App. Failure to resolve may result in financial or reputational damage.,7,0,0.4,6.6,AI Platform,HIGH
Upgrade billing process in Expense Audit,Upgrade billing process in Expense Audit. This task will improve operational efficiency.,19,4,0.46,3.4,Healthcare,MEDIUM
Enhance UI for Dashboard,Enhance UI for Dashboard. Important for improving overall system quality.,37,5,0.29,4.0,Fintech,MEDIUM
Compliance violation in Sales,Compliance violation in Sales. This task is blocking critical business operations.,-1,0,0.9,9.8,Fintech,HIGH
Client escalation regarding Dashboard,Client escalation regarding Dashboard. This issue is affecting multiple stakeholders and requires immediate attention.,-1,10,0.55,9.8,SaaS,HIGH
Improve formatting in Data Pipeline,Improve formatting in Data Pipeline. No immediate operational risk involved.,81,3,0.11,1.5,E-commerce,LOW
Production outage affecting Reporting Service,Production outage affecting Reporting Service. This issue is affecting multiple stakeholders and requires immediate attention.,8,11,0.55,7.3,Fintech,HIGH
Refactor codebase in Database,Refactor codebase in Database. This enhancement supports ongoing optimization efforts.,35,0,0.34,2.1,Healthcare,MEDIUM
Improve formatting in Backend API,Improve formatting in Backend API. Can be addressed during routine maintenance.,71,6,0.2,0.2,SaaS,LOW
Security breach detected in Backend API,Security breach detected in Backend API. Failure to resolve may result in financial or reputational damage.,3,12,0.9,5.2,Fintech,HIGH
System crash during Dashboard,System crash during Dashboard. This task is blocking critical business operations.,11,1,0.42,3.8,SaaS,HIGH
Refactor codebase in Data Pipeline,Refactor codebase in Data Pipeline. Important for improving overall system quality.,16,0,0.3,0.1,Fintech,MEDIUM
Audit failure in Sales,Audit failure in Sales. Failure to resolve may result in financial or reputational damage.,13,4,0.75,2.7,E-commerce,HIGH
Security breach detected in Frontend App,Security breach detected in Frontend App. This issue is affecting multiple stakeholders and requires immediate attention.,8,1,0.75,8.3,EdTech,HIGH
Client escalation regarding Analytics,Client escalation regarding Analytics. Failure to resolve may result in financial or reputational damage.,9,12,0.27,3.9,SaaS,HIGH
Client escalation regarding Search,Client escalation regarding Search. This task is blocking critical business operations.,5,0,0.73,7.2,E-commerce,HIGH
Refactor codebase in Auth Service,Refactor codebase in Auth Service. This enhancement supports ongoing optimization efforts.,11,7,0.28,3.4,AI Platform,MEDIUM
Audit failure in Operations,Audit failure in Operations. Failure to resolve may result in financial or reputational damage.,15,0,0.88,5.8,AI Platform,HIGH
Implement new feature for Dashboard,Implement new feature for Dashboard. Important for improving overall system quality.,10,0,0.37,1.4,Fintech,MEDIUM
Upgrade billing process in Budget Planning,Upgrade billing process in Budget Planning. Important for improving overall system quality.,28,8,0.48,0.0,Fintech,MEDIUM
Audit failure in Finance,Audit failure in Finance. This issue is affecting multiple stakeholders and requires immediate attention.,23,12,0.26,6.3,AI Platform,HIGH
Immediate rollback required for Data Pipeline,Immediate rollback required for Data Pipeline. This task is blocking critical business operations.,-1,0,0.41,8.0,Fintech,HIGH
Minor UI alignment fix,Minor UI alignment fix. Can be addressed during routine maintenance.,69,3,0.06,0.3,SaaS,LOW
Automate campaign tracking for Email Automation,Automate campaign tracking for Email Automation. This task will improve operational efficiency.,30,8,0.4,3.9,EdTech,MEDIUM
Improve onboarding process for Payroll Review,Improve onboarding process for Payroll Review. This enhancement supports ongoing optimization efforts.,9,12,0.16,3.5,EdTech,MEDIUM
Immediate rollback required for Frontend App,Immediate rollback required for Frontend App. Failure to resolve may result in financial or reputational damage.,-1,9,0.8,2.9,EdTech,HIGH
Organize file structure,Organize file structure. No immediate operational risk involved.,30,0,0.0,0.7,E-commerce,LOW
Enhance internal documentation,Enhance internal documentation. No immediate operational risk involved.,37,6,0.16,1.3,E-commerce,LOW
Payment failure reported by Government Client,Payment failure reported by Government Client. This task is blocking critical business operations.,9,7,0.82,9.2,Healthcare,HIGH
Automate campaign tracking for Q4 Launch,Automate campaign tracking for Q4 Launch. This enhancement supports ongoing optimization efforts.,24,0,0.37,2.7,Healthcare,MEDIUM
Client escalation regarding Analytics,Client escalation regarding Analytics. This task is blocking critical business operations.,7,7,0.25,2.1,Healthcare,HIGH
Audit failure in Sales,Audit failure in Sales. This issue is affecting multiple stakeholders and requires immediate attention.,-1,5,0.64,6.4,AI Platform,HIGH
System crash during Dashboard,System crash during Dashboard. Failure to resolve may result in financial or reputational damage.,1,0,0.74,5.0,E-commerce,HIGH
Refactor variable naming in Mobile App,Refactor variable naming in Mobile App. No immediate operational risk involved.,30,4,0.02,1.3,Fintech,LOW
Organize file structure,Organize file structure. Can be addressed during routine maintenance.,10,1,0.06,2.0,Fintech,LOW
Payment failure reported by Startup Client,Payment failure reported by Startup Client. This task is blocking critical business operations.,15,4,0.41,7.7,Healthcare,HIGH
Minor UI alignment fix,Minor UI alignment fix. No immediate operational risk involved.,24,0,0.0,1.0,SaaS,LOW
Implement new feature for Profile,Implement new feature for Profile. This task will improve operational efficiency.,6,0,0.26,2.4,SaaS,MEDIUM
Client escalation regarding Profile,Client escalation regarding Profile. This issue is affecting multiple stakeholders and requires immediate attention.,13,15,0.63,4.7,EdTech,HIGH
Immediate rollback required for Database,Immediate rollback required for Database. This task is blocking critical business operations.,-1,0,0.85,4.1,AI Platform,HIGH
Revenue-impacting defect in Search,Revenue-impacting defect in Search. This issue is affecting multiple stakeholders and requires immediate attention.,1,9,0.68,4.3,Healthcare,HIGH
Critical issue in Data Pipeline,Critical issue in Data Pipeline. Failure to resolve may result in financial or reputational damage.,12,1,0.42,2.1,SaaS,HIGH
Update design theme slightly,Update design theme slightly. Can be addressed during routine maintenance.,37,0,0.15,0.0,Fintech,LOW
Integrate new API into Billing Service,Integrate new API into Billing Service. This enhancement supports ongoing optimization efforts.,10,0,0.18,1.2,E-commerce,MEDIUM
Security breach detected in Frontend App,Security breach detected in Frontend App. This issue is affecting multiple stakeholders and requires immediate attention.,9,0,0.7,6.4,E-commerce,HIGH
Update dependency versions,Update dependency versions. No immediate operational risk involved.,-1,8,0.07,0.3,E-commerce,LOW
Integrate new API into Notification Service,Integrate new API into Notification Service. This task will improve operational efficiency.,30,9,0.09,1.7,EdTech,MEDIUM
Improve formatting in Mobile App,Improve formatting in Mobile App. Can be addressed during routine maintenance.,27,0,0.11,1.8,E-commerce,LOW
Update design theme slightly,Update design theme slightly. This is a minor improvement with low business impact.,42,6,0.2,1.6,Fintech,LOW
Enhance performance of Mobile App,Enhance performance of Mobile App. This task will improve operational efficiency.,26,5,0.02,1.1,Healthcare,MEDIUM
Revenue-impacting defect in Analytics,Revenue-impacting defect in Analytics. This issue is affecting multiple stakeholders and requires immediate attention.,21,0,0.3,4.3,E-commerce,HIGH
Improve analytics reporting for Settings,Improve analytics reporting for Settings. This task will improve operational efficiency.,17,0,0.01,0.3,E-commerce,MEDIUM
Security breach detected in Frontend App,Security breach detected in Frontend App. Failure to resolve may result in financial or reputational damage.,26,0,0.89,2.8,Fintech,HIGH
Improve onboarding process for Employee Onboarding,Improve onboarding process for Employee Onboarding. This enhancement supports ongoing optimization efforts.,24,0,0.06,1.2,AI Platform,MEDIUM
Organize file structure,Organize file structure. Can be addressed during routine maintenance.,20,3,0.12,0.7,EdTech,LOW
Organize file structure,Organize file structure. This is a minor improvement with low business impact.,38,6,0.06,1.6,AI Platform,LOW
Enhance internal documentation,Enhance internal documentation. This is a minor improvement with low business impact.,15,0,0.13,1.4,AI Platform,LOW
Revenue-impacting defect in Profile,Revenue-impacting defect in Profile. This task is blocking critical business operations.,8,10,0.78,10.0,Fintech,HIGH
Refactor codebase in Frontend App,Refactor codebase in Frontend App. This enhancement supports ongoing optimization efforts.,18,5,0.17,3.6,E-commerce,MEDIUM
Fix minor typo in documentation,Fix minor typo in documentation. This is a minor improvement with low business impact.,49,0,0.12,1.6,SaaS,LOW
Compliance violation in Operations,Compliance violation in Operations. This task is blocking critical business operations.,2,3,0.89,3.1,E-commerce,HIGH
Enhance internal documentation,Enhance internal documentation. Can be addressed during routine maintenance.,15,4,0.09,0.3,AI Platform,LOW
Compliance violation in Support,Compliance violation in Support. This issue is affecting multiple stakeholders and requires immediate attention.,-1,15,0.21,8.8,E-commerce,HIGH
Fix minor typo in documentation,Fix minor typo in documentation. Can be addressed during routine maintenance.,-1,5,0.16,1.9,SaaS,LOW
Enhance performance of Mobile App,Enhance performance of Mobile App. This enhancement supports ongoing optimization efforts.,18,8,0.3,3.2,Healthcare,MEDIUM
Refactor variable naming in Data Pipeline,Refactor variable naming in Data Pipeline. No immediate operational risk involved.,40,8,0.08,1.1,E-commerce,LOW
Implement new feature for Checkout,Implement new feature for Checkout. This task will improve operational efficiency.,29,10,0.1,3.4,Healthcare,MEDIUM
Revenue-impacting defect in Analytics,Revenue-impacting defect in Analytics. This issue is affecting multiple stakeholders and requires immediate attention.,3,6,0.44,3.8,Healthcare,HIGH
System crash during Search,System crash during Search. This issue is affecting multiple stakeholders and requires immediate attention.,4,14,0.89,2.1,Fintech,HIGH
Client escalation regarding Checkout,Client escalation regarding Checkout. Failure to resolve may result in financial or reputational damage.,16,13,0.36,1.5,Fintech,HIGH
Improve onboarding process for Recruitment Drive,Improve onboarding process for Recruitment Drive. This enhancement supports ongoing optimization efforts.,20,13,0.3,2.2,E-commerce,MEDIUM
System crash during Dashboard,System crash during Dashboard. Failure to resolve may result in financial or reputational damage.,1,0,0.34,2.1,Fintech,HIGH
Enhance performance of Backend API,Enhance performance of Backend API. This task will improve operational efficiency.,-1,4,0.11,0.7,SaaS,MEDIUM
System crash during Settings,System crash during Settings. Failure to resolve may result in financial or reputational damage.,13,0,0.29,7.0,E-commerce,HIGH
Cleanup unused resources,Cleanup unused resources. No immediate operational risk involved.,37,2,0.16,0.0,EdTech,LOW
Revenue-impacting defect in Profile,Revenue-impacting defect in Profile. This issue is affecting multiple stakeholders and requires immediate attention.,16,0,0.51,4.2,Healthcare,HIGH
Revenue-impacting defect in Profile,Revenue-impacting defect in Profile. This task is blocking critical business operations.,5,0,0.62,1.0,SaaS,HIGH
Upgrade billing process in Budget Planning,Upgrade billing process in Budget Planning. This task will improve operational efficiency.,32,11,0.13,2.9,SaaS,MEDIUM
Immediate rollback required for Database,Immediate rollback required for Database. Failure to resolve may result in financial or reputational damage.,-1,17,0.82,3.2,Fintech,HIGH
Compliance violation in Support,Compliance violation in Support. This task is blocking critical business operations.,25,0,0.68,7.4,EdTech,HIGH
Cleanup unused resources,Cleanup unused resources. This is a minor improvement with low business impact.,-1,0,0.03,0.9,AI Platform,LOW
Enhance UI for Search,Enhance UI for Search. This task will improve operational efficiency.,11,9,0.21,3.0,EdTech,MEDIUM
Optimize workflow in Finance,Optimize workflow in Finance. This task will improve operational efficiency.,32,10,0.43,2.9,Fintech,MEDIUM
Improve comments in codebase,Improve comments in codebase. No immediate operational risk involved.,-1,0,0.08,1.7,Fintech,LOW
Enhance UI for Analytics,Enhance UI for Analytics. This task will improve operational efficiency.,21,3,0.37,3.0,AI Platform,MEDIUM
Update design theme slightly,Update design theme slightly. Can be addressed during routine maintenance.,32,0,0.07,1.7,Healthcare,LOW
Minor UI alignment fix,Minor UI alignment fix. No immediate operational risk involved.,-1,4,0.13,1.4,Healthcare,LOW
Fix minor typo in documentation,Fix minor typo in documentation. Can be addressed during routine maintenance.,27,0,0.18,0.1,SaaS,LOW
Update dependency versions,Update dependency versions. This is a minor improvement with low business impact.,30,1,0.13,1.0,SaaS,LOW
Update dependency versions,Update dependency versions. Can be addressed during routine maintenance.,64,3,0.03,1.0,EdTech,LOW
Improve formatting in Database,Improve formatting in Database. This is a minor improvement with low business impact.,36,0,0.16,1.9,EdTech,LOW
Fix minor typo in documentation,Fix minor typo in documentation. Can be addressed during routine maintenance.,43,5,0.07,0.7,AI Platform,LOW
Integrate new API into Reporting Service,Integrate new API into Reporting Service. Important for improving overall system quality.,20,2,0.4,1.1,Healthcare,MEDIUM
Enhance performance of Auth Service,Enhance performance of Auth Service. This enhancement supports ongoing optimization efforts.,12,1,0.02,1.1,SaaS,MEDIUM
Enhance UI for Search,Enhance UI for Search. Important for improving overall system quality.,11,7,0.2,0.2,E-commerce,MEDIUM
Upgrade billing process in Invoice Processing,Upgrade billing process in Invoice Processing. Important for improving overall system quality.,16,5,0.1,1.0,SaaS,MEDIUM
Cleanup unused resources,Cleanup unused resources. This is a minor improvement with low business impact.,-1,0,0.14,0.8,AI Platform,LOW
Payment failure reported by Government Client,Payment failure reported by Government Client. This issue is affecting multiple stakeholders and requires immediate attention.,17,10,0.33,3.9,SaaS,HIGH
Critical issue in Data Pipeline,Critical issue in Data Pipeline. This issue is affecting multiple stakeholders and requires immediate attention.,5,10,0.2,1.3,Healthcare,HIGH
Integrate new API into Inventory Service,Integrate new API into Inventory Service. This task will improve operational efficiency.,42,0,0.03,0.9,Fintech,MEDIUM
Enhance performance of Auth Service,Enhance performance of Auth Service. This task will improve operational efficiency.,-1,0,0.37,0.0,SaaS,MEDIUM
Organize file structure,Organize file structure. No immediate operational risk involved.,31,2,0.03,0.2,Healthcare,LOW
Compliance violation in Sales,Compliance violation in Sales. This task is blocking critical business operations.,25,8,0.78,7.8,SaaS,HIGH
Update design theme slightly,Update design theme slightly. This is a minor improvement with low business impact.,38,0,0.09,0.3,Healthcare,LOW
Production outage affecting Inventory Service,Production outage affecting Inventory Service. Failure to resolve may result in financial or reputational damage.,4,0,0.85,6.1,EdTech,HIGH
Refactor variable naming in Data Pipeline,Refactor variable naming in Data Pipeline. This is a minor improvement with low business impact.,-1,5,0.04,0.5,AI Platform,LOW
Fix minor typo in documentation,Fix minor typo in documentation. This is a minor improvement with low business impact.,-1,0,0.1,1.2,SaaS,LOW
Enhance performance of Database,Enhance performance of Database. This task will improve operational efficiency.,20,0,0.01,1.0,Fintech,MEDIUM
Improve comments in codebase,Improve comments in codebase. This is a minor improvement with low business impact.,3,2,0.13,0.5,Fintech,LOW
Enhance internal documentation,Enhance internal documentation. Can be addressed during routine maintenance.,41,1,0.02,1.3,E-commerce,LOW
Integrate new API into Notification Service,Integrate new API into Notification Service. This enhancement supports ongoing optimization efforts.,29,0,0.5,0.9,E-commerce,MEDIUM
Compliance violation in Finance,Compliance violation in Finance. This task is blocking critical business operations.,4,8,0.54,2.3,EdTech,HIGH
Refactor codebase in Database,Refactor codebase in Database. This enhancement supports ongoing optimization efforts.,23,9,0.32,1.1,Healthcare,MEDIUM
Client escalation regarding Settings,Client escalation regarding Settings. This issue is affecting multiple stakeholders and requires immediate attention.,3,11,0.34,8.7,Fintech,HIGH
Client escalation regarding Login,Client escalation regarding Login. This issue is affecting multiple stakeholders and requires immediate attention.,20,5,0.28,1.1,Fintech,HIGH
Update dependency versions,Update dependency versions. This is a minor improvement with low business impact.,19,3,0.15,1.9,E-commerce,LOW
Implement new feature for Login,Implement new feature for Login. This task will improve operational efficiency.,-1,5,0.12,1.0,SaaS,MEDIUM
Enhance performance of Auth Service,Enhance performance of Auth Service. This task will improve operational efficiency.,-1,6,0.48,2.0,Fintech,MEDIUM
Enhance internal documentation,Enhance internal documentation. Can be addressed during routine maintenance.,-1,5,0.17,0.2,Fintech,LOW
Implement new feature for Dashboard,Implement new feature for Dashboard. This enhancement supports ongoing optimization efforts.,13,0,0.11,3.8,AI Platform,MEDIUM
Compliance violation in Operations,Compliance violation in Operations. This issue is affecting multiple stakeholders and requires immediate attention.,7,0,0.85,4.3,AI Platform,HIGH
Update dependency versions,Update dependency versions. This is a minor improvement with low business impact.,44,0,0.13,0.8,E-commerce,LOW
Integrate new API into Reporting Service,Integrate new API into Reporting Service. Important for improving overall system quality.,10,5,0.32,2.2,AI Platform,MEDIUM
Fix minor typo in documentation,Fix minor typo in documentation. Can be addressed during routine maintenance.,33,7,0.19,1.2,Healthcare,LOW
Revenue-impacting defect in Checkout,Revenue-impacting defect in Checkout. This task is blocking critical business operations.,25,7,0.27,1.4,Fintech,HIGH
Improve comments in codebase,Improve comments in codebase. No immediate operational risk involved.,-1,1,0.18,1.9,EdTech,LOW
Enhance performance of Backend API,Enhance performance of Backend API. This task will improve operational efficiency.,11,8,0.32,1.7,AI Platform,MEDIUM
Improve comments in codebase,Improve comments in codebase. This is a minor improvement with low business impact.,41,7,0.02,0.6,SaaS,LOW
Improve comments in codebase,Improve comments in codebase. No immediate operational risk involved.,42,0,0.13,0.9,E-commerce,LOW
Organize file structure,Organize file structure. No immediate operational risk involved.,55,4,0.13,0.7,E-commerce,LOW
Enhance performance of Mobile App,Enhance performance of Mobile App. This enhancement supports ongoing optimization efforts.,-1,0,0.48,1.6,Healthcare,MEDIUM
Immediate rollback required for Payment Gateway,Immediate rollback required for Payment Gateway. This issue is affecting multiple stakeholders and requires immediate attention.,3,0,0.77,6.0,EdTech,HIGH
Automate campaign tracking for Q4 Launch,Automate campaign tracking for Q4 Launch. This task will improve operational efficiency.,-1,0,0.35,3.6,EdTech,MEDIUM
Compliance violation in Operations,Compliance violation in Operations. Failure to resolve may result in financial or reputational damage.,15,18,0.24,9.8,AI Platform,HIGH
Update dependency versions,Update dependency versions. This is a minor improvement with low business impact.,75,7,0.12,0.0,E-commerce,LOW
Optimize workflow in Marketing,Optimize workflow in Marketing. This enhancement supports ongoing optimization efforts.,21,0,0.06,0.3,SaaS,MEDIUM
Implement new feature for Dashboard,Implement new feature for Dashboard. This enhancement supports ongoing optimization efforts.,-1,5,0.41,1.9,Healthcare,MEDIUM
Client escalation regarding Analytics,Client escalation regarding Analytics. This task is blocking critical business operations.,16,16,0.75,9.2,Fintech,HIGH
Client escalation regarding Search,Client escalation regarding Search. Failure to resolve may result in financial or reputational damage.,5,10,0.59,6.5,E-commerce,HIGH
Improve comments in codebase,Improve comments in codebase. Can be addressed during routine maintenance.,12,9,0.02,0.0,EdTech,LOW
Revenue-impacting defect in Checkout,Revenue-impacting defect in Checkout. Failure to resolve may result in financial or reputational damage.,6,10,0.46,5.4,SaaS,HIGH
Client escalation regarding Checkout,Client escalation regarding Checkout. This issue is affecting multiple stakeholders and requires immediate attention.,-1,10,0.69,2.7,Fintech,HIGH
Enhance performance of Mobile App,Enhance performance of Mobile App. This enhancement supports ongoing optimization efforts.,29,4,0.35,2.1,EdTech,MEDIUM
Fix minor typo in documentation,Fix minor typo in documentation. Can be addressed during routine maintenance.,38,2,0.09,1.9,EdTech,LOW
Fix minor typo in documentation,Fix minor typo in documentation. Can be addressed during routine maintenance.,52,4,0.2,1.9,E-commerce,LOW
Improve comments in codebase,Improve comments in codebase. Can be addressed during routine maintenance.,30,0,0.16,1.9,AI Platform,LOW
Organize file structure,Organize file structure. No immediate operational risk involved.,16,2,0.08,0.3,SaaS,LOW
Payment failure reported by Government Client,Payment failure reported by Government Client. This task is blocking critical business operations.,-1,0,0.61,2.1,E-commerce,HIGH
Security breach detected in Payment Gateway,Security breach detected in Payment Gateway. This task is blocking critical business operations.,-1,5,0.36,1.7,E-commerce,HIGH
Immediate rollback required for Backend API,Immediate rollback required for Backend API. This task is blocking critical business operations.,13,4,0.78,8.9,SaaS,HIGH
Revenue-impacting defect in Checkout,Revenue-impacting defect in Checkout. This issue is affecting multiple stakeholders and requires immediate attention.,13,6,0.44,3.1,AI Platform,HIGH
Implement new feature for Checkout,Implement new feature for Checkout. This enhancement supports ongoing optimization efforts.,19,11,0.13,0.8,SaaS,MEDIUM
Improve analytics reporting for Settings,Improve analytics reporting for Settings. Important for improving overall system quality.,11,0,0.09,0.7,AI Platform,MEDIUM
Automate campaign tracking for Referral Program,Automate campaign tracking for Referral Program. Important for improving overall system quality.,27,5,0.22,1.6,E-commerce,MEDIUM
Update design theme slightly,Update design theme slightly. No immediate operational risk involved.,60,2,0.18,0.1,AI Platform,LOW
Implement new feature for Analytics,Implement new feature for Analytics. This task will improve operational efficiency.,-1,0,0.19,3.4,SaaS,MEDIUM
Improve onboarding process for Recruitment Drive,Improve onboarding process for Recruitment Drive. This enhancement supports ongoing optimization efforts.,29,5,0.41,0.5,AI Platform,MEDIUM
Upgrade billing process in Budget Planning,Upgrade billing process in Budget Planning. This enhancement supports ongoing optimization efforts.,24,10,0.35,2.1,E-commerce,MEDIUM
Improve formatting in Frontend App,Improve formatting in Frontend App. This is a minor improvement with low business impact.,44,1,0.18,2.0,E-commerce,LOW
Improve comments in codebase,Improve comments in codebase. This is a minor improvement with low business impact.,34,6,0.04,0.7,SaaS,LOW
Enhance performance of Mobile App,Enhance performance of Mobile App. Important for improving overall system quality.,-1,5,0.04,1.6,Healthcare,MEDIUM
Immediate rollback required for Mobile App,Immediate rollback required for Mobile App. This task is blocking critical business operations.,4,0,0.2,8.9,EdTech,HIGH
Refactor variable naming in Data Pipeline,Refactor variable naming in Data Pipeline. No immediate operational risk involved.,36,9,0.04,1.5,AI Platform,LOW
Minor UI alignment fix,Minor UI alignment fix. This is a minor improvement with low business impact.,41,3,0.08,1.1,AI Platform,LOW
Revenue-impacting defect in Search,Revenue-impacting defect in Search. This issue is affecting multiple stakeholders and requires immediate attention.,5,4,0.74,6.6,EdTech,HIGH
Fix minor typo in documentation,Fix minor typo in documentation. Can be addressed during routine maintenance.,29,8,0.01,1.4,EdTech,LOW
Enhance performance of Payment Gateway,Enhance performance of Payment Gateway. Important for improving overall system quality.,-1,7,0.08,3.4,E-commerce,MEDIUM
Cleanup unused resources,Cleanup unused resources. No immediate operational risk involved.,-1,1,0.03,1.9,Fintech,LOW
Audit failure in Sales,Audit failure in Sales. Failure to resolve may result in financial or reputational damage.,-1,8,0.44,1.2,Fintech,HIGH
Minor UI alignment fix,Minor UI alignment fix. Can be addressed during routine maintenance.,-1,0,0.18,1.9,Fintech,LOW
Revenue-impacting defect in Login,Revenue-impacting defect in Login. Failure to resolve may result in financial or reputational damage.,-1,5,0.83,2.3,E-commerce,HIGH
Improve analytics reporting for Login,Improve analytics reporting for Login. This enhancement supports ongoing optimization efforts.,37,7,0.07,0.1,SaaS,MEDIUM
Enhance UI for Checkout,Enhance UI for Checkout. This enhancement supports ongoing optimization efforts.,2,4,0.17,3.3,AI Platform,MEDIUM
System crash during Dashboard,System crash during Dashboard. Failure to resolve may result in financial or reputational damage.,20,13,0.35,4.9,EdTech,HIGH
Upgrade billing process in Expense Audit,Upgrade billing process in Expense Audit. This task will improve operational efficiency.,13,0,0.06,2.5,E-commerce,MEDIUM
Minor UI alignment fix,Minor UI alignment fix. Can be addressed during routine maintenance.,21,2,0.05,1.5,E-commerce,LOW
Enhance internal documentation,Enhance internal documentation. This is a minor improvement with low business impact.,32,0,0.17,0.6,E-commerce,LOW
Audit failure in Marketing,Audit failure in Marketing. This task is blocking critical business operations.,23,12,0.43,3.5,AI Platform,HIGH
Refactor variable naming in Mobile App,Refactor variable naming in Mobile App. This is a minor improvement with low business impact.,19,5,0.08,1.4,Fintech,LOW
System crash during Dashboard,System crash during Dashboard. Failure to resolve may result in financial or reputational damage.,12,7,0.53,5.9,AI Platform,HIGH
Integrate new API into Inventory Service,Integrate new API into Inventory Service. Important for improving overall system quality.,13,2,0.33,1.2,E-commerce,MEDIUM
Fix minor typo in documentation,Fix minor typo in documentation. Can be addressed during routine maintenance.,30,2,0.03,1.1,Fintech,LOW
Automate campaign tracking for Q4 Launch,Automate campaign tracking for Q4 Launch. Important for improving overall system quality.,-1,6,0.16,1.7,Healthcare,MEDIUM
Enhance performance of Payment Gateway,Enhance performance of Payment Gateway. This enhancement supports ongoing optimization efforts.,15,8,0.1,1.3,EdTech,MEDIUM
Payment failure reported by Government Client,Payment failure reported by Government Client. Failure to resolve may result in financial or reputational damage.,8,8,0.86,5.3,AI Platform,HIGH
Improve formatting in Auth Service,Improve formatting in Auth Service. No immediate operational risk involved.,46,6,0.07,0.7,Healthcare,LOW
Security breach detected in Mobile App,Security breach detected in Mobile App. Failure to resolve may result in financial or reputational damage.,14,12,0.29,4.3,Healthcare,HIGH
Critical issue in Frontend App,Critical issue in Frontend App. This issue is affecting multiple stakeholders and requires immediate attention.,11,4,0.66,5.5,AI Platform,HIGH
Enhance UI for Search,Enhance UI for Search. This enhancement supports ongoing optimization efforts.,16,9,0.28,3.8,Healthcare,MEDIUM
Enhance internal documentation,Enhance internal documentation. No immediate operational risk involved.,55,4,0.19,1.6,Fintech,LOW
Enhance UI for Checkout,Enhance UI for Checkout. Important for improving overall system quality.,13,1,0.35,0.5,Healthcare,MEDIUM
Cleanup unused resources,Cleanup unused resources. This is a minor improvement with low business impact.,-1,5,0.06,1.0,SaaS,LOW
Production outage affecting Billing Service,Production outage affecting Billing Service. This issue is affecting multiple stakeholders and requires immediate attention.,17,0,0.25,8.8,AI Platform,HIGH
Cleanup unused resources,Cleanup unused resources. No immediate operational risk involved.,23,0,0.1,0.7,E-commerce,LOW
Update dependency versions,Update dependency versions. No immediate operational risk involved.,31,4,0.05,0.7,EdTech,LOW
Improve formatting in Frontend App,Improve formatting in Frontend App. This is a minor improvement with low business impact.,-1,7,0.09,0.6,EdTech,LOW
Enhance UI for Analytics,Enhance UI for Analytics. This enhancement supports ongoing optimization efforts.,-1,7,0.27,3.5,Fintech,MEDIUM
Improve onboarding process for Employee Onboarding,Improve onboarding process for Employee Onboarding. Important for improving overall system quality.,34,6,0.46,0.0,SaaS,MEDIUM
Production outage affecting Inventory Service,Production outage affecting Inventory Service. Failure to resolve may result in financial or reputational damage.,20,9,0.89,6.4,AI Platform,HIGH
Optimize workflow in Finance,Optimize workflow in Finance. This task will improve operational efficiency.,29,9,0.07,1.4,SaaS,MEDIUM
Improve comments in codebase,Improve comments in codebase. This is a minor improvement with low business impact.,19,6,0.18,1.2,EdTech,LOW
Security breach detected in Auth Service,Security breach detected in Auth Service. This task is blocking critical business operations.,16,3,0.53,1.6,EdTech,HIGH
Enhance internal documentation,Enhance internal documentation. Can be addressed during routine maintenance.,41,4,0.02,0.1,EdTech,LOW
Compliance violation in Operations,Compliance violation in Operations. Failure to resolve may result in financial or reputational damage.,11,3,0.76,9.5,SaaS,HIGH
Improve analytics reporting for Settings,Improve analytics reporting for Settings. Important for improving overall system quality.,13,6,0.4,1.1,AI Platform,MEDIUM
Organize file structure,Organize file structure. No immediate operational risk involved.,11,2,0.07,0.6,SaaS,LOW
Minor UI alignment fix,Minor UI alignment fix. This is a minor improvement with low business impact.,31,0,0.15,1.1,SaaS,LOW
Critical issue in Data Pipeline,Critical issue in Data Pipeline. Failure to resolve may result in financial or reputational damage.,2,17,0.59,4.8,EdTech,HIGH
Update design theme slightly,Update design theme slightly. Can be addressed during routine maintenance.,32,0,0.2,0.4,SaaS,LOW
Client escalation regarding Analytics,Client escalation regarding Analytics. This task is blocking critical business operations.,3,0,0.6,8.0,SaaS,HIGH
Optimize workflow in Support,Optimize workflow in Support. Important for improving overall system quality.,8,0,0.3,1.0,Fintech,MEDIUM
Payment failure reported by Government Client,Payment failure reported by Government Client. This issue is affecting multiple stakeholders and requires immediate attention.,18,0,0.74,7.5,E-commerce,HIGH
Refactor codebase in Mobile App,Refactor codebase in Mobile App. This task will improve operational efficiency.,24,5,0.13,2.2,Fintech,MEDIUM
Audit failure in HR,Audit failure in HR. Failure to resolve may result in financial or reputational damage.,8,7,0.45,2.7,AI Platform,HIGH
Minor UI alignment fix,Minor UI alignment fix. This is a minor improvement with low business impact.,31,3,0.17,0.8,EdTech,LOW
Improve analytics reporting for Checkout,Improve analytics reporting for Checkout. This task will improve operational efficiency.,22,3,0.17,1.2,EdTech,MEDIUM
Audit failure in Marketing,Audit failure in Marketing. Failure to resolve may result in financial or reputational damage.,7,0,0.31,7.5,Fintech,HIGH
Security breach detected in Payment Gateway,Security breach detected in Payment Gateway. Failure to resolve may result in financial or reputational damage.,5,0,0.33,10.0,Healthcare,HIGH
Update dependency versions,Update dependency versions. Can be addressed during routine maintenance.,42,0,0.19,1.9,EdTech,LOW
Security breach detected in Payment Gateway,Security breach detected in Payment Gateway. This issue is affecting multiple stakeholders and requires immediate attention.,27,0,0.41,3.8,Healthcare,HIGH
Security breach detected in Frontend App,Security breach detected in Frontend App. Failure to resolve may result in financial or reputational damage.,15,17,0.48,9.9,Fintech,HIGH
Organize file structure,Organize file structure. This is a minor improvement with low business impact.,9,7,0.03,1.6,Fintech,LOW
Audit failure in Marketing,Audit failure in Marketing. Failure to resolve may result in financial or reputational damage.,5,16,0.9,9.5,AI Platform,HIGH
Optimize workflow in Marketing,Optimize workflow in Marketing. This task will improve operational efficiency.,33,7,0.41,2.3,Healthcare,MEDIUM
Enhance internal documentation,Enhance internal documentation. This is a minor improvement with low business impact.,63,2,0.05,0.7,AI Platform,LOW
Integrate new API into Reporting Service,Integrate new API into Reporting Service. Important for improving overall system quality.,27,4,0.48,2.7,AI Platform,MEDIUM
Improve analytics reporting for Search,Improve analytics reporting for Search. This enhancement supports ongoing optimization efforts.,12,8,0.04,3.0,EdTech,MEDIUM
System crash during Dashboard,System crash during Dashboard. Failure to resolve may result in financial or reputational damage.,22,15,0.79,9.8,AI Platform,HIGH
Compliance violation in Marketing,Compliance violation in Marketing. Failure to resolve may result in financial or reputational damage.,10,0,0.78,3.7,E-commerce,HIGH
Audit failure in Finance,Audit failure in Finance. Failure to resolve may result in financial or reputational damage.,-1,0,0.84,6.8,Fintech,HIGH
Audit failure in Sales,Audit failure in Sales. This issue is affecting multiple stakeholders and requires immediate attention.,4,10,0.74,8.9,Healthcare,HIGH
Improve formatting in Payment Gateway,Improve formatting in Payment Gateway. This is a minor improvement with low business impact.,26,0,0.12,0.4,SaaS,LOW
Security breach detected in Frontend App,Security breach detected in Frontend App. This task is blocking critical business operations.,15,0,0.21,8.5,Healthcare,HIGH
Improve analytics reporting for Profile,Improve analytics reporting for Profile. Important for improving overall system quality.,34,0,0.38,0.7,Fintech,MEDIUM
Enhance internal documentation,Enhance internal documentation. No immediate operational risk involved.,-1,4,0.12,1.3,EdTech,LOW
Upgrade billing process in Invoice Processing,Upgrade billing process in Invoice Processing. This enhancement supports ongoing optimization efforts.,32,11,0.07,0.5,Healthcare,MEDIUM
Improve analytics reporting for Profile,Improve analytics reporting for Profile. This task will improve operational efficiency.,-1,0,0.38,2.6,Healthcare,MEDIUM
Refactor codebase in Payment Gateway,Refactor codebase in Payment Gateway. This enhancement supports ongoing optimization efforts.,21,6,0.48,2.5,SaaS,MEDIUM
Minor UI alignment fix,Minor UI alignment fix. This is a minor improvement with low business impact.,-1,2,0.08,0.4,E-commerce,LOW
Compliance violation in Support,Compliance violation in Support. Failure to resolve may result in financial or reputational damage.,13,13,0.32,6.2,AI Platform,HIGH
Enhance internal documentation,Enhance internal documentation. Can be addressed during routine maintenance.,39,0,0.08,1.6,Healthcare,LOW
Cleanup unused resources,Cleanup unused resources. No immediate operational risk involved.,74,1,0.1,0.9,Healthcare,LOW
Implement new feature for Checkout,Implement new feature for Checkout. This enhancement supports ongoing optimization efforts.,18,7,0.22,1.4,AI Platform,MEDIUM
Update design theme slightly,Update design theme slightly. Can be addressed during routine maintenance.,50,0,0.0,1.7,EdTech,LOW
Compliance violation in Marketing,Compliance violation in Marketing. Failure to resolve may result in financial or reputational damage.,9,8,0.58,5.1,AI Platform,HIGH
Automate campaign tracking for Q4 Launch,Automate campaign tracking for Q4 Launch. This enhancement supports ongoing optimization efforts.,22,7,0.2,0.3,E-commerce,MEDIUM
Improve comments in codebase,Improve comments in codebase. This is a minor improvement with low business impact.,57,0,0.06,2.0,SaaS,LOW
Refactor codebase in Frontend App,Refactor codebase in Frontend App. This enhancement supports ongoing optimization efforts.,10,0,0.15,3.3,Healthcare,MEDIUM
Cleanup unused resources,Cleanup unused resources. No immediate operational risk involved.,33,7,0.12,1.7,EdTech,LOW
Production outage affecting User Service,Production outage affecting User Service. This issue is affecting multiple stakeholders and requires immediate attention.,12,10,0.26,8.5,E-commerce,HIGH
Security breach detected in Auth Service,Security breach detected in Auth Service. Failure to resolve may result in financial or reputational damage.,-1,15,0.22,2.5,Healthcare,HIGH
Implement new feature for Settings,Implement new feature for Settings. This task will improve operational efficiency.,32,11,0.22,3.5,AI Platform,MEDIUM
Update dependency versions,Update dependency versions. Can be addressed during routine maintenance.,34,3,0.12,0.3,AI Platform,LOW
Automate campaign tracking for Referral Program,Automate campaign tracking for Referral Program. This task will improve operational efficiency.,39,7,0.3,2.4,AI Platform,MEDIUM
Refactor codebase in Data Pipeline,Refactor codebase in Data Pipeline. This task will improve operational efficiency.,-1,11,0.17,2.6,Healthcare,MEDIUM
Critical issue in Backend API,Critical issue in Backend API. Failure to resolve may result in financial or reputational damage.,-1,0,0.37,8.5,AI Platform,HIGH
Automate campaign tracking for Black Friday Campaign,Automate campaign tracking for Black Friday Campaign. This enhancement supports ongoing optimization efforts.,7,4,0.27,3.6,Healthcare,MEDIUM
Enhance performance of Frontend App,Enhance performance of Frontend App. This task will improve operational efficiency.,12,4,0.22,2.4,E-commerce,MEDIUM
Implement new feature for Dashboard,Implement new feature for Dashboard. This task will improve operational efficiency.,13,0,0.34,1.5,EdTech,MEDIUM
Production outage affecting Inventory Service,Production outage affecting Inventory Service. Failure to resolve may result in financial or reputational damage.,4,15,0.73,3.0,E-commerce,HIGH
Fix minor typo in documentation,Fix minor typo in documentation. Can be addressed during routine maintenance.,27,0,0.06,1.4,SaaS,LOW
Update design theme slightly,Update design theme slightly. No immediate operational risk involved.,-1,7,0.19,0.4,Fintech,LOW
Compliance violation in Marketing,Compliance violation in Marketing. Failure to resolve may result in financial or reputational damage.,8,10,0.69,4.5,Healthcare,HIGH
Compliance violation in HR,Compliance violation in HR. This task is blocking critical business operations.,5,10,0.64,3.1,SaaS,HIGH
Organize file structure,Organize file structure. This is a minor improvement with low business impact.,-1,2,0.19,1.5,SaaS,LOW
Immediate rollback required for Data Pipeline,Immediate rollback required for Data Pipeline. This task is blocking critical business operations.,7,15,0.7,3.8,Healthcare,HIGH
Client escalation regarding Analytics,Client escalation regarding Analytics. This task is blocking critical business operations.,14,7,0.38,1.9,E-commerce,HIGH
Critical issue in Auth Service,Critical issue in Auth Service. Failure to resolve may result in financial or reputational damage.,-1,10,0.88,6.8,E-commerce,HIGH
Security breach detected in Auth Service,Security breach detected in Auth Service. Failure to resolve may result in financial or reputational damage.,4,0,0.26,6.6,Fintech,HIGH
Update dependency versions,Update dependency versions. Can be addressed during routine maintenance.,11,2,0.16,1.8,Healthcare,LOW
Automate campaign tracking for Referral Program,Automate campaign tracking for Referral Program. This enhancement supports ongoing optimization efforts.,39,0,0.39,1.3,SaaS,MEDIUM
Automate campaign tracking for Q4 Launch,Automate campaign tracking for Q4 Launch. This task will improve operational efficiency.,21,7,0.02,1.0,E-commerce,MEDIUM
Immediate rollback required for Data Pipeline,Immediate rollback required for Data Pipeline. This task is blocking critical business operations.,8,15,0.78,4.9,AI Platform,HIGH
Enhance UI for Dashboard,Enhance UI for Dashboard. This task will improve operational efficiency.,10,1,0.07,1.7,Healthcare,MEDIUM
Minor UI alignment fix,Minor UI alignment fix. Can be addressed during routine maintenance.,48,4,0.11,1.7,SaaS,LOW
Production outage affecting Reporting Service,Production outage affecting Reporting Service. Failure to resolve may result in financial or reputational damage.,8,4,0.58,7.6,Healthcare,HIGH
Production outage affecting User Service,Production outage affecting User Service. This issue is affecting multiple stakeholders and requires immediate attention.,25,0,0.65,9.8,Healthcare,HIGH
Production outage affecting Inventory Service,Production outage affecting Inventory Service. This task is blocking critical business operations.,20,6,0.75,4.4,E-commerce,HIGH
Production outage affecting User Service,Production outage affecting User Service. Failure to resolve may result in financial or reputational damage.,6,8,0.75,8.9,SaaS,HIGH
Update design theme slightly,Update design theme slightly. This is a minor improvement with low business impact.,21,0,0.11,2.0,SaaS,LOW
Enhance UI for Profile,Enhance UI for Profile. Important for improving overall system quality.,21,11,0.23,3.7,EdTech,MEDIUM
Automate campaign tracking for Black Friday Campaign,Automate campaign tracking for Black Friday Campaign. Important for improving overall system quality.,30,9,0.37,2.3,EdTech,MEDIUM
Enhance internal documentation,Enhance internal documentation. No immediate operational risk involved.,44,0,0.11,0.3,SaaS,LOW
Fix minor typo in documentation,Fix minor typo in documentation. This is a minor improvement with low business impact.,30,3,0.15,1.8,Fintech,LOW
Upgrade billing process in Budget Planning,Upgrade billing process in Budget Planning. Important for improving overall system quality.,20,10,0.34,0.0,E-commerce,MEDIUM
Automate campaign tracking for Email Automation,Automate campaign tracking for Email Automation. This enhancement supports ongoing optimization efforts.,-1,5,0.16,1.8,SaaS,MEDIUM
Minor UI alignment fix,Minor UI alignment fix. Can be addressed during routine maintenance.,71,2,0.03,0.6,SaaS,LOW
Improve comments in codebase,Improve comments in codebase. This is a minor improvement with low business impact.,35,6,0.08,1.4,Healthcare,LOW
Improve comments in codebase,Improve comments in codebase. No immediate operational risk involved.,10,0,0.07,0.3,AI Platform,LOW
Fix minor typo in documentation,Fix minor typo in documentation. Can be addressed during routine maintenance.,78,0,0.12,1.7,Healthcare,LOW
Improve analytics reporting for Login,Improve analytics reporting for Login. Important for improving overall system quality.,31,0,0.02,2.5,EdTech,MEDIUM
Optimize workflow in Support,Optimize workflow in Support. Important for improving overall system quality.,25,3,0.06,3.1,SaaS,MEDIUM
Revenue-impacting defect in Analytics,Revenue-impacting defect in Analytics. This task is blocking critical business operations.,6,7,0.89,3.0,Healthcare,HIGH
Payment failure reported by Government Client,Payment failure reported by Government Client. Failure to resolve may result in financial or reputational damage.,23,3,0.85,2.0,Fintech,HIGH
Refactor variable naming in Backend API,Refactor variable naming in Backend API. This is a minor improvement with low business impact.,51,0,0.18,0.4,AI Platform,LOW
Enhance performance of Data Pipeline,Enhance performance of Data Pipeline. This task will improve operational efficiency.,17,12,0.26,0.1,EdTech,MEDIUM
Update dependency versions,Update dependency versions. Can be addressed during routine maintenance.,63,9,0.07,1.7,Healthcare,LOW
Enhance UI for Settings,Enhance UI for Settings. Important for improving overall system quality.,12,6,0.21,1.8,Healthcare,MEDIUM
Improve comments in codebase,Improve comments in codebase. No immediate operational risk involved.,-1,7,0.02,0.7,EdTech,LOW
Enhance internal documentation,Enhance internal documentation. No immediate operational risk involved.,17,0,0.14,0.6,Healthcare,LOW
Organize file structure,Organize file structure. This is a minor improvement with low business impact.,-1,5,0.01,1.7,E-commerce,LOW
Improve formatting in Data Pipeline,Improve formatting in Data Pipeline. Can be addressed during routine maintenance.,-1,0,0.01,1.6,AI Platform,LOW
Improve analytics reporting for Settings,Improve analytics reporting for Settings. This enhancement supports ongoing optimization efforts.,-1,4,0.41,2.3,Healthcare,MEDIUM
Automate campaign tracking for Q4 Launch,Automate campaign tracking for Q4 Launch. This task will improve operational efficiency.,33,9,0.06,3.4,AI Platform,MEDIUM
Enhance UI for Dashboard,Enhance UI for Dashboard. Important for improving overall system quality.,-1,7,0.44,3.2,AI Platform,MEDIUM
Critical issue in Frontend App,Critical issue in Frontend App. This task is blocking critical business operations.,16,10,0.37,4.2,E-commerce,HIGH
Payment failure reported by Government Client,Payment failure reported by Government Client. This task is blocking critical business operations.,4,11,0.7,8.1,EdTech,HIGH
Improve analytics reporting for Settings,Improve analytics reporting for Settings. This task will improve operational efficiency.,22,9,0.13,3.6,E-commerce,MEDIUM
Refactor codebase in Auth Service,Refactor codebase in Auth Service. Important for improving overall system quality.,8,5,0.28,1.9,SaaS,MEDIUM
Production outage affecting Inventory Service,Production outage affecting Inventory Service. This issue is affecting multiple stakeholders and requires immediate attention.,2,0,0.65,8.4,E-commerce,HIGH
Refactor variable naming in Database,Refactor variable naming in Database. Can be addressed during routine maintenance.,16,7,0.01,1.9,Fintech,LOW
Update design theme slightly,Update design theme slightly. No immediate operational risk involved.,36,3,0.19,1.3,AI Platform,LOW
Security breach detected in Frontend App,Security breach detected in Frontend App. This issue is affecting multiple stakeholders and requires immediate attention.,-1,0,0.23,2.1,SaaS,HIGH
Refactor codebase in Payment Gateway,Refactor codebase in Payment Gateway. Important for improving overall system quality.,22,7,0.11,1.5,EdTech,MEDIUM
Integrate new API into User Service,Integrate new API into User Service. This task will improve operational efficiency.,25,0,0.17,2.7,EdTech,MEDIUM
Update design theme slightly,Update design theme slightly. Can be addressed during routine maintenance.,73,0,0.06,2.0,EdTech,LOW
Critical issue in Mobile App,Critical issue in Mobile App. Failure to resolve may result in financial or reputational damage.,8,14,0.23,2.4,E-commerce,HIGH
Audit failure in Marketing,Audit failure in Marketing. This task is blocking critical business operations.,7,13,0.36,1.5,EdTech,HIGH
Improve formatting in Mobile App,Improve formatting in Mobile App. Can be addressed during routine maintenance.,74,6,0.01,0.3,EdTech,LOW
Security breach detected in Data Pipeline,Security breach detected in Data Pipeline. Failure to resolve may result in financial or reputational damage.,1,0,0.28,4.7,Healthcare,HIGH
Security breach detected in Data Pipeline,Security breach detected in Data Pipeline. This issue is affecting multiple stakeholders and requires immediate attention.,9,10,0.58,10.0,EdTech,HIGH
Production outage affecting Reporting Service,Production outage affecting Reporting Service. This task is blocking critical business operations.,3,6,0.21,2.4,E-commerce,HIGH
Upgrade billing process in Budget Planning,Upgrade billing process in Budget Planning. This task will improve operational efficiency.,19,4,0.3,2.6,SaaS,MEDIUM
Compliance violation in Marketing,Compliance violation in Marketing. This issue is affecting multiple stakeholders and requires immediate attention.,6,0,0.41,8.3,Healthcare,HIGH
Improve comments in codebase,Improve comments in codebase. This is a minor improvement with low business impact.,40,6,0.14,0.3,EdTech,LOW
Upgrade billing process in Expense Audit,Upgrade billing process in Expense Audit. This task will improve operational efficiency.,11,0,0.11,3.4,EdTech,MEDIUM
Organize file structure,Organize file structure. No immediate operational risk involved.,11,6,0.11,1.0,EdTech,LOW
Immediate rollback required for Data Pipeline,Immediate rollback required for Data Pipeline. This issue is affecting multiple stakeholders and requires immediate attention.,3,10,0.37,3.9,EdTech,HIGH
Client escalation regarding Checkout,Client escalation regarding Checkout. Failure to resolve may result in financial or reputational damage.,-1,0,0.85,7.0,AI Platform,HIGH
Implement new feature for Analytics,Implement new feature for Analytics. This enhancement supports ongoing optimization efforts.,27,0,0.32,0.4,EdTech,MEDIUM
Update dependency versions,Update dependency versions. Can be addressed during routine maintenance.,26,0,0.19,0.6,Healthcare,LOW
Minor UI alignment fix,Minor UI alignment fix. Can be addressed during routine maintenance.,7,2,0.09,0.7,Fintech,LOW
Refactor variable naming in Mobile App,Refactor variable naming in Mobile App. Can be addressed during routine maintenance.,43,1,0.08,1.7,Fintech,LOW
Audit failure in Operations,Audit failure in Operations. Failure to resolve may result in financial or reputational damage.,15,13,0.74,7.8,AI Platform,HIGH
Optimize workflow in Marketing,Optimize workflow in Marketing. This task will improve operational efficiency.,37,0,0.03,3.0,AI Platform,MEDIUM
Refactor codebase in Data Pipeline,Refactor codebase in Data Pipeline. This task will improve operational efficiency.,36,0,0.04,3.3,E-commerce,MEDIUM
Enhance UI for Settings,Enhance UI for Settings. This task will improve operational efficiency.,-1,11,0.24,2.4,AI Platform,MEDIUM
Integrate new API into Billing Service,Integrate new API into Billing Service. This enhancement supports ongoing optimization efforts.,34,4,0.02,2.1,AI Platform,MEDIUM
Improve comments in codebase,Improve comments in codebase. This is a minor improvement with low business impact.,14,1,0.18,0.1,SaaS,LOW
Integrate new API into Billing Service,Integrate new API into Billing Service. This enhancement supports ongoing optimization efforts.,-1,7,0.42,1.9,AI Platform,MEDIUM
Refactor variable naming in Payment Gateway,Refactor variable naming in Payment Gateway. This is a minor improvement with low business impact.,-1,0,0.11,1.1,Fintech,LOW
Enhance UI for Search,Enhance UI for Search. This enhancement supports ongoing optimization efforts.,10,13,0.42,2.1,Fintech,MEDIUM
System crash during Search,System crash during Search. This issue is affecting multiple stakeholders and requires immediate attention.,5,14,0.43,4.2,AI Platform,HIGH
Update dependency versions,Update dependency versions. Can be addressed during routine maintenance.,37,0,0.06,1.0,Healthcare,LOW
Revenue-impacting defect in Profile,Revenue-impacting defect in Profile. Failure to resolve may result in financial or reputational damage.,1,0,0.61,9.7,SaaS,HIGH
Update design theme slightly,Update design theme slightly. Can be addressed during routine maintenance.,24,0,0.09,1.2,SaaS,LOW
Enhance internal documentation,Enhance internal documentation. No immediate operational risk involved.,59,2,0.1,1.6,Healthcare,LOW
Enhance internal documentation,Enhance internal documentation. Can be addressed during routine maintenance.,13,6,0.07,1.8,SaaS,LOW
Enhance UI for Search,Enhance UI for Search. This enhancement supports ongoing optimization efforts.,-1,5,0.04,2.3,E-commerce,MEDIUM
Revenue-impacting defect in Login,Revenue-impacting defect in Login. This task is blocking critical business operations.,9,10,0.88,3.7,E-commerce,HIGH
System crash during Search,System crash during Search. This task is blocking critical business operations.,-1,0,0.89,2.3,SaaS,HIGH
System crash during Login,System crash during Login. This issue is affecting multiple stakeholders and requires immediate attention.,9,15,0.42,9.8,E-commerce,HIGH
System crash during Settings,System crash during Settings. This task is blocking critical business operations.,10,10,0.26,3.5,Fintech,HIGH
Implement new feature for Login,Implement new feature for Login. Important for improving overall system quality.,-1,6,0.47,3.6,Fintech,MEDIUM
Refactor codebase in Data Pipeline,Refactor codebase in Data Pipeline. Important for improving overall system quality.,34,0,0.48,1.0,SaaS,MEDIUM
Enhance performance of Backend API,Enhance performance of Backend API. This enhancement supports ongoing optimization efforts.,7,0,0.48,1.8,Healthcare,MEDIUM
Immediate rollback required for Mobile App,Immediate rollback required for Mobile App. This task is blocking critical business operations.,20,8,0.27,5.7,Healthcare,HIGH
Automate campaign tracking for Q4 Launch,Automate campaign tracking for Q4 Launch. This enhancement supports ongoing optimization efforts.,22,0,0.3,2.5,SaaS,MEDIUM
Immediate rollback required for Database,Immediate rollback required for Database. Failure to resolve may result in financial or reputational damage.,14,8,0.49,1.9,E-commerce,HIGH
System crash during Dashboard,System crash during Dashboard. Failure to resolve may result in financial or reputational damage.,5,11,0.74,3.7,AI Platform,HIGH
Organize file structure,Organize file structure. Can be addressed during routine maintenance.,26,3,0.01,1.2,Fintech,LOW
Refactor variable naming in Data Pipeline,Refactor variable naming in Data Pipeline. No immediate operational risk involved.,37,0,0.11,1.0,EdTech,LOW
Enhance UI for Settings,Enhance UI for Settings. Important for improving overall system quality.,32,12,0.4,2.2,E-commerce,MEDIUM
System crash during Login,System crash during Login. This task is blocking critical business operations.,12,10,0.67,2.9,SaaS,HIGH
Refactor variable naming in Frontend App,Refactor variable naming in Frontend App. No immediate operational risk involved.,15,0,0.19,0.7,SaaS,LOW
Automate campaign tracking for Email Automation,Automate campaign tracking for Email Automation. This task will improve operational efficiency.,21,11,0.11,1.6,SaaS,MEDIUM
Update design theme slightly,Update design theme slightly. This is a minor improvement with low business impact.,-1,1,0.1,0.5,SaaS,LOW
Improve onboarding process for Recruitment Drive,Improve onboarding process for Recruitment Drive. This task will improve operational efficiency.,-1,4,0.21,2.0,AI Platform,MEDIUM
Improve analytics reporting for Login,Improve analytics reporting for Login. This task will improve operational efficiency.,7,5,0.33,3.8,SaaS,MEDIUM
Update design theme slightly,Update design theme slightly. No immediate operational risk involved.,-1,4,0.03,1.4,SaaS,LOW
Audit failure in Finance,Audit failure in Finance. This task is blocking critical business operations.,7,0,0.4,3.4,Healthcare,HIGH
Update design theme slightly,Update design theme slightly. Can be addressed during routine maintenance.,-1,1,0.03,1.5,EdTech,LOW
Optimize workflow in Support,Optimize workflow in Support. Important for improving overall system quality.,13,0,0.46,2.7,E-commerce,MEDIUM
Improve comments in codebase,Improve comments in codebase. This is a minor improvement with low business impact.,9,0,0.07,0.4,EdTech,LOW
Automate campaign tracking for Black Friday Campaign,Automate campaign tracking for Black Friday Campaign. Important for improving overall system quality.,-1,2,0.49,1.7,SaaS,MEDIUM
Upgrade billing process in Budget Planning,Upgrade billing process in Budget Planning. This enhancement supports ongoing optimization efforts.,-1,9,0.33,3.9,SaaS,MEDIUM
Payment failure reported by Enterprise Client,Payment failure reported by Enterprise Client. Failure to resolve may result in financial or reputational damage.,9,15,0.79,8.0,SaaS,HIGH
Optimize workflow in Marketing,Optimize workflow in Marketing. This task will improve operational efficiency.,25,7,0.3,0.5,SaaS,MEDIUM
Improve comments in codebase,Improve comments in codebase. No immediate operational risk involved.,28,0,0.12,1.3,Fintech,LOW
Optimize workflow in Operations,Optimize workflow in Operations. This enhancement supports ongoing optimization efforts.,25,5,0.32,3.1,Fintech,MEDIUM
Refactor codebase in Frontend App,Refactor codebase in Frontend App. This enhancement supports ongoing optimization efforts.,14,0,0.03,1.7,AI Platform,MEDIUM
Integrate new API into Billing Service,Integrate new API into Billing Service. Important for improving overall system quality.,23,4,0.31,0.6,E-commerce,MEDIUM
Compliance violation in HR,Compliance violation in HR. This issue is affecting multiple stakeholders and requires immediate attention.,7,11,0.29,6.3,AI Platform,HIGH
Enhance performance of Database,Enhance performance of Database. This task will improve operational efficiency.,21,0,0.44,0.6,Healthcare,MEDIUM
Refactor variable naming in Database,Refactor variable naming in Database. Can be addressed during routine maintenance.,24,3,0.11,1.5,Fintech,LOW
Immediate rollback required for Auth Service,Immediate rollback required for Auth Service. Failure to resolve may result in financial or reputational damage.,13,0,0.24,2.3,SaaS,HIGH
Enhance performance of Database,Enhance performance of Database. This enhancement supports ongoing optimization efforts.,34,0,0.46,3.5,Healthcare,MEDIUM
Minor UI alignment fix,Minor UI alignment fix. This is a minor improvement with low business impact.,36,2,0.02,1.5,AI Platform,LOW
Revenue-impacting defect in Dashboard,Revenue-impacting defect in Dashboard. This task is blocking critical business operations.,9,0,0.72,4.7,SaaS,HIGH
Optimize workflow in Marketing,Optimize workflow in Marketing. This enhancement supports ongoing optimization efforts.,-1,5,0.14,2.9,EdTech,MEDIUM
Cleanup unused resources,Cleanup unused resources. This is a minor improvement with low business impact.,32,6,0.08,2.0,AI Platform,LOW
Security breach detected in Frontend App,Security breach detected in Frontend App. Failure to resolve may result in financial or reputational damage.,4,1,0.76,8.9,Fintech,HIGH
Client escalation regarding Login,Client escalation regarding Login. Failure to resolve may result in financial or reputational damage.,4,12,0.65,1.7,Fintech,HIGH
Security breach detected in Data Pipeline,Security breach detected in Data Pipeline. This task is blocking critical business operations.,1,8,0.34,9.2,Healthcare,HIGH
Client escalation regarding Dashboard,Client escalation regarding Dashboard. Failure to resolve may result in financial or reputational damage.,9,3,0.78,7.1,Healthcare,HIGH
Refactor codebase in Database,Refactor codebase in Database. This task will improve operational efficiency.,18,7,0.38,2.9,E-commerce,MEDIUM
Implement new feature for Dashboard,Implement new feature for Dashboard. This enhancement supports ongoing optimization efforts.,18,7,0.29,1.8,Fintech,MEDIUM
Enhance internal documentation,Enhance internal documentation. Can be addressed during routine maintenance.,-1,4,0.17,0.1,SaaS,LOW
Production outage affecting Inventory Service,Production outage affecting Inventory Service. This task is blocking critical business operations.,5,8,0.32,6.9,SaaS,HIGH
Enhance performance of Auth Service,Enhance performance of Auth Service. Important for improving overall system quality.,-1,10,0.0,0.5,E-commerce,MEDIUM
Improve onboarding process for Payroll Review,Improve onboarding process for Payroll Review. This enhancement supports ongoing optimization efforts.,27,12,0.37,3.1,AI Platform,MEDIUM
Organize file structure,Organize file structure. Can be addressed during routine maintenance.,-1,3,0.17,0.6,E-commerce,LOW
Security breach detected in Auth Service,Security breach detected in Auth Service. This issue is affecting multiple stakeholders and requires immediate attention.,6,10,0.41,2.9,E-commerce,HIGH
Refactor variable naming in Frontend App,Refactor variable naming in Frontend App. No immediate operational risk involved.,46,0,0.06,0.7,E-commerce,LOW
Revenue-impacting defect in Checkout,Revenue-impacting defect in Checkout. Failure to resolve may result in financial or reputational damage.,13,6,0.72,7.8,AI Platform,HIGH
Immediate rollback required for Payment Gateway,Immediate rollback required for Payment Gateway. This issue is affecting multiple stakeholders and requires immediate attention.,16,0,0.69,1.8,SaaS,HIGH
Improve onboarding process for Payroll Review,Improve onboarding process for Payroll Review. This task will improve operational efficiency.,-1,11,0.45,2.3,AI Platform,MEDIUM
Revenue-impacting defect in Checkout,Revenue-impacting defect in Checkout. Failure to resolve may result in financial or reputational damage.,10,11,0.4,8.3,Healthcare,HIGH
Immediate rollback required for Database,Immediate rollback required for Database. Failure to resolve may result in financial or reputational damage.,14,0,0.62,5.9,E-commerce,HIGH
Enhance UI for Profile,Enhance UI for Profile. Important for improving overall system quality.,9,0,0.1,0.4,AI Platform,MEDIUM
Improve comments in codebase,Improve comments in codebase. Can be addressed during routine maintenance.,-1,1,0.19,0.3,Healthcare,LOW
Fix minor typo in documentation,Fix minor typo in documentation. This is a minor improvement with low business impact.,53,6,0.08,0.6,EdTech,LOW
Client escalation regarding Settings,Client escalation regarding Settings. Failure to resolve may result in financial or reputational damage.,4,13,0.76,8.9,AI Platform,HIGH
Enhance UI for Search,Enhance UI for Search. Important for improving overall system quality.,34,4,0.29,1.3,E-commerce,MEDIUM
Improve analytics reporting for Settings,Improve analytics reporting for Settings. This enhancement supports ongoing optimization efforts.,15,6,0.09,2.8,Fintech,MEDIUM
Fix minor typo in documentation,Fix minor typo in documentation. No immediate operational risk involved.,54,2,0.12,0.8,SaaS,LOW
Fix minor typo in documentation,Fix minor typo in documentation. This is a minor improvement with low business impact.,60,1,0.05,0.8,EdTech,LOW
Enhance performance of Frontend App,Enhance performance of Frontend App. This task will improve operational efficiency.,14,2,0.17,3.3,SaaS,MEDIUM
Refactor codebase in Database,Refactor codebase in Database. Important for improving overall system quality.,12,3,0.04,2.2,EdTech,MEDIUM
Minor UI alignment fix,Minor UI alignment fix. This is a minor improvement with low business impact.,71,3,0.13,0.5,AI Platform,LOW
Automate campaign tracking for Email Automation,Automate campaign tracking for Email Automation. This enhancement supports ongoing optimization efforts.,8,0,0.36,3.5,Healthcare,MEDIUM
Automate campaign tracking for Black Friday Campaign,Automate campaign tracking for Black Friday Campaign. This enhancement supports ongoing optimization efforts.,26,0,0.19,3.5,SaaS,MEDIUM
Automate campaign tracking for Q4 Launch,Automate campaign tracking for Q4 Launch. This enhancement supports ongoing optimization efforts.,6,6,0.21,1.3,E-commerce,MEDIUM
Refactor codebase in Backend API,Refactor codebase in Backend API. This enhancement supports ongoing optimization efforts.,6,0,0.26,4.0,AI Platform,MEDIUM
Payment failure reported by Government Client,Payment failure reported by Government Client. Failure to resolve may result in financial or reputational damage.,-1,5,0.23,8.5,Fintech,HIGH
Implement new feature for Settings,Implement new feature for Settings. This task will improve operational efficiency.,5,9,0.16,3.9,EdTech,MEDIUM
Immediate rollback required for Data Pipeline,Immediate rollback required for Data Pipeline. Failure to resolve may result in financial or reputational damage.,6,0,0.55,4.9,EdTech,HIGH
Integrate new API into Reporting Service,Integrate new API into Reporting Service. This enhancement supports ongoing optimization efforts.,29,6,0.36,1.4,AI Platform,MEDIUM
Optimize workflow in Operations,Optimize workflow in Operations. This task will improve operational efficiency.,22,8,0.16,2.9,AI Platform,MEDIUM
Refactor variable naming in Database,Refactor variable naming in Database. This is a minor improvement with low business impact.,-1,8,0.14,1.0,SaaS,LOW
Fix minor typo in documentation,Fix minor typo in documentation. This is a minor improvement with low business impact.,-1,2,0.2,0.9,SaaS,LOW
Production outage affecting Notification Service,Production outage affecting Notification Service. This issue is affecting multiple stakeholders and requires immediate attention.,3,8,0.4,7.9,Fintech,HIGH
Enhance internal documentation,Enhance internal documentation. No immediate operational risk involved.,31,7,0.13,0.8,Fintech,LOW
Payment failure reported by Government Client,Payment failure reported by Government Client. This issue is affecting multiple stakeholders and requires immediate attention.,1,0,0.65,2.4,AI Platform,HIGH
Security breach detected in Frontend App,Security breach detected in Frontend App. Failure to resolve may result in financial or reputational damage.,14,0,0.84,5.3,E-commerce,HIGH
Refactor variable naming in Frontend App,Refactor variable naming in Frontend App. This is a minor improvement with low business impact.,62,9,0.02,1.7,AI Platform,LOW
Implement new feature for Dashboard,Implement new feature for Dashboard. Important for improving overall system quality.,22,4,0.36,0.8,E-commerce,MEDIUM
Enhance internal documentation,Enhance internal documentation. No immediate operational risk involved.,37,4,0.06,1.1,EdTech,LOW
Enhance performance of Database,Enhance performance of Database. Important for improving overall system quality.,20,3,0.27,0.8,E-commerce,MEDIUM
Update dependency versions,Update dependency versions. This is a minor improvement with low business impact.,36,0,0.01,0.5,SaaS,LOW
Update design theme slightly,Update design theme slightly. This is a minor improvement with low business impact.,44,5,0.06,0.9,AI Platform,LOW
Minor UI alignment fix,Minor UI alignment fix. No immediate operational risk involved.,-1,0,0.09,0.7,SaaS,LOW
Automate campaign tracking for Q4 Launch,Automate campaign tracking for Q4 Launch. Important for improving overall system quality.,-1,10,0.47,0.5,Healthcare,MEDIUM
Improve formatting in Data Pipeline,Improve formatting in Data Pipeline. This is a minor improvement with low business impact.,79,6,0.07,1.5,SaaS,LOW
Update design theme slightly,Update design theme slightly. Can be addressed during routine maintenance.,15,0,0.09,1.5,SaaS,LOW
Automate campaign tracking for Referral Program,Automate campaign tracking for Referral Program. This task will improve operational efficiency.,10,13,0.12,3.0,SaaS,MEDIUM
Integrate new API into User Service,Integrate new API into User Service. This task will improve operational efficiency.,35,1,0.04,0.8,AI Platform,MEDIUM
Compliance violation in Finance,Compliance violation in Finance. This issue is affecting multiple stakeholders and requires immediate attention.,8,7,0.64,4.8,E-commerce,HIGH
Improve analytics reporting for Search,Improve analytics reporting for Search. This task will improve operational efficiency.,8,13,0.42,1.6,Healthcare,MEDIUM
Enhance performance of Data Pipeline,Enhance performance of Data Pipeline. This task will improve operational efficiency.,27,9,0.05,3.0,E-commerce,MEDIUM
Upgrade billing process in Invoice Processing,Upgrade billing process in Invoice Processing. This task will improve operational efficiency.,-1,7,0.39,3.2,EdTech,MEDIUM
Client escalation regarding Profile,Client escalation regarding Profile. This task is blocking critical business operations.,15,0,0.68,3.9,EdTech,HIGH
Optimize workflow in Operations,Optimize workflow in Operations. This task will improve operational efficiency.,16,5,0.04,1.7,EdTech,MEDIUM
Organize file structure,Organize file structure. This is a minor improvement with low business impact.,41,2,0.07,0.6,EdTech,LOW
Optimize workflow in Sales,Optimize workflow in Sales. This enhancement supports ongoing optimization efforts.,-1,4,0.09,1.8,Fintech,MEDIUM
Automate campaign tracking for Q4 Launch,Automate campaign tracking for Q4 Launch. Important for improving overall system quality.,-1,1,0.12,3.3,E-commerce,MEDIUM
Enhance UI for Settings,Enhance UI for Settings. This enhancement supports ongoing optimization efforts.,24,5,0.27,2.6,E-commerce,MEDIUM
Improve analytics reporting for Dashboard,Improve analytics reporting for Dashboard. This enhancement supports ongoing optimization efforts.,25,8,0.02,1.0,Healthcare,MEDIUM
Update dependency versions,Update dependency versions. No immediate operational risk involved.,39,6,0.05,0.1,AI Platform,LOW
Upgrade billing process in Expense Audit,Upgrade billing process in Expense Audit. This task will improve operational efficiency.,13,12,0.14,3.7,SaaS,MEDIUM
Refactor codebase in Auth Service,Refactor codebase in Auth Service. This task will improve operational efficiency.,6,7,0.46,3.0,AI Platform,MEDIUM
Compliance violation in Finance,Compliance violation in Finance. Failure to resolve may result in financial or reputational damage.,8,13,0.62,6.5,Healthcare,HIGH
Organize file structure,Organize file structure. No immediate operational risk involved.,40,7,0.17,1.9,Fintech,LOW
Update dependency versions,Update dependency versions. This is a minor improvement with low business impact.,17,0,0.03,1.3,Healthcare,LOW
Payment failure reported by Government Client,Payment failure reported by Government Client. This issue is affecting multiple stakeholders and requires immediate attention.,15,1,0.81,5.1,Fintech,HIGH
Improve formatting in Frontend App,Improve formatting in Frontend App. This is a minor improvement with low business impact.,53,2,0.03,1.7,AI Platform,LOW
Enhance internal documentation,Enhance internal documentation. This is a minor improvement with low business impact.,1,5,0.14,2.0,Fintech,LOW
Immediate rollback required for Backend API,Immediate rollback required for Backend API. This issue is affecting multiple stakeholders and requires immediate attention.,19,0,0.75,7.1,E-commerce,HIGH
Update dependency versions,Update dependency versions. This is a minor improvement with low business impact.,-1,0,0.09,0.6,Healthcare,LOW
Audit failure in Sales,Audit failure in Sales. This issue is affecting multiple stakeholders and requires immediate attention.,5,11,0.63,3.5,EdTech,HIGH
Enhance internal documentation,Enhance internal documentation. Can be addressed during routine maintenance.,40,6,0.18,0.4,E-commerce,LOW
Enhance UI for Settings,Enhance UI for Settings. Important for improving overall system quality.,14,0,0.41,3.3,EdTech,MEDIUM
Optimize workflow in Operations,Optimize workflow in Operations. This enhancement supports ongoing optimization efforts.,-1,0,0.29,0.9,SaaS,MEDIUM
Compliance violation in HR,Compliance violation in HR. This issue is affecting multiple stakeholders and requires immediate attention.,13,0,0.2,5.2,Fintech,HIGH
Production outage affecting Notification Service,Production outage affecting Notification Service. This issue is affecting multiple stakeholders and requires immediate attention.,8,4,0.57,7.5,AI Platform,HIGH
Payment failure reported by Startup Client,Payment failure reported by Startup Client. This task is blocking critical business operations.,13,7,0.42,6.3,E-commerce,HIGH
System crash during Login,System crash during Login. This task is blocking critical business operations.,5,15,0.69,6.5,AI Platform,HIGH
Improve formatting in Payment Gateway,Improve formatting in Payment Gateway. No immediate operational risk involved.,51,0,0.11,1.4,Healthcare,LOW
Improve comments in codebase,Improve comments in codebase. Can be addressed during routine maintenance.,17,6,0.16,0.3,Healthcare,LOW
Production outage affecting Notification Service,Production outage affecting Notification Service. This issue is affecting multiple stakeholders and requires immediate attention.,-1,16,0.61,5.6,EdTech,HIGH
Integrate new API into Billing Service,Integrate new API into Billing Service. This task will improve operational efficiency.,36,0,0.08,3.0,EdTech,MEDIUM
Cleanup unused resources,Cleanup unused resources. This is a minor improvement with low business impact.,-1,0,0.08,1.5,Healthcare,LOW
Update design theme slightly,Update design theme slightly. Can be addressed during routine maintenance.,39,3,0.18,1.5,E-commerce,LOW
Implement new feature for Analytics,Implement new feature for Analytics. This task will improve operational efficiency.,24,0,0.28,1.8,SaaS,MEDIUM
Update design theme slightly,Update design theme slightly. Can be addressed during routine maintenance.,-1,4,0.06,1.1,Fintech,LOW
Improve formatting in Frontend App,Improve formatting in Frontend App. Can be addressed during routine maintenance.,28,1,0.08,1.7,E-commerce,LOW
Enhance performance of Data Pipeline,Enhance performance of Data Pipeline. This enhancement supports ongoing optimization efforts.,24,0,0.26,1.7,SaaS,MEDIUM
Improve comments in codebase,Improve comments in codebase. No immediate operational risk involved.,34,0,0.01,0.9,AI Platform,LOW
Payment failure reported by Startup Client,Payment failure reported by Startup Client. Failure to resolve may result in financial or reputational damage.,4,12,0.62,5.6,E-commerce,HIGH
Update design theme slightly,Update design theme slightly. No immediate operational risk involved.,46,2,0.03,1.7,E-commerce,LOW
Production outage affecting User Service,Production outage affecting User Service. Failure to resolve may result in financial or reputational damage.,15,11,0.67,6.1,E-commerce,HIGH
Critical issue in Frontend App,Critical issue in Frontend App. Failure to resolve may result in financial or reputational damage.,-1,10,0.53,9.8,SaaS,HIGH
Fix minor typo in documentation,Fix minor typo in documentation. Can be addressed during routine maintenance.,7,7,0.19,1.8,SaaS,LOW
Upgrade billing process in Expense Audit,Upgrade billing process in Expense Audit. This enhancement supports ongoing optimization efforts.,10,0,0.12,2.8,EdTech,MEDIUM
Update design theme slightly,Update design theme slightly. This is a minor improvement with low business impact.,74,5,0.08,1.0,E-commerce,LOW
Client escalation regarding Profile,Client escalation regarding Profile. This issue is affecting multiple stakeholders and requires immediate attention.,-1,9,0.35,3.6,E-commerce,HIGH
Enhance internal documentation,Enhance internal documentation. No immediate operational risk involved.,71,6,0.14,0.4,Healthcare,LOW
Improve analytics reporting for Checkout,Improve analytics reporting for Checkout. This enhancement supports ongoing optimization efforts.,21,4,0.09,3.0,AI Platform,MEDIUM
Fix minor typo in documentation,Fix minor typo in documentation. This is a minor improvement with low business impact.,43,1,0.17,0.2,Healthcare,LOW
Production outage affecting Billing Service,Production outage affecting Billing Service. Failure to resolve may result in financial or reputational damage.,13,11,0.23,6.5,AI Platform,HIGH
Cleanup unused resources,Cleanup unused resources. Can be addressed during routine maintenance.,25,0,0.07,1.0,Fintech,LOW
Improve formatting in Backend API,Improve formatting in Backend API. Can be addressed during routine maintenance.,55,2,0.17,1.2,E-commerce,LOW
Security breach detected in Auth Service,Security breach detected in Auth Service. This issue is affecting multiple stakeholders and requires immediate attention.,-1,0,0.49,8.9,AI Platform,HIGH
Refactor variable naming in Backend API,Refactor variable naming in Backend API. Can be addressed during routine maintenance.,63,3,0.06,0.3,E-commerce,LOW
Compliance violation in Finance,Compliance violation in Finance. Failure to resolve may result in financial or reputational damage.,-1,6,0.33,1.6,AI Platform,HIGH
Improve formatting in Database,Improve formatting in Database. This is a minor improvement with low business impact.,30,2,0.13,0.1,EdTech,LOW
Minor UI alignment fix,Minor UI alignment fix. No immediate operational risk involved.,-1,4,0.11,0.4,Healthcare,LOW
Upgrade billing process in Expense Audit,Upgrade billing process in Expense Audit. Important for improving overall system quality.,21,9,0.23,0.0,EdTech,MEDIUM
Refactor variable naming in Backend API,Refactor variable naming in Backend API. Can be addressed during routine maintenance.,38,1,0.17,1.9,E-commerce,LOW
System crash during Search,System crash during Search. Failure to resolve may result in financial or reputational damage.,18,7,0.62,4.8,Fintech,HIGH
Refactor variable naming in Mobile App,Refactor variable naming in Mobile App. No immediate operational risk involved.,-1,6,0.07,1.0,Healthcare,LOW
Security breach detected in Payment Gateway,Security breach detected in Payment Gateway. Failure to resolve may result in financial or reputational damage.,-1,6,0.58,8.5,Fintech,HIGH
Upgrade billing process in Invoice Processing,Upgrade billing process in Invoice Processing. Important for improving overall system quality.,20,7,0.18,3.4,E-commerce,MEDIUM
Minor UI alignment fix,Minor UI alignment fix. This is a minor improvement with low business impact.,26,2,0.13,0.6,SaaS,LOW
Refactor variable naming in Data Pipeline,Refactor variable naming in Data Pipeline. No immediate operational risk involved.,49,5,0.08,0.8,EdTech,LOW
Enhance internal documentation,Enhance internal documentation. Can be addressed during routine maintenance.,39,2,0.02,1.6,EdTech,LOW
Enhance performance of Mobile App,Enhance performance of Mobile App. This enhancement supports ongoing optimization efforts.,24,6,0.09,0.4,EdTech,MEDIUM
Improve analytics reporting for Login,Improve analytics reporting for Login. This task will improve operational efficiency.,-1,5,0.0,3.9,Fintech,MEDIUM
Immediate rollback required for Backend API,Immediate rollback required for Backend API. This issue is affecting multiple stakeholders and requires immediate attention.,12,8,0.84,1.9,AI Platform,HIGH
Immediate rollback required for Payment Gateway,Immediate rollback required for Payment Gateway. This task is blocking critical business operations.,8,18,0.2,2.6,EdTech,HIGH
Production outage affecting User Service,Production outage affecting User Service. Failure to resolve may result in financial or reputational damage.,20,0,0.6,6.1,Healthcare,HIGH
Payment failure reported by Startup Client,Payment failure reported by Startup Client. Failure to resolve may result in financial or reputational damage.,9,7,0.41,2.9,Fintech,HIGH
System crash during Dashboard,System crash during Dashboard. This task is blocking critical business operations.,-1,7,0.34,10.0,SaaS,HIGH
Audit failure in Marketing,Audit failure in Marketing. Failure to resolve may result in financial or reputational damage.,-1,3,0.66,7.6,Fintech,HIGH
Refactor variable naming in Auth Service,Refactor variable naming in Auth Service. This is a minor improvement with low business impact.,60,0,0.18,0.5,AI Platform,LOW
Improve comments in codebase,Improve comments in codebase. No immediate operational risk involved.,43,2,0.17,0.9,Healthcare,LOW
Client escalation regarding Profile,Client escalation regarding Profile. Failure to resolve may result in financial or reputational damage.,6,0,0.6,1.8,EdTech,HIGH
Enhance UI for Settings,Enhance UI for Settings. This task will improve operational efficiency.,5,13,0.24,4.0,Healthcare,MEDIUM
Production outage affecting User Service,Production outage affecting User Service. This issue is affecting multiple stakeholders and requires immediate attention.,9,11,0.36,9.5,SaaS,HIGH
Critical issue in Frontend App,Critical issue in Frontend App. This task is blocking critical business operations.,8,11,0.29,5.1,EdTech,HIGH
Automate campaign tracking for Email Automation,Automate campaign tracking for Email Automation. This task will improve operational efficiency.,13,1,0.03,2.3,AI Platform,MEDIUM
Immediate rollback required for Database,Immediate rollback required for Database. Failure to resolve may result in financial or reputational damage.,-1,14,0.33,1.6,E-commerce,HIGH
Implement new feature for Dashboard,Implement new feature for Dashboard. Important for improving overall system quality.,43,1,0.35,3.2,AI Platform,MEDIUM
Optimize workflow in Marketing,Optimize workflow in Marketing. This task will improve operational efficiency.,26,0,0.38,2.5,Healthcare,MEDIUM
Update dependency versions,Update dependency versions. This is a minor improvement with low business impact.,71,0,0.09,1.9,E-commerce,LOW
Minor UI alignment fix,Minor UI alignment fix. No immediate operational risk involved.,19,0,0.06,1.4,SaaS,LOW
Critical issue in Database,Critical issue in Database. This task is blocking critical business operations.,22,0,0.68,2.4,SaaS,HIGH
Payment failure reported by Government Client,Payment failure reported by Government Client. This task is blocking critical business operations.,11,17,0.82,6.1,E-commerce,HIGH
Client escalation regarding Checkout,Client escalation regarding Checkout. This task is blocking critical business operations.,11,13,0.41,9.7,E-commerce,HIGH
Integrate new API into Billing Service,Integrate new API into Billing Service. Important for improving overall system quality.,37,0,0.42,2.9,EdTech,MEDIUM
Improve formatting in Payment Gateway,Improve formatting in Payment Gateway. No immediate operational risk involved.,25,3,0.11,0.5,E-commerce,LOW
Client escalation regarding Profile,Client escalation regarding Profile. Failure to resolve may result in financial or reputational damage.,-1,11,0.83,4.0,E-commerce,HIGH
Payment failure reported by Premium Customer,Payment failure reported by Premium Customer. Failure to resolve may result in financial or reputational damage.,-1,4,0.36,9.5,SaaS,HIGH
Implement new feature for Settings,Implement new feature for Settings. This enhancement supports ongoing optimization efforts.,-1,13,0.16,1.7,Fintech,MEDIUM
Compliance violation in Support,Compliance violation in Support. This task is blocking critical business operations.,15,10,0.58,9.2,Fintech,HIGH
Improve formatting in Payment Gateway,Improve formatting in Payment Gateway. This is a minor improvement with low business impact.,-1,7,0.19,1.8,Healthcare,LOW
Enhance performance of Mobile App,Enhance performance of Mobile App. This task will improve operational efficiency.,23,5,0.01,3.6,AI Platform,MEDIUM
Critical issue in Data Pipeline,Critical issue in Data Pipeline. Failure to resolve may result in financial or reputational damage.,4,0,0.6,2.9,AI Platform,HIGH
Cleanup unused resources,Cleanup unused resources. This is a minor improvement with low business impact.,18,7,0.04,0.7,Healthcare,LOW
Update dependency versions,Update dependency versions. This is a minor improvement with low business impact.,68,0,0.18,0.9,Fintech,LOW
Revenue-impacting defect in Settings,Revenue-impacting defect in Settings. This task is blocking critical business operations.,17,15,0.51,8.3,Healthcare,HIGH
Improve comments in codebase,Improve comments in codebase. Can be addressed during routine maintenance.,18,0,0.08,1.8,E-commerce,LOW
Improve analytics reporting for Search,Improve analytics reporting for Search. This task will improve operational efficiency.,16,3,0.23,2.1,E-commerce,MEDIUM
Audit failure in Marketing,Audit failure in Marketing. This task is blocking critical business operations.,4,10,0.39,2.9,SaaS,HIGH
Immediate rollback required for Auth Service,Immediate rollback required for Auth Service. Failure to resolve may result in financial or reputational damage.,12,10,0.57,4.4,EdTech,HIGH
Refactor codebase in Backend API,Refactor codebase in Backend API. Important for improving overall system quality.,23,0,0.03,1.4,E-commerce,MEDIUM
Organize file structure,Organize file structure. No immediate operational risk involved.,39,2,0.1,1.9,EdTech,LOW
Enhance internal documentation,Enhance internal documentation. Can be addressed during routine maintenance.,24,3,0.08,1.7,Healthcare,LOW
Update design theme slightly,Update design theme slightly. This is a minor improvement with low business impact.,-1,3,0.07,0.3,Fintech,LOW
Enhance UI for Checkout,Enhance UI for Checkout. This enhancement supports ongoing optimization efforts.,23,8,0.22,2.7,Fintech,MEDIUM
Improve formatting in Payment Gateway,Improve formatting in Payment Gateway. This is a minor improvement with low business impact.,-1,0,0.0,0.1,Fintech,LOW
Production outage affecting User Service,Production outage affecting User Service. This task is blocking critical business operations.,17,0,0.63,8.3,Fintech,HIGH
System crash during Analytics,System crash during Analytics. This issue is affecting multiple stakeholders and requires immediate attention.,6,5,0.43,1.9,Healthcare,HIGH
Enhance performance of Mobile App,Enhance performance of Mobile App. This enhancement supports ongoing optimization efforts.,5,5,0.15,1.6,Fintech,MEDIUM
Automate campaign tracking for Black Friday Campaign,Automate campaign tracking for Black Friday Campaign. This task will improve operational efficiency.,14,0,0.35,1.6,E-commerce,MEDIUM
System crash during Search,System crash during Search. This task is blocking critical business operations.,5,15,0.29,1.9,E-commerce,HIGH
Organize file structure,Organize file structure. Can be addressed during routine maintenance.,47,0,0.16,1.0,EdTech,LOW
Upgrade billing process in Expense Audit,Upgrade billing process in Expense Audit. This enhancement supports ongoing optimization efforts.,8,0,0.18,1.1,EdTech,MEDIUM
Improve analytics reporting for Analytics,Improve analytics reporting for Analytics. This task will improve operational efficiency.,-1,0,0.08,3.2,EdTech,MEDIUM
Optimize workflow in Support,Optimize workflow in Support. This enhancement supports ongoing optimization efforts.,-1,4,0.08,0.6,SaaS,MEDIUM
System crash during Dashboard,System crash during Dashboard. This issue is affecting multiple stakeholders and requires immediate attention.,-1,0,0.42,8.9,E-commerce,HIGH
Improve formatting in Backend API,Improve formatting in Backend API. No immediate operational risk involved.,21,0,0.18,0.4,Fintech,LOW
Production outage affecting Reporting Service,Production outage affecting Reporting Service. This issue is affecting multiple stakeholders and requires immediate attention.,-1,0,0.4,4.0,SaaS,HIGH
Compliance violation in Support,Compliance violation in Support. This issue is affecting multiple stakeholders and requires immediate attention.,7,10,0.43,7.7,EdTech,HIGH
System crash during Dashboard,System crash during Dashboard. This issue is affecting multiple stakeholders and requires immediate attention.,13,14,0.57,3.8,Fintech,HIGH
Improve analytics reporting for Profile,Improve analytics reporting for Profile. This task will improve operational efficiency.,27,4,0.11,3.1,Healthcare,MEDIUM
Security breach detected in Mobile App,Security breach detected in Mobile App. Failure to resolve may result in financial or reputational damage.,13,14,0.89,1.4,SaaS,HIGH
Update design theme slightly,Update design theme slightly. Can be addressed during routine maintenance.,64,2,0.07,1.7,SaaS,LOW
Revenue-impacting defect in Analytics,Revenue-impacting defect in Analytics. This task is blocking critical business operations.,3,0,0.36,9.0,SaaS,HIGH
Security breach detected in Backend API,Security breach detected in Backend API. This issue is affecting multiple stakeholders and requires immediate attention.,-1,12,0.76,6.1,AI Platform,HIGH
Optimize workflow in Sales,Optimize workflow in Sales. This task will improve operational efficiency.,17,10,0.08,2.4,Fintech,MEDIUM
Implement new feature for Profile,Implement new feature for Profile. This task will improve operational efficiency.,24,4,0.16,2.4,EdTech,MEDIUM
Improve formatting in Backend API,Improve formatting in Backend API. Can be addressed during routine maintenance.,-1,4,0.16,1.3,EdTech,LOW
Revenue-impacting defect in Settings,Revenue-impacting defect in Settings. Failure to resolve may result in financial or reputational damage.,4,8,0.7,5.1,Healthcare,HIGH
Enhance performance of Mobile App,Enhance performance of Mobile App. This enhancement supports ongoing optimization efforts.,-1,0,0.35,2.2,SaaS,MEDIUM
Automate campaign tracking for Referral Program,Automate campaign tracking for Referral Program. This enhancement supports ongoing optimization efforts.,-1,0,0.24,0.5,EdTech,MEDIUM
Enhance performance of Backend API,Enhance performance of Backend API. This task will improve operational efficiency.,11,2,0.09,2.2,Healthcare,MEDIUM
Audit failure in Marketing,Audit failure in Marketing. This task is blocking critical business operations.,11,12,0.27,2.8,Healthcare,HIGH
Implement new feature for Settings,Implement new feature for Settings. This task will improve operational efficiency.,11,0,0.32,2.8,Healthcare,MEDIUM
Enhance UI for Settings,Enhance UI for Settings. Important for improving overall system quality.,-1,2,0.18,0.3,SaaS,MEDIUM
Improve analytics reporting for Settings,Improve analytics reporting for Settings. Important for improving overall system quality.,23,12,0.05,0.2,Healthcare,MEDIUM
Update dependency versions,Update dependency versions. No immediate operational risk involved.,-1,6,0.12,0.3,EdTech,LOW
Improve formatting in Database,Improve formatting in Database. No immediate operational risk involved.,15,0,0.02,1.9,Fintech,LOW
Enhance performance of Backend API,Enhance performance of Backend API. This task will improve operational efficiency.,15,3,0.34,1.3,E-commerce,MEDIUM
Improve comments in codebase,Improve comments in codebase. Can be addressed during routine maintenance.,27,0,0.15,0.0,E-commerce,LOW
Payment failure reported by Government Client,Payment failure reported by Government Client. This task is blocking critical business operations.,13,12,0.64,6.6,Healthcare,HIGH
Improve comments in codebase,Improve comments in codebase. No immediate operational risk involved.,32,3,0.1,0.5,E-commerce,LOW
Enhance internal documentation,Enhance internal documentation. Can be addressed during routine maintenance.,47,6,0.17,0.6,SaaS,LOW
Enhance internal documentation,Enhance internal documentation. Can be addressed during routine maintenance.,49,0,0.01,0.3,Fintech,LOW
Refactor variable naming in Payment Gateway,Refactor variable naming in Payment Gateway. Can be addressed during routine maintenance.,34,0,0.08,0.4,Healthcare,LOW
Fix minor typo in documentation,Fix minor typo in documentation. No immediate operational risk involved.,-1,0,0.15,0.2,Fintech,LOW
Security breach detected in Database,Security breach detected in Database. This task is blocking critical business operations.,12,11,0.48,1.7,SaaS,HIGH
Improve formatting in Backend API,Improve formatting in Backend API. No immediate operational risk involved.,80,7,0.08,0.7,Healthcare,LOW
Upgrade billing process in Budget Planning,Upgrade billing process in Budget Planning. This enhancement supports ongoing optimization efforts.,18,0,0.44,2.5,Healthcare,MEDIUM
Enhance internal documentation,Enhance internal documentation. Can be addressed during routine maintenance.,63,2,0.03,0.5,Fintech,LOW
Immediate rollback required for Backend API,Immediate rollback required for Backend API. This issue is affecting multiple stakeholders and requires immediate attention.,-1,6,0.44,7.9,Fintech,HIGH
Automate campaign tracking for Email Automation,Automate campaign tracking for Email Automation. This task will improve operational efficiency.,25,8,0.35,1.0,E-commerce,MEDIUM
Improve formatting in Database,Improve formatting in Database. This is a minor improvement with low business impact.,30,4,0.06,0.1,Healthcare,LOW
Optimize workflow in Marketing,Optimize workflow in Marketing. This enhancement supports ongoing optimization efforts.,17,3,0.38,3.1,AI Platform,MEDIUM
Immediate rollback required for Payment Gateway,Immediate rollback required for Payment Gateway. This issue is affecting multiple stakeholders and requires immediate attention.,-1,0,0.56,1.8,AI Platform,HIGH
Update design theme slightly,Update design theme slightly. No immediate operational risk involved.,28,0,0.15,1.3,SaaS,LOW
Organize file structure,Organize file structure. This is a minor improvement with low business impact.,30,4,0.01,0.4,AI Platform,LOW
Minor UI alignment fix,Minor UI alignment fix. No immediate operational risk involved.,47,0,0.16,0.5,AI Platform,LOW
Client escalation regarding Settings,Client escalation regarding Settings. This issue is affecting multiple stakeholders and requires immediate attention.,24,3,0.39,9.1,EdTech,HIGH
Client escalation regarding Search,Client escalation regarding Search. This task is blocking critical business operations.,12,5,0.27,4.6,Fintech,HIGH
Revenue-impacting defect in Settings,Revenue-impacting defect in Settings. This task is blocking critical business operations.,8,6,0.35,1.1,EdTech,HIGH
Improve analytics reporting for Settings,Improve analytics reporting for Settings. This task will improve operational efficiency.,28,4,0.23,3.3,AI Platform,MEDIUM
Refactor variable naming in Data Pipeline,Refactor variable naming in Data Pipeline. This is a minor improvement with low business impact.,71,0,0.06,1.2,Fintech,LOW
Improve analytics reporting for Analytics,Improve analytics reporting for Analytics. This task will improve operational efficiency.,13,0,0.23,0.4,Healthcare,MEDIUM
Upgrade billing process in Invoice Processing,Upgrade billing process in Invoice Processing. Important for improving overall system quality.,-1,8,0.01,2.5,Fintech,MEDIUM
Audit failure in Support,Audit failure in Support. This task is blocking critical business operations.,7,11,0.78,2.6,Fintech,HIGH
Cleanup unused resources,Cleanup unused resources. Can be addressed during routine maintenance.,34,0,0.09,1.0,Healthcare,LOW
Refactor codebase in Payment Gateway,Refactor codebase in Payment Gateway. This task will improve operational efficiency.,-1,0,0.25,0.4,Healthcare,MEDIUM
Audit failure in Support,Audit failure in Support. This task is blocking critical business operations.,13,6,0.86,3.8,Fintech,HIGH
Update dependency versions,Update dependency versions. No immediate operational risk involved.,-1,0,0.07,1.9,AI Platform,LOW
Enhance UI for Dashboard,Enhance UI for Dashboard. This task will improve operational efficiency.,36,4,0.38,0.0,AI Platform,MEDIUM
Improve comments in codebase,Improve comments in codebase. No immediate operational risk involved.,54,2,0.2,0.9,Healthcare,LOW
Improve formatting in Data Pipeline,Improve formatting in Data Pipeline. This is a minor improvement with low business impact.,-1,2,0.03,0.9,Fintech,LOW
Integrate new API into Inventory Service,Integrate new API into Inventory Service. Important for improving overall system quality.,29,10,0.46,3.6,E-commerce,MEDIUM
Refactor variable naming in Backend API,Refactor variable naming in Backend API. This is a minor improvement with low business impact.,-1,1,0.04,0.2,SaaS,LOW
System crash during Checkout,System crash during Checkout. This issue is affecting multiple stakeholders and requires immediate attention.,2,0,0.55,2.2,Fintech,HIGH
Enhance performance of Data Pipeline,Enhance performance of Data Pipeline. This task will improve operational efficiency.,25,2,0.46,3.2,E-commerce,MEDIUM
Minor UI alignment fix,Minor UI alignment fix. No immediate operational risk involved.,17,0,0.17,1.1,Fintech,LOW
Critical issue in Frontend App,Critical issue in Frontend App. This issue is affecting multiple stakeholders and requires immediate attention.,2,10,0.47,8.3,AI Platform,HIGH
Improve analytics reporting for Analytics,Improve analytics reporting for Analytics. This enhancement supports ongoing optimization efforts.,22,0,0.27,3.3,Healthcare,MEDIUM
Improve comments in codebase,Improve comments in codebase. No immediate operational risk involved.,-1,0,0.15,2.0,E-commerce,LOW
Payment failure reported by Government Client,Payment failure reported by Government Client. Failure to resolve may result in financial or reputational damage.,16,12,0.3,8.3,Healthcare,HIGH
Client escalation regarding Profile,Client escalation regarding Profile. This issue is affecting multiple stakeholders and requires immediate attention.,6,6,0.61,4.0,EdTech,HIGH
Upgrade billing process in Budget Planning,Upgrade billing process in Budget Planning. This task will improve operational efficiency.,11,0,0.11,0.8,SaaS,MEDIUM
Payment failure reported by Premium Customer,Payment failure reported by Premium Customer. Failure to resolve may result in financial or reputational damage.,8,0,0.41,9.3,SaaS,HIGH
Refactor variable naming in Frontend App,Refactor variable naming in Frontend App. This is a minor improvement with low business impact.,-1,2,0.08,0.7,EdTech,LOW
Revenue-impacting defect in Search,Revenue-impacting defect in Search. Failure to resolve may result in financial or reputational damage.,14,0,0.67,8.3,Healthcare,HIGH
Improve comments in codebase,Improve comments in codebase. This is a minor improvement with low business impact.,62,0,0.17,0.2,AI Platform,LOW
Minor UI alignment fix,Minor UI alignment fix. No immediate operational risk involved.,71,0,0.16,0.6,EdTech,LOW
Optimize workflow in Sales,Optimize workflow in Sales. This enhancement supports ongoing optimization efforts.,27,4,0.02,1.3,EdTech,MEDIUM
Implement new feature for Settings,Implement new feature for Settings. Important for improving overall system quality.,22,6,0.43,0.7,SaaS,MEDIUM
Improve formatting in Payment Gateway,Improve formatting in Payment Gateway. No immediate operational risk involved.,-1,6,0.16,1.9,EdTech,LOW
Revenue-impacting defect in Login,Revenue-impacting defect in Login. Failure to resolve may result in financial or reputational damage.,-1,0,0.49,6.0,Fintech,HIGH
Improve analytics reporting for Login,Improve analytics reporting for Login. This enhancement supports ongoing optimization efforts.,17,0,0.03,1.7,Healthcare,MEDIUM
Improve formatting in Frontend App,Improve formatting in Frontend App. This is a minor improvement with low business impact.,-1,0,0.15,1.8,E-commerce,LOW
Client escalation regarding Checkout,Client escalation regarding Checkout. This task is blocking critical business operations.,20,14,0.47,6.4,SaaS,HIGH
Enhance internal documentation,Enhance internal documentation. No immediate operational risk involved.,70,4,0.15,0.4,AI Platform,LOW
Enhance performance of Payment Gateway,Enhance performance of Payment Gateway. This task will improve operational efficiency.,36,0,0.04,1.4,AI Platform,MEDIUM
Audit failure in Support,Audit failure in Support. Failure to resolve may result in financial or reputational damage.,-1,9,0.88,2.6,AI Platform,HIGH
Improve analytics reporting for Settings,Improve analytics reporting for Settings. This task will improve operational efficiency.,-1,14,0.32,1.8,SaaS,MEDIUM
Organize file structure,Organize file structure. Can be addressed during routine maintenance.,58,0,0.03,1.2,EdTech,LOW
Optimize workflow in Finance,Optimize workflow in Finance. Important for improving overall system quality.,16,0,0.35,0.6,Healthcare,MEDIUM
Implement new feature for Checkout,Implement new feature for Checkout. Important for improving overall system quality.,10,3,0.08,3.4,E-commerce,MEDIUM
Enhance UI for Analytics,Enhance UI for Analytics. Important for improving overall system quality.,14,9,0.49,4.0,SaaS,MEDIUM
Enhance performance of Database,Enhance performance of Database. This enhancement supports ongoing optimization efforts.,25,4,0.35,3.2,E-commerce,MEDIUM
Refactor codebase in Backend API,Refactor codebase in Backend API. This enhancement supports ongoing optimization efforts.,23,11,0.23,1.6,AI Platform,MEDIUM
Enhance UI for Checkout,Enhance UI for Checkout. Important for improving overall system quality.,-1,6,0.27,1.8,SaaS,MEDIUM
Minor UI alignment fix,Minor UI alignment fix. Can be addressed during routine maintenance.,4,3,0.01,0.1,AI Platform,LOW
Improve analytics reporting for Checkout,Improve analytics reporting for Checkout. Important for improving overall system quality.,31,0,0.3,3.7,Fintech,MEDIUM
Refactor variable naming in Auth Service,Refactor variable naming in Auth Service. Can be addressed during routine maintenance.,44,0,0.2,0.9,Fintech,LOW
Improve onboarding process for Payroll Review,Improve onboarding process for Payroll Review. This task will improve operational efficiency.,-1,6,0.36,0.6,EdTech,MEDIUM
Organize file structure,Organize file structure. This is a minor improvement with low business impact.,-1,3,0.0,0.0,E-commerce,LOW
Optimize workflow in Operations,Optimize workflow in Operations. This task will improve operational efficiency.,13,4,0.25,1.7,Healthcare,MEDIUM
Refactor variable naming in Data Pipeline,Refactor variable naming in Data Pipeline. No immediate operational risk involved.,-1,1,0.13,0.3,SaaS,LOW
Refactor variable naming in Auth Service,Refactor variable naming in Auth Service. Can be addressed during routine maintenance.,62,1,0.18,0.4,SaaS,LOW
Enhance UI for Checkout,Enhance UI for Checkout. This enhancement supports ongoing optimization efforts.,33,0,0.2,2.8,E-commerce,MEDIUM
Refactor variable naming in Frontend App,Refactor variable naming in Frontend App. No immediate operational risk involved.,53,6,0.15,1.4,Healthcare,LOW
Improve onboarding process for Recruitment Drive,Improve onboarding process for Recruitment Drive. Important for improving overall system quality.,34,7,0.48,3.5,AI Platform,MEDIUM
Upgrade billing process in Expense Audit,Upgrade billing process in Expense Audit. Important for improving overall system quality.,9,9,0.35,1.5,E-commerce,MEDIUM
Cleanup unused resources,Cleanup unused resources. This is a minor improvement with low business impact.,39,0,0.04,0.5,EdTech,LOW
Enhance internal documentation,Enhance internal documentation. Can be addressed during routine maintenance.,-1,2,0.03,1.8,E-commerce,LOW
Update design theme slightly,Update design theme slightly. This is a minor improvement with low business impact.,-1,4,0.07,0.7,EdTech,LOW
Fix minor typo in documentation,Fix minor typo in documentation. No immediate operational risk involved.,27,0,0.05,1.2,Fintech,LOW
Minor UI alignment fix,Minor UI alignment fix. This is a minor improvement with low business impact.,71,2,0.01,0.6,EdTech,LOW
Immediate rollback required for Database,Immediate rollback required for Database. Failure to resolve may result in financial or reputational damage.,15,9,0.45,5.8,E-commerce,HIGH
Enhance internal documentation,Enhance internal documentation. No immediate operational risk involved.,8,6,0.06,1.1,EdTech,LOW
Cleanup unused resources,Cleanup unused resources. This is a minor improvement with low business impact.,-1,1,0.15,1.5,Fintech,LOW
Immediate rollback required for Frontend App,Immediate rollback required for Frontend App. This issue is affecting multiple stakeholders and requires immediate attention.,5,12,0.38,8.1,Fintech,HIGH
Audit failure in HR,Audit failure in HR. This task is blocking critical business operations.,12,6,0.48,2.8,Fintech,HIGH
Production outage affecting Inventory Service,Production outage affecting Inventory Service. Failure to resolve may result in financial or reputational damage.,-1,10,0.32,1.3,SaaS,HIGH
Immediate rollback required for Backend API,Immediate rollback required for Backend API. Failure to resolve may result in financial or reputational damage.,3,0,0.23,4.6,E-commerce,HIGH
Production outage affecting Billing Service,Production outage affecting Billing Service. This issue is affecting multiple stakeholders and requires immediate attention.,5,12,0.56,6.4,Fintech,HIGH
Optimize workflow in Finance,Optimize workflow in Finance. This enhancement supports ongoing optimization efforts.,-1,0,0.04,3.2,AI Platform,MEDIUM
Improve comments in codebase,Improve comments in codebase. This is a minor improvement with low business impact.,44,0,0.18,1.8,E-commerce,LOW
Production outage affecting Notification Service,Production outage affecting Notification Service. This task is blocking critical business operations.,-1,11,0.65,3.6,Fintech,HIGH
Improve analytics reporting for Settings,Improve analytics reporting for Settings. This enhancement supports ongoing optimization efforts.,13,0,0.42,0.4,SaaS,MEDIUM
Improve onboarding process for Payroll Review,Improve onboarding process for Payroll Review. This enhancement supports ongoing optimization efforts.,28,0,0.05,3.3,AI Platform,MEDIUM
Enhance internal documentation,Enhance internal documentation. This is a minor improvement with low business impact.,34,2,0.02,2.0,Fintech,LOW
Enhance internal documentation,Enhance internal documentation. Can be addressed during routine maintenance.,50,0,0.01,1.6,AI Platform,LOW
Automate campaign tracking for Q4 Launch,Automate campaign tracking for Q4 Launch. This enhancement supports ongoing optimization efforts.,18,0,0.25,2.1,E-commerce,MEDIUM
Implement new feature for Settings,Implement new feature for Settings. This enhancement supports ongoing optimization efforts.,-1,0,0.13,1.3,EdTech,MEDIUM
Enhance UI for Profile,Enhance UI for Profile. Important for improving overall system quality.,11,3,0.07,0.5,AI Platform,MEDIUM
Revenue-impacting defect in Analytics,Revenue-impacting defect in Analytics. This task is blocking critical business operations.,23,11,0.33,6.5,Fintech,HIGH
Update design theme slightly,Update design theme slightly. No immediate operational risk involved.,32,3,0.08,1.0,Fintech,LOW
Production outage affecting Reporting Service,Production outage affecting Reporting Service. This issue is affecting multiple stakeholders and requires immediate attention.,5,5,0.45,1.5,Fintech,HIGH
Improve onboarding process for Recruitment Drive,Improve onboarding process for Recruitment Drive. Important for improving overall system quality.,-1,4,0.39,0.3,AI Platform,MEDIUM
Minor UI alignment fix,Minor UI alignment fix. This is a minor improvement with low business impact.,-1,3,0.19,1.8,E-commerce,LOW
Improve comments in codebase,Improve comments in codebase. This is a minor improvement with low business impact.,-1,0,0.1,0.0,SaaS,LOW
Optimize workflow in Finance,Optimize workflow in Finance. This task will improve operational efficiency.,17,10,0.13,1.5,Fintech,MEDIUM
Enhance internal documentation,Enhance internal documentation. No immediate operational risk involved.,25,9,0.18,1.6,EdTech,LOW
Automate campaign tracking for Referral Program,Automate campaign tracking for Referral Program. This enhancement supports ongoing optimization efforts.,28,2,0.3,1.2,E-commerce,MEDIUM
System crash during Login,System crash during Login. Failure to resolve may result in financial or reputational damage.,15,14,0.86,9.7,AI Platform,HIGH
Automate campaign tracking for Referral Program,Automate campaign tracking for Referral Program. This enhancement supports ongoing optimization efforts.,18,4,0.35,4.0,Healthcare,MEDIUM
Improve formatting in Mobile App,Improve formatting in Mobile App. This is a minor improvement with low business impact.,23,4,0.13,1.0,EdTech,LOW
Improve comments in codebase,Improve comments in codebase. This is a minor improvement with low business impact.,-1,7,0.12,1.0,EdTech,LOW
Implement new feature for Dashboard,Implement new feature for Dashboard. This enhancement supports ongoing optimization efforts.,9,4,0.2,1.2,SaaS,MEDIUM
Automate campaign tracking for Referral Program,Automate campaign tracking for Referral Program. This enhancement supports ongoing optimization efforts.,13,2,0.07,0.5,SaaS,MEDIUM
Client escalation regarding Checkout,Client escalation regarding Checkout. This issue is affecting multiple stakeholders and requires immediate attention.,-1,0,0.37,2.5,SaaS,HIGH
Fix minor typo in documentation,Fix minor typo in documentation. Can be addressed during routine maintenance.,-1,0,0.13,0.3,Healthcare,LOW
Production outage affecting Reporting Service,Production outage affecting Reporting Service. This task is blocking critical business operations.,13,9,0.73,4.2,EdTech,HIGH
Organize file structure,Organize file structure. This is a minor improvement with low business impact.,18,1,0.13,0.8,EdTech,LOW
Production outage affecting Inventory Service,Production outage affecting Inventory Service. This issue is affecting multiple stakeholders and requires immediate attention.,6,12,0.79,6.3,E-commerce,HIGH
Revenue-impacting defect in Search,Revenue-impacting defect in Search. Failure to resolve may result in financial or reputational damage.,3,0,0.62,5.2,Healthcare,HIGH
Cleanup unused resources,Cleanup unused resources. Can be addressed during routine maintenance.,30,6,0.12,1.3,Fintech,LOW
Cleanup unused resources,Cleanup unused resources. No immediate operational risk involved.,-1,3,0.02,1.4,AI Platform,LOW
Enhance UI for Search,Enhance UI for Search. This task will improve operational efficiency.,12,10,0.49,2.8,Fintech,MEDIUM
Automate campaign tracking for Referral Program,Automate campaign tracking for Referral Program. Important for improving overall system quality.,12,7,0.37,1.5,E-commerce,MEDIUM
Improve comments in codebase,Improve comments in codebase. This is a minor improvement with low business impact.,27,0,0.1,1.3,AI Platform,LOW
Update dependency versions,Update dependency versions. This is a minor improvement with low business impact.,-1,3,0.1,0.1,SaaS,LOW
Minor UI alignment fix,Minor UI alignment fix. Can be addressed during routine maintenance.,43,0,0.09,1.5,Fintech,LOW
Minor UI alignment fix,Minor UI alignment fix. This is a minor improvement with low business impact.,85,0,0.19,1.5,Fintech,LOW
Client escalation regarding Settings,Client escalation regarding Settings. Failure to resolve may result in financial or reputational damage.,24,9,0.34,4.2,Healthcare,HIGH
Automate campaign tracking for Q4 Launch,Automate campaign tracking for Q4 Launch. This enhancement supports ongoing optimization efforts.,16,5,0.24,0.2,EdTech,MEDIUM
Enhance UI for Settings,Enhance UI for Settings. This task will improve operational efficiency.,27,7,0.08,2.2,SaaS,MEDIUM
Update design theme slightly,Update design theme slightly. Can be addressed during routine maintenance.,45,3,0.03,1.9,E-commerce,LOW
Critical issue in Backend API,Critical issue in Backend API. This issue is affecting multiple stakeholders and requires immediate attention.,13,9,0.54,4.1,EdTech,HIGH
Refactor codebase in Auth Service,Refactor codebase in Auth Service. Important for improving overall system quality.,12,0,0.41,1.4,E-commerce,MEDIUM
Cleanup unused resources,Cleanup unused resources. This is a minor improvement with low business impact.,70,4,0.14,0.1,E-commerce,LOW
Update dependency versions,Update dependency versions. Can be addressed during routine maintenance.,51,6,0.14,0.1,Fintech,LOW
Production outage affecting Notification Service,Production outage affecting Notification Service. Failure to resolve may result in financial or reputational damage.,-1,5,0.36,4.5,Healthcare,HIGH
Implement new feature for Login,Implement new feature for Login. This task will improve operational efficiency.,8,4,0.29,1.7,EdTech,MEDIUM
Optimize workflow in Support,Optimize workflow in Support. Important for improving overall system quality.,-1,0,0.37,3.4,SaaS,MEDIUM
Critical issue in Backend API,Critical issue in Backend API. Failure to resolve may result in financial or reputational damage.,22,7,0.2,5.0,EdTech,HIGH
Improve comments in codebase,Improve comments in codebase. No immediate operational risk involved.,75,6,0.11,1.5,SaaS,LOW
Refactor codebase in Data Pipeline,Refactor codebase in Data Pipeline. This task will improve operational efficiency.,17,4,0.42,0.2,Fintech,MEDIUM
Enhance internal documentation,Enhance internal documentation. Can be addressed during routine maintenance.,42,2,0.01,1.6,Healthcare,LOW
Enhance internal documentation,Enhance internal documentation. Can be addressed during routine maintenance.,-1,0,0.07,1.6,Healthcare,LOW
Improve analytics reporting for Dashboard,Improve analytics reporting for Dashboard. Important for improving overall system quality.,12,5,0.38,3.6,SaaS,MEDIUM
Enhance UI for Analytics,Enhance UI for Analytics. Important for improving overall system quality.,3,0,0.33,1.5,E-commerce,MEDIUM
Integrate new API into Billing Service,Integrate new API into Billing Service. This task will improve operational efficiency.,5,4,0.47,1.5,E-commerce,MEDIUM
Immediate rollback required for Data Pipeline,Immediate rollback required for Data Pipeline. This issue is affecting multiple stakeholders and requires immediate attention.,3,9,0.66,4.2,AI Platform,HIGH
Enhance performance of Auth Service,Enhance performance of Auth Service. This enhancement supports ongoing optimization efforts.,14,7,0.15,3.4,AI Platform,MEDIUM
Refactor variable naming in Payment Gateway,Refactor variable naming in Payment Gateway. This is a minor improvement with low business impact.,17,5,0.2,1.7,EdTech,LOW
Organize file structure,Organize file structure. No immediate operational risk involved.,62,4,0.1,1.0,SaaS,LOW
Integrate new API into Inventory Service,Integrate new API into Inventory Service. This task will improve operational efficiency.,24,0,0.04,2.7,AI Platform,MEDIUM
Improve analytics reporting for Analytics,Improve analytics reporting for Analytics. This task will improve operational efficiency.,22,4,0.41,3.7,SaaS,MEDIUM
Refactor variable naming in Auth Service,Refactor variable naming in Auth Service. No immediate operational risk involved.,35,2,0.12,0.0,EdTech,LOW
Upgrade billing process in Invoice Processing,Upgrade billing process in Invoice Processing. This task will improve operational efficiency.,29,0,0.23,0.5,SaaS,MEDIUM
Improve onboarding process for Payroll Review,Improve onboarding process for Payroll Review. Important for improving overall system quality.,17,4,0.15,1.0,Fintech,MEDIUM
Upgrade billing process in Budget Planning,Upgrade billing process in Budget Planning. This task will improve operational efficiency.,23,0,0.23,3.5,AI Platform,MEDIUM
Client escalation regarding Profile,Client escalation regarding Profile. This issue is affecting multiple stakeholders and requires immediate attention.,5,10,0.29,5.4,SaaS,HIGH
Immediate rollback required for Database,Immediate rollback required for Database. This task is blocking critical business operations.,1,0,0.35,3.9,SaaS,HIGH
Improve comments in codebase,Improve comments in codebase. This is a minor improvement with low business impact.,10,0,0.05,1.2,AI Platform,LOW
Production outage affecting Notification Service,Production outage affecting Notification Service. Failure to resolve may result in financial or reputational damage.,24,8,0.24,1.5,Healthcare,HIGH
Improve onboarding process for Payroll Review,Improve onboarding process for Payroll Review. Important for improving overall system quality.,37,4,0.28,0.6,EdTech,MEDIUM
Update dependency versions,Update dependency versions. No immediate operational risk involved.,13,1,0.08,0.6,Fintech,LOW
Critical issue in Database,Critical issue in Database. This issue is affecting multiple stakeholders and requires immediate attention.,4,0,0.84,3.9,EdTech,HIGH
Security breach detected in Backend API,Security breach detected in Backend API. This task is blocking critical business operations.,13,3,0.65,9.4,SaaS,HIGH
Organize file structure,Organize file structure. This is a minor improvement with low business impact.,29,4,0.02,0.8,Healthcare,LOW
Enhance performance of Frontend App,Enhance performance of Frontend App. This enhancement supports ongoing optimization efforts.,14,9,0.35,2.3,Fintech,MEDIUM
Update dependency versions,Update dependency versions. This is a minor improvement with low business impact.,65,0,0.19,1.1,Healthcare,LOW
Fix minor typo in documentation,Fix minor typo in documentation. No immediate operational risk involved.,36,0,0.19,1.0,Healthcare,LOW
Production outage affecting Billing Service,Production outage affecting Billing Service. Failure to resolve may result in financial or reputational damage.,11,0,0.88,4.7,EdTech,HIGH
Fix minor typo in documentation,Fix minor typo in documentation. No immediate operational risk involved.,48,1,0.0,1.4,AI Platform,LOW
Enhance internal documentation,Enhance internal documentation. This is a minor improvement with low business impact.,33,0,0.03,1.9,Healthcare,LOW
Integrate new API into Billing Service,Integrate new API into Billing Service. Important for improving overall system quality.,12,4,0.46,3.5,Healthcare,MEDIUM
Improve analytics reporting for Search,Improve analytics reporting for Search. This enhancement supports ongoing optimization efforts.,-1,6,0.29,4.0,EdTech,MEDIUM
Update dependency versions,Update dependency versions. Can be addressed during routine maintenance.,-1,4,0.02,1.5,SaaS,LOW
Security breach detected in Mobile App,Security breach detected in Mobile App. This task is blocking critical business operations.,-1,9,0.65,5.4,Fintech,HIGH
Enhance UI for Dashboard,Enhance UI for Dashboard. This enhancement supports ongoing optimization efforts.,15,0,0.4,2.4,Fintech,MEDIUM
Security breach detected in Payment Gateway,Security breach detected in Payment Gateway. This issue is affecting multiple stakeholders and requires immediate attention.,24,11,0.3,2.8,Healthcare,HIGH
Compliance violation in HR,Compliance violation in HR. This issue is affecting multiple stakeholders and requires immediate attention.,15,4,0.82,2.0,Fintech,HIGH
Integrate new API into Notification Service,Integrate new API into Notification Service. This task will improve operational efficiency.,16,0,0.2,0.5,E-commerce,MEDIUM
Production outage affecting Inventory Service,Production outage affecting Inventory Service. This task is blocking critical business operations.,-1,10,0.79,1.4,SaaS,HIGH
Improve formatting in Auth Service,Improve formatting in Auth Service. This is a minor improvement with low business impact.,47,0,0.07,0.3,Fintech,LOW
Enhance UI for Analytics,Enhance UI for Analytics. Important for improving overall system quality.,-1,6,0.44,1.1,Healthcare,MEDIUM
Improve comments in codebase,Improve comments in codebase. Can be addressed during routine maintenance.,50,0,0.18,0.4,AI Platform,LOW
Compliance violation in Support,Compliance violation in Support. This issue is affecting multiple stakeholders and requires immediate attention.,0,7,0.7,6.1,EdTech,HIGH
Update dependency versions,Update dependency versions. This is a minor improvement with low business impact.,33,1,0.04,0.1,E-commerce,LOW
System crash during Dashboard,System crash during Dashboard. This task is blocking critical business operations.,9,0,0.24,1.1,Healthcare,HIGH
Fix minor typo in documentation,Fix minor typo in documentation. This is a minor improvement with low business impact.,4,2,0.09,0.6,Healthcare,LOW
Minor UI alignment fix,Minor UI alignment fix. No immediate operational risk involved.,-1,6,0.03,1.4,E-commerce,LOW
Organize file structure,Organize file structure. Can be addressed during routine maintenance.,-1,1,0.19,0.2,EdTech,LOW
Refactor codebase in Database,Refactor codebase in Database. This enhancement supports ongoing optimization efforts.,25,5,0.21,0.6,SaaS,MEDIUM
Enhance internal documentation,Enhance internal documentation. Can be addressed during routine maintenance.,27,1,0.06,0.4,E-commerce,LOW
Improve comments in codebase,Improve comments in codebase. This is a minor improvement with low business impact.,61,7,0.09,1.8,SaaS,LOW
Client escalation regarding Checkout,Client escalation regarding Checkout. Failure to resolve may result in financial or reputational damage.,13,0,0.52,7.1,SaaS,HIGH
Update design theme slightly,Update design theme slightly. No immediate operational risk involved.,26,5,0.02,0.2,Fintech,LOW
Improve comments in codebase,Improve comments in codebase. This is a minor improvement with low business impact.,-1,1,0.14,0.4,E-commerce,LOW
Update design theme slightly,Update design theme slightly. No immediate operational risk involved.,-1,0,0.19,1.1,EdTech,LOW
Improve formatting in Mobile App,Improve formatting in Mobile App. This is a minor improvement with low business impact.,39,0,0.01,0.3,SaaS,LOW
Enhance internal documentation,Enhance internal documentation. No immediate operational risk involved.,27,1,0.13,1.3,SaaS,LOW
Implement new feature for Settings,Implement new feature for Settings. Important for improving overall system quality.,18,12,0.24,0.9,EdTech,MEDIUM
Revenue-impacting defect in Search,Revenue-impacting defect in Search. Failure to resolve may result in financial or reputational damage.,3,0,0.85,3.3,Fintech,HIGH
Enhance internal documentation,Enhance internal documentation. This is a minor improvement with low business impact.,45,4,0.06,1.9,SaaS,LOW
Improve formatting in Payment Gateway,Improve formatting in Payment Gateway. This is a minor improvement with low business impact.,77,5,0.01,1.5,AI Platform,LOW
Upgrade billing process in Budget Planning,Upgrade billing process in Budget Planning. Important for improving overall system quality.,16,0,0.01,2.4,EdTech,MEDIUM
Implement new feature for Login,Implement new feature for Login. Important for improving overall system quality.,9,6,0.04,1.0,AI Platform,MEDIUM
Update dependency versions,Update dependency versions. No immediate operational risk involved.,32,2,0.13,0.8,E-commerce,LOW
Automate campaign tracking for Q4 Launch,Automate campaign tracking for Q4 Launch. This enhancement supports ongoing optimization efforts.,15,5,0.37,3.4,Healthcare,MEDIUM
Automate campaign tracking for Referral Program,Automate campaign tracking for Referral Program. Important for improving overall system quality.,12,4,0.21,1.8,SaaS,MEDIUM
Client escalation regarding Login,Client escalation regarding Login. This issue is affecting multiple stakeholders and requires immediate attention.,16,12,0.27,3.6,SaaS,HIGH
Enhance internal documentation,Enhance internal documentation. Can be addressed during routine maintenance.,61,0,0.14,1.2,E-commerce,LOW
Improve onboarding process for Employee Onboarding,Improve onboarding process for Employee Onboarding. This enhancement supports ongoing optimization efforts.,29,5,0.49,2.3,E-commerce,MEDIUM
Security breach detected in Frontend App,Security breach detected in Frontend App. Failure to resolve may result in financial or reputational damage.,22,0,0.47,4.9,Healthcare,HIGH
Update design theme slightly,Update design theme slightly. This is a minor improvement with low business impact.,58,5,0.14,1.1,Fintech,LOW
Improve comments in codebase,Improve comments in codebase. No immediate operational risk involved.,39,6,0.17,0.7,Fintech,LOW
Compliance violation in Finance,Compliance violation in Finance. Failure to resolve may result in financial or reputational damage.,13,0,0.88,8.4,E-commerce,HIGH
Refactor codebase in Database,Refactor codebase in Database. This enhancement supports ongoing optimization efforts.,20,3,0.1,3.9,EdTech,MEDIUM
Refactor variable naming in Frontend App,Refactor variable naming in Frontend App. Can be addressed during routine maintenance.,-1,2,0.08,0.2,EdTech,LOW
Upgrade billing process in Budget Planning,Upgrade billing process in Budget Planning. This enhancement supports ongoing optimization efforts.,22,0,0.43,2.6,SaaS,MEDIUM
System crash during Settings,System crash during Settings. Failure to resolve may result in financial or reputational damage.,9,0,0.9,3.2,EdTech,HIGH
Enhance performance of Payment Gateway,Enhance performance of Payment Gateway. This enhancement supports ongoing optimization efforts.,-1,8,0.39,1.2,Healthcare,MEDIUM
Payment failure reported by Premium Customer,Payment failure reported by Premium Customer. This issue is affecting multiple stakeholders and requires immediate attention.,14,0,0.31,4.2,Healthcare,HIGH
Upgrade billing process in Expense Audit,Upgrade billing process in Expense Audit. This task will improve operational efficiency.,38,0,0.24,1.4,E-commerce,MEDIUM
Payment failure reported by Enterprise Client,Payment failure reported by Enterprise Client. This issue is affecting multiple stakeholders and requires immediate attention.,6,0,0.78,1.6,EdTech,HIGH
Minor UI alignment fix,Minor UI alignment fix. This is a minor improvement with low business impact.,28,0,0.15,0.7,Fintech,LOW
Implement new feature for Checkout,Implement new feature for Checkout. This task will improve operational efficiency.,19,5,0.36,2.6,EdTech,MEDIUM
Payment failure reported by Enterprise Client,Payment failure reported by Enterprise Client. This issue is affecting multiple stakeholders and requires immediate attention.,14,0,0.63,5.8,AI Platform,HIGH
Fix minor typo in documentation,Fix minor typo in documentation. Can be addressed during routine maintenance.,38,7,0.1,1.0,E-commerce,LOW
Enhance UI for Search,Enhance UI for Search. This task will improve operational efficiency.,18,0,0.38,0.3,E-commerce,MEDIUM
Improve analytics reporting for Dashboard,Improve analytics reporting for Dashboard. This enhancement supports ongoing optimization efforts.,21,7,0.45,0.2,Fintech,MEDIUM
Cleanup unused resources,Cleanup unused resources. This is a minor improvement with low business impact.,-1,1,0.12,1.2,E-commerce,LOW
Security breach detected in Backend API,Security breach detected in Backend API. This task is blocking critical business operations.,15,3,0.21,2.6,E-commerce,HIGH
Revenue-impacting defect in Checkout,Revenue-impacting defect in Checkout. This issue is affecting multiple stakeholders and requires immediate attention.,7,0,0.26,4.3,AI Platform,HIGH
Enhance UI for Analytics,Enhance UI for Analytics. This task will improve operational efficiency.,14,7,0.33,1.1,Fintech,MEDIUM
Improve onboarding process for Payroll Review,Improve onboarding process for Payroll Review. Important for improving overall system quality.,-1,4,0.25,3.9,SaaS,MEDIUM
Improve onboarding process for Payroll Review,Improve onboarding process for Payroll Review. This enhancement supports ongoing optimization efforts.,-1,0,0.38,2.7,AI Platform,MEDIUM
Enhance performance of Frontend App,Enhance performance of Frontend App. This task will improve operational efficiency.,-1,11,0.16,1.1,AI Platform,MEDIUM
Improve analytics reporting for Search,Improve analytics reporting for Search. Important for improving overall system quality.,-1,0,0.21,3.5,E-commerce,MEDIUM
Immediate rollback required for Mobile App,Immediate rollback required for Mobile App. Failure to resolve may result in financial or reputational damage.,7,9,0.5,4.8,Healthcare,HIGH
Audit failure in Support,Audit failure in Support. This issue is affecting multiple stakeholders and requires immediate attention.,23,13,0.27,2.9,EdTech,HIGH
Update design theme slightly,Update design theme slightly. No immediate operational risk involved.,-1,7,0.14,1.9,Fintech,LOW
Improve onboarding process for Payroll Review,Improve onboarding process for Payroll Review. Important for improving overall system quality.,36,0,0.29,0.5,SaaS,MEDIUM
Fix minor typo in documentation,Fix minor typo in documentation. This is a minor improvement with low business impact.,-1,3,0.06,0.7,AI Platform,LOW
Audit failure in Finance,Audit failure in Finance. This task is blocking critical business operations.,5,13,0.23,6.8,EdTech,HIGH
Organize file structure,Organize file structure. This is a minor improvement with low business impact.,28,5,0.07,0.8,Fintech,LOW
Optimize workflow in Operations,Optimize workflow in Operations. This task will improve operational efficiency.,25,2,0.26,3.8,AI Platform,MEDIUM
Refactor codebase in Auth Service,Refactor codebase in Auth Service. Important for improving overall system quality.,27,10,0.01,3.5,EdTech,MEDIUM
Security breach detected in Data Pipeline,Security breach detected in Data Pipeline. This issue is affecting multiple stakeholders and requires immediate attention.,21,7,0.77,6.4,AI Platform,HIGH
Organize file structure,Organize file structure. No immediate operational risk involved.,58,5,0.04,1.7,AI Platform,LOW
Compliance violation in Finance,Compliance violation in Finance. This task is blocking critical business operations.,3,17,0.25,5.4,Fintech,HIGH
Enhance performance of Auth Service,Enhance performance of Auth Service. Important for improving overall system quality.,17,4,0.18,3.5,Healthcare,MEDIUM
Refactor codebase in Data Pipeline,Refactor codebase in Data Pipeline. This task will improve operational efficiency.,-1,1,0.34,2.2,EdTech,MEDIUM
Revenue-impacting defect in Settings,Revenue-impacting defect in Settings. Failure to resolve may result in financial or reputational damage.,8,13,0.74,3.9,SaaS,HIGH
Security breach detected in Backend API,Security breach detected in Backend API. This task is blocking critical business operations.,-1,0,0.31,3.9,SaaS,HIGH
System crash during Profile,System crash during Profile. Failure to resolve may result in financial or reputational damage.,9,0,0.33,5.2,AI Platform,HIGH
Refactor variable naming in Mobile App,Refactor variable naming in Mobile App. No immediate operational risk involved.,63,0,0.13,0.0,Healthcare,LOW
Enhance UI for Checkout,Enhance UI for Checkout. This task will improve operational efficiency.,8,0,0.03,2.0,E-commerce,MEDIUM
Optimize workflow in Support,Optimize workflow in Support. This task will improve operational efficiency.,30,6,0.04,2.4,E-commerce,MEDIUM
Immediate rollback required for Backend API,Immediate rollback required for Backend API. Failure to resolve may result in financial or reputational damage.,23,11,0.7,9.5,EdTech,HIGH
Improve comments in codebase,Improve comments in codebase. No immediate operational risk involved.,38,4,0.12,0.4,Fintech,LOW
Immediate rollback required for Auth Service,Immediate rollback required for Auth Service. This issue is affecting multiple stakeholders and requires immediate attention.,23,8,0.8,4.7,Healthcare,HIGH
Enhance UI for Checkout,Enhance UI for Checkout. This enhancement supports ongoing optimization efforts.,11,13,0.27,1.9,Healthcare,MEDIUM
Organize file structure,Organize file structure. No immediate operational risk involved.,44,5,0.06,0.8,Fintech,LOW
Critical issue in Auth Service,Critical issue in Auth Service. This task is blocking critical business operations.,5,2,0.74,3.0,AI Platform,HIGH
System crash during Settings,System crash during Settings. This issue is affecting multiple stakeholders and requires immediate attention.,23,15,0.2,1.2,E-commerce,HIGH
Immediate rollback required for Backend API,Immediate rollback required for Backend API. Failure to resolve may result in financial or reputational damage.,18,7,0.25,9.4,EdTech,HIGH
Update dependency versions,Update dependency versions. No immediate operational risk involved.,36,0,0.0,0.5,E-commerce,LOW
Implement new feature for Profile,Implement new feature for Profile. This enhancement supports ongoing optimization efforts.,20,2,0.29,3.7,Fintech,MEDIUM
Production outage affecting Billing Service,Production outage affecting Billing Service. Failure to resolve may result in financial or reputational damage.,19,1,0.73,7.6,Fintech,HIGH
Production outage affecting Inventory Service,Production outage affecting Inventory Service. This issue is affecting multiple stakeholders and requires immediate attention.,3,3,0.34,8.5,E-commerce,HIGH
Integrate new API into Inventory Service,Integrate new API into Inventory Service. Important for improving overall system quality.,22,2,0.1,1.2,E-commerce,MEDIUM
Update design theme slightly,Update design theme slightly. Can be addressed during routine maintenance.,31,0,0.09,0.4,Fintech,LOW
Update design theme slightly,Update design theme slightly. No immediate operational risk involved.,39,6,0.14,0.5,SaaS,LOW
Compliance violation in Marketing,Compliance violation in Marketing. This task is blocking critical business operations.,6,9,0.81,5.0,SaaS,HIGH
Compliance violation in Sales,Compliance violation in Sales. This task is blocking critical business operations.,17,11,0.62,9.9,EdTech,HIGH
System crash during Dashboard,System crash during Dashboard. Failure to resolve may result in financial or reputational damage.,16,0,0.76,3.9,Fintech,HIGH
Compliance violation in Support,Compliance violation in Support. This task is blocking critical business operations.,12,0,0.8,4.3,E-commerce,HIGH
Upgrade billing process in Invoice Processing,Upgrade billing process in Invoice Processing. This enhancement supports ongoing optimization efforts.,20,0,0.19,2.0,EdTech,MEDIUM
Audit failure in Operations,Audit failure in Operations. This task is blocking critical business operations.,24,0,0.25,5.2,Healthcare,HIGH
Compliance violation in Operations,Compliance violation in Operations. Failure to resolve may result in financial or reputational damage.,7,0,0.8,6.7,SaaS,HIGH
System crash during Search,System crash during Search. Failure to resolve may result in financial or reputational damage.,24,9,0.28,10.0,E-commerce,HIGH
Implement new feature for Dashboard,Implement new feature for Dashboard. Important for improving overall system quality.,20,3,0.15,0.6,Healthcare,MEDIUM
Audit failure in Support,Audit failure in Support. This task is blocking critical business operations.,4,12,0.23,9.9,E-commerce,HIGH
Improve onboarding process for Recruitment Drive,Improve onboarding process for Recruitment Drive. Important for improving overall system quality.,9,0,0.12,2.2,AI Platform,MEDIUM
Security breach detected in Mobile App,Security breach detected in Mobile App. This issue is affecting multiple stakeholders and requires immediate attention.,3,12,0.55,8.6,EdTech,HIGH
Compliance violation in Support,Compliance violation in Support. This task is blocking critical business operations.,-1,5,0.75,5.8,EdTech,HIGH
Security breach detected in Database,Security breach detected in Database. This task is blocking critical business operations.,24,10,0.84,6.4,AI Platform,HIGH
Refactor codebase in Data Pipeline,Refactor codebase in Data Pipeline. This task will improve operational efficiency.,27,0,0.17,1.0,Healthcare,MEDIUM
Cleanup unused resources,Cleanup unused resources. This is a minor improvement with low business impact.,35,0,0.05,1.7,Healthcare,LOW
Improve comments in codebase,Improve comments in codebase. Can be addressed during routine maintenance.,52,5,0.07,0.6,Fintech,LOW
Refactor variable naming in Auth Service,Refactor variable naming in Auth Service. This is a minor improvement with low business impact.,58,0,0.17,0.6,E-commerce,LOW
Improve comments in codebase,Improve comments in codebase. Can be addressed during routine maintenance.,5,4,0.15,1.7,EdTech,LOW
Security breach detected in Frontend App,Security breach detected in Frontend App. This task is blocking critical business operations.,28,8,0.88,3.3,Fintech,HIGH
Improve comments in codebase,Improve comments in codebase. Can be addressed during routine maintenance.,52,4,0.12,0.6,E-commerce,LOW
Audit failure in Support,Audit failure in Support. This task is blocking critical business operations.,-1,5,0.83,8.2,AI Platform,HIGH
Payment failure reported by Startup Client,Payment failure reported by Startup Client. This task is blocking critical business operations.,3,15,0.79,1.1,Healthcare,HIGH
Critical issue in Mobile App,Critical issue in Mobile App. Failure to resolve may result in financial or reputational damage.,7,10,0.68,5.3,Fintech,HIGH
Payment failure reported by Startup Client,Payment failure reported by Startup Client. This task is blocking critical business operations.,12,0,0.81,2.0,EdTech,HIGH
Integrate new API into Notification Service,Integrate new API into Notification Service. Important for improving overall system quality.,14,0,0.4,3.8,Healthcare,MEDIUM
Enhance internal documentation,Enhance internal documentation. No immediate operational risk involved.,3,1,0.09,0.7,E-commerce,LOW
Revenue-impacting defect in Profile,Revenue-impacting defect in Profile. This task is blocking critical business operations.,8,0,0.42,5.9,Healthcare,HIGH
Enhance performance of Data Pipeline,Enhance performance of Data Pipeline. Important for improving overall system quality.,20,3,0.16,2.9,AI Platform,MEDIUM
Enhance UI for Dashboard,Enhance UI for Dashboard. This enhancement supports ongoing optimization efforts.,36,10,0.0,0.3,SaaS,MEDIUM
Minor UI alignment fix,Minor UI alignment fix. This is a minor improvement with low business impact.,11,0,0.12,0.9,EdTech,LOW
Security breach detected in Auth Service,Security breach detected in Auth Service. This issue is affecting multiple stakeholders and requires immediate attention.,26,5,0.56,2.4,Fintech,HIGH
Security breach detected in Auth Service,Security breach detected in Auth Service. Failure to resolve may result in financial or reputational damage.,12,0,0.49,2.5,SaaS,HIGH
Revenue-impacting defect in Search,Revenue-impacting defect in Search. This issue is affecting multiple stakeholders and requires immediate attention.,14,9,0.62,4.3,E-commerce,HIGH
System crash during Search,System crash during Search. This issue is affecting multiple stakeholders and requires immediate attention.,-1,0,0.79,9.4,SaaS,HIGH
Client escalation regarding Settings,Client escalation regarding Settings. This task is blocking critical business operations.,17,0,0.38,2.7,Healthcare,HIGH
Upgrade billing process in Invoice Processing,Upgrade billing process in Invoice Processing. This enhancement supports ongoing optimization efforts.,23,0,0.44,3.4,AI Platform,MEDIUM
Improve comments in codebase,Improve comments in codebase. Can be addressed during routine maintenance.,45,6,0.18,0.5,AI Platform,LOW
Compliance violation in Marketing,Compliance violation in Marketing. This issue is affecting multiple stakeholders and requires immediate attention.,-1,6,0.44,2.5,Fintech,HIGH
Upgrade billing process in Budget Planning,Upgrade billing process in Budget Planning. This enhancement supports ongoing optimization efforts.,24,6,0.45,3.4,Healthcare,MEDIUM
Production outage affecting Billing Service,Production outage affecting Billing Service. Failure to resolve may result in financial or reputational damage.,16,3,0.56,4.8,AI Platform,HIGH
Critical issue in Frontend App,Critical issue in Frontend App. Failure to resolve may result in financial or reputational damage.,9,10,0.34,1.0,SaaS,HIGH
Update design theme slightly,Update design theme slightly. Can be addressed during routine maintenance.,-1,2,0.04,0.7,Healthcare,LOW
Cleanup unused resources,Cleanup unused resources. This is a minor improvement with low business impact.,57,2,0.01,1.2,E-commerce,LOW
Payment failure reported by Premium Customer,Payment failure reported by Premium Customer. This task is blocking critical business operations.,4,0,0.73,7.9,EdTech,HIGH
Payment failure reported by Premium Customer,Payment failure reported by Premium Customer. This task is blocking critical business operations.,-1,12,0.37,6.1,SaaS,HIGH
Upgrade billing process in Expense Audit,Upgrade billing process in Expense Audit. This enhancement supports ongoing optimization efforts.,11,0,0.04,2.8,EdTech,MEDIUM
Organize file structure,Organize file structure. This is a minor improvement with low business impact.,22,0,0.05,0.2,EdTech,LOW
Compliance violation in Operations,Compliance violation in Operations. This issue is affecting multiple stakeholders and requires immediate attention.,18,0,0.86,5.5,E-commerce,HIGH
Improve onboarding process for Payroll Review,Improve onboarding process for Payroll Review. This task will improve operational efficiency.,11,4,0.09,1.3,SaaS,MEDIUM
Audit failure in HR,Audit failure in HR. This task is blocking critical business operations.,16,4,0.21,3.0,AI Platform,HIGH
Immediate rollback required for Data Pipeline,Immediate rollback required for Data Pipeline. This task is blocking critical business operations.,1,6,0.54,6.0,SaaS,HIGH
Client escalation regarding Search,Client escalation regarding Search. Failure to resolve may result in financial or reputational damage.,20,10,0.25,4.0,SaaS,HIGH
System crash during Analytics,System crash during Analytics. This task is blocking critical business operations.,20,17,0.61,6.5,Healthcare,HIGH
Payment failure reported by Government Client,Payment failure reported by Government Client. This task is blocking critical business operations.,-1,5,0.2,1.8,Healthcare,HIGH
Revenue-impacting defect in Profile,Revenue-impacting defect in Profile. This task is blocking critical business operations.,22,0,0.54,3.9,Healthcare,HIGH
Cleanup unused resources,Cleanup unused resources. Can be addressed during routine maintenance.,12,3,0.02,0.3,EdTech,LOW
Audit failure in HR,Audit failure in HR. Failure to resolve may result in financial or reputational damage.,-1,12,0.29,1.3,E-commerce,HIGH
Improve onboarding process for Employee Onboarding,Improve onboarding process for Employee Onboarding. This task will improve operational efficiency.,20,0,0.12,1.0,AI Platform,MEDIUM
Critical issue in Auth Service,Critical issue in Auth Service. Failure to resolve may result in financial or reputational damage.,-1,7,0.73,8.8,Fintech,HIGH
Improve onboarding process for Employee Onboarding,Improve onboarding process for Employee Onboarding. This task will improve operational efficiency.,30,4,0.49,1.7,EdTech,MEDIUM
Upgrade billing process in Expense Audit,Upgrade billing process in Expense Audit. This task will improve operational efficiency.,14,0,0.31,2.6,EdTech,MEDIUM
Security breach detected in Backend API,Security breach detected in Backend API. Failure to resolve may result in financial or reputational damage.,12,2,0.31,7.2,Healthcare,HIGH
Automate campaign tracking for Black Friday Campaign,Automate campaign tracking for Black Friday Campaign. This enhancement supports ongoing optimization efforts.,27,3,0.11,2.0,E-commerce,MEDIUM
Immediate rollback required for Backend API,Immediate rollback required for Backend API. This issue is affecting multiple stakeholders and requires immediate attention.,-1,8,0.83,4.4,AI Platform,HIGH
Client escalation regarding Search,Client escalation regarding Search. This issue is affecting multiple stakeholders and requires immediate attention.,25,0,0.32,4.9,Healthcare,HIGH
Update design theme slightly,Update design theme slightly. No immediate operational risk involved.,-1,5,0.17,1.6,AI Platform,LOW
Optimize workflow in Sales,Optimize workflow in Sales. This enhancement supports ongoing optimization efforts.,-1,0,0.03,0.6,E-commerce,MEDIUM
Fix minor typo in documentation,Fix minor typo in documentation. Can be addressed during routine maintenance.,53,3,0.04,1.4,AI Platform,LOW
Immediate rollback required for Frontend App,Immediate rollback required for Frontend App. This issue is affecting multiple stakeholders and requires immediate attention.,11,11,0.48,9.9,AI Platform,HIGH
Fix minor typo in documentation,Fix minor typo in documentation. No immediate operational risk involved.,-1,4,0.01,0.9,EdTech,LOW
Optimize workflow in Sales,Optimize workflow in Sales. Important for improving overall system quality.,-1,8,0.42,3.7,EdTech,MEDIUM
Critical issue in Data Pipeline,Critical issue in Data Pipeline. Failure to resolve may result in financial or reputational damage.,14,0,0.73,8.5,Healthcare,HIGH
Compliance violation in Finance,Compliance violation in Finance. Failure to resolve may result in financial or reputational damage.,-1,7,0.88,4.5,Fintech,HIGH
Update dependency versions,Update dependency versions. Can be addressed during routine maintenance.,47,3,0.16,0.9,SaaS,LOW
Minor UI alignment fix,Minor UI alignment fix. This is a minor improvement with low business impact.,-1,0,0.16,1.4,E-commerce,LOW
Audit failure in Support,Audit failure in Support. Failure to resolve may result in financial or reputational damage.,7,14,0.79,5.6,Healthcare,HIGH
Improve formatting in Mobile App,Improve formatting in Mobile App. Can be addressed during routine maintenance.,85,1,0.18,0.7,Fintech,LOW
Upgrade billing process in Budget Planning,Upgrade billing process in Budget Planning. This enhancement supports ongoing optimization efforts.,-1,3,0.45,2.0,SaaS,MEDIUM
Enhance internal documentation,Enhance internal documentation. This is a minor improvement with low business impact.,-1,7,0.12,1.3,E-commerce,LOW
Audit failure in Operations,Audit failure in Operations. Failure to resolve may result in financial or reputational damage.,2,14,0.33,1.7,Fintech,HIGH
Minor UI alignment fix,Minor UI alignment fix. This is a minor improvement with low business impact.,37,1,0.15,1.4,Healthcare,LOW
Immediate rollback required for Mobile App,Immediate rollback required for Mobile App. This issue is affecting multiple stakeholders and requires immediate attention.,4,10,0.76,9.6,Healthcare,HIGH
Integrate new API into Inventory Service,Integrate new API into Inventory Service. This enhancement supports ongoing optimization efforts.,-1,0,0.19,1.0,SaaS,MEDIUM
Production outage affecting Reporting Service,Production outage affecting Reporting Service. This task is blocking critical business operations.,23,5,0.84,8.1,AI Platform,HIGH
Improve analytics reporting for Analytics,Improve analytics reporting for Analytics. Important for improving overall system quality.,4,9,0.31,3.6,Fintech,MEDIUM
Audit failure in Support,Audit failure in Support. This issue is affecting multiple stakeholders and requires immediate attention.,-1,0,0.67,8.5,SaaS,HIGH
Improve formatting in Backend API,Improve formatting in Backend API. No immediate operational risk involved.,14,7,0.04,1.5,E-commerce,LOW
Integrate new API into Notification Service,Integrate new API into Notification Service. Important for improving overall system quality.,22,8,0.11,3.6,Healthcare,MEDIUM
Update design theme slightly,Update design theme slightly. No immediate operational risk involved.,63,4,0.08,1.8,E-commerce,LOW
Compliance violation in Marketing,Compliance violation in Marketing. This task is blocking critical business operations.,4,15,0.32,2.2,AI Platform,HIGH
Revenue-impacting defect in Search,Revenue-impacting defect in Search. Failure to resolve may result in financial or reputational damage.,15,0,0.36,4.0,Fintech,HIGH
Cleanup unused resources,Cleanup unused resources. No immediate operational risk involved.,-1,0,0.16,0.6,AI Platform,LOW
Client escalation regarding Dashboard,Client escalation regarding Dashboard. Failure to resolve may result in financial or reputational damage.,13,0,0.63,4.7,E-commerce,HIGH
Enhance UI for Profile,Enhance UI for Profile. Important for improving overall system quality.,10,6,0.17,2.9,SaaS,MEDIUM
Immediate rollback required for Frontend App,Immediate rollback required for Frontend App. This task is blocking critical business operations.,7,7,0.5,7.4,Healthcare,HIGH
Improve formatting in Mobile App,Improve formatting in Mobile App. No immediate operational risk involved.,8,3,0.17,0.4,EdTech,LOW
Critical issue in Database,Critical issue in Database. This issue is affecting multiple stakeholders and requires immediate attention.,-1,0,0.41,8.6,E-commerce,HIGH
Compliance violation in Marketing,Compliance violation in Marketing. This task is blocking critical business operations.,-1,18,0.9,9.8,E-commerce,HIGH
Update design theme slightly,Update design theme slightly. No immediate operational risk involved.,-1,6,0.03,1.1,Healthcare,LOW
Refactor codebase in Payment Gateway,Refactor codebase in Payment Gateway. This task will improve operational efficiency.,17,6,0.49,2.9,EdTech,MEDIUM
Critical issue in Database,Critical issue in Database. This task is blocking critical business operations.,6,3,0.3,5.5,EdTech,HIGH
Improve comments in codebase,Improve comments in codebase. This is a minor improvement with low business impact.,23,0,0.12,1.2,Healthcare,LOW
Automate campaign tracking for Q4 Launch,Automate campaign tracking for Q4 Launch. This enhancement supports ongoing optimization efforts.,11,0,0.02,3.5,AI Platform,MEDIUM
Update dependency versions,Update dependency versions. Can be addressed during routine maintenance.,27,6,0.15,1.8,Healthcare,LOW
Production outage affecting Reporting Service,Production outage affecting Reporting Service. Failure to resolve may result in financial or reputational damage.,10,1,0.38,8.0,EdTech,HIGH
Update design theme slightly,Update design theme slightly. This is a minor improvement with low business impact.,23,0,0.02,0.5,EdTech,LOW
Update dependency versions,Update dependency versions. No immediate operational risk involved.,38,0,0.01,1.5,Fintech,LOW
Organize file structure,Organize file structure. No immediate operational risk involved.,29,3,0.07,1.0,SaaS,LOW
Security breach detected in Mobile App,Security breach detected in Mobile App. This task is blocking critical business operations.,14,0,0.53,6.7,Healthcare,HIGH
Payment failure reported by Enterprise Client,Payment failure reported by Enterprise Client. This issue is affecting multiple stakeholders and requires immediate attention.,5,11,0.46,1.4,AI Platform,HIGH
Upgrade billing process in Expense Audit,Upgrade billing process in Expense Audit. This task will improve operational efficiency.,26,2,0.05,3.2,AI Platform,MEDIUM
Improve onboarding process for Recruitment Drive,Improve onboarding process for Recruitment Drive. Important for improving overall system quality.,-1,4,0.0,2.3,E-commerce,MEDIUM
Improve formatting in Backend API,Improve formatting in Backend API. This is a minor improvement with low business impact.,46,2,0.08,1.9,SaaS,LOW
Audit failure in Marketing,Audit failure in Marketing. This task is blocking critical business operations.,1,10,0.77,9.4,EdTech,HIGH
Audit failure in Finance,Audit failure in Finance. This task is blocking critical business operations.,10,8,0.63,9.2,AI Platform,HIGH
Compliance violation in HR,Compliance violation in HR. This issue is affecting multiple stakeholders and requires immediate attention.,-1,13,0.28,1.0,Fintech,HIGH
Implement new feature for Analytics,Implement new feature for Analytics. This enhancement supports ongoing optimization efforts.,-1,3,0.03,0.7,Fintech,MEDIUM
Security breach detected in Frontend App,Security breach detected in Frontend App. Failure to resolve may result in financial or reputational damage.,5,0,0.9,8.4,AI Platform,HIGH
Immediate rollback required for Mobile App,Immediate rollback required for Mobile App. Failure to resolve may result in financial or reputational damage.,8,0,0.54,4.1,Healthcare,HIGH
Client escalation regarding Checkout,Client escalation regarding Checkout. Failure to resolve may result in financial or reputational damage.,-1,5,0.5,1.2,EdTech,HIGH
Audit failure in Finance,Audit failure in Finance. Failure to resolve may result in financial or reputational damage.,11,0,0.64,8.9,EdTech,HIGH
Refactor variable naming in Auth Service,Refactor variable naming in Auth Service. No immediate operational risk involved.,7,0,0.16,1.3,Healthcare,LOW
Enhance performance of Payment Gateway,Enhance performance of Payment Gateway. This enhancement supports ongoing optimization efforts.,-1,5,0.36,2.2,SaaS,MEDIUM
Improve analytics reporting for Profile,Improve analytics reporting for Profile. This task will improve operational efficiency.,-1,3,0.06,0.4,Fintech,MEDIUM
Security breach detected in Mobile App,Security breach detected in Mobile App. Failure to resolve may result in financial or reputational damage.,11,7,0.32,2.9,Healthcare,HIGH
Update design theme slightly,Update design theme slightly. This is a minor improvement with low business impact.,66,5,0.13,0.7,Fintech,LOW
Update dependency versions,Update dependency versions. Can be addressed during routine maintenance.,25,5,0.0,1.8,AI Platform,LOW
Improve analytics reporting for Settings,Improve analytics reporting for Settings. Important for improving overall system quality.,10,8,0.15,1.7,AI Platform,MEDIUM
Implement new feature for Checkout,Implement new feature for Checkout. This task will improve operational efficiency.,17,0,0.32,0.1,Fintech,MEDIUM
Improve comments in codebase,Improve comments in codebase. Can be addressed during routine maintenance.,-1,3,0.0,0.5,AI Platform,LOW
Organize file structure,Organize file structure. This is a minor improvement with low business impact.,-1,3,0.12,1.0,EdTech,LOW
Production outage affecting Reporting Service,Production outage affecting Reporting Service. This issue is affecting multiple stakeholders and requires immediate attention.,16,9,0.22,4.0,Healthcare,HIGH
Immediate rollback required for Data Pipeline,Immediate rollback required for Data Pipeline. Failure to resolve may result in financial or reputational damage.,13,0,0.3,5.1,EdTech,HIGH
Improve comments in codebase,Improve comments in codebase. No immediate operational risk involved.,24,0,0.17,1.2,EdTech,LOW
Security breach detected in Data Pipeline,Security breach detected in Data Pipeline. Failure to resolve may result in financial or reputational damage.,-1,14,0.87,6.2,SaaS,HIGH
Cleanup unused resources,Cleanup unused resources. No immediate operational risk involved.,37,6,0.11,1.3,E-commerce,LOW
Automate campaign tracking for Email Automation,Automate campaign tracking for Email Automation. Important for improving overall system quality.,23,0,0.25,3.9,E-commerce,MEDIUM
Update dependency versions,Update dependency versions. No immediate operational risk involved.,50,0,0.17,0.1,AI Platform,LOW
Client escalation regarding Checkout,Client escalation regarding Checkout. This issue is affecting multiple stakeholders and requires immediate attention.,12,4,0.47,4.1,AI Platform,HIGH
Update design theme slightly,Update design theme slightly. This is a minor improvement with low business impact.,12,1,0.19,1.6,EdTech,LOW
Revenue-impacting defect in Search,Revenue-impacting defect in Search. This issue is affecting multiple stakeholders and requires immediate attention.,4,4,0.64,1.8,Fintech,HIGH
Upgrade billing process in Budget Planning,Upgrade billing process in Budget Planning. This task will improve operational efficiency.,14,0,0.48,1.9,EdTech,MEDIUM
Cleanup unused resources,Cleanup unused resources. No immediate operational risk involved.,43,0,0.2,1.8,EdTech,LOW
Refactor variable naming in Frontend App,Refactor variable naming in Frontend App. This is a minor improvement with low business impact.,29,0,0.18,1.0,SaaS,LOW
Client escalation regarding Settings,Client escalation regarding Settings. This task is blocking critical business operations.,9,0,0.46,9.1,SaaS,HIGH
Fix minor typo in documentation,Fix minor typo in documentation. Can be addressed during routine maintenance.,69,1,0.15,0.3,EdTech,LOW
Improve onboarding process for Payroll Review,Improve onboarding process for Payroll Review. Important for improving overall system quality.,-1,6,0.35,2.2,E-commerce,MEDIUM
Improve onboarding process for Employee Onboarding,Improve onboarding process for Employee Onboarding. This enhancement supports ongoing optimization efforts.,25,2,0.32,3.5,AI Platform,MEDIUM
Enhance internal documentation,Enhance internal documentation. No immediate operational risk involved.,23,3,0.09,1.6,Fintech,LOW
Refactor variable naming in Data Pipeline,Refactor variable naming in Data Pipeline. This is a minor improvement with low business impact.,50,5,0.08,1.1,Fintech,LOW
Production outage affecting User Service,Production outage affecting User Service. Failure to resolve may result in financial or reputational damage.,-1,12,0.78,4.4,E-commerce,HIGH
Update dependency versions,Update dependency versions. No immediate operational risk involved.,9,3,0.09,0.1,Fintech,LOW
Upgrade billing process in Invoice Processing,Upgrade billing process in Invoice Processing. Important for improving overall system quality.,15,0,0.06,1.7,SaaS,MEDIUM
Implement new feature for Login,Implement new feature for Login. Important for improving overall system quality.,31,11,0.1,3.8,AI Platform,MEDIUM
Refactor codebase in Mobile App,Refactor codebase in Mobile App. Important for improving overall system quality.,-1,11,0.18,3.8,SaaS,MEDIUM
Cleanup unused resources,Cleanup unused resources. No immediate operational risk involved.,29,3,0.02,1.5,E-commerce,LOW
Immediate rollback required for Frontend App,Immediate rollback required for Frontend App. This task is blocking critical business operations.,20,2,0.41,1.6,AI Platform,HIGH
Automate campaign tracking for Email Automation,Automate campaign tracking for Email Automation. This task will improve operational efficiency.,41,6,0.31,2.9,AI Platform,MEDIUM
Update dependency versions,Update dependency versions. This is a minor improvement with low business impact.,65,0,0.15,1.9,SaaS,LOW
Integrate new API into User Service,Integrate new API into User Service. Important for improving overall system quality.,13,4,0.49,0.5,E-commerce,MEDIUM
Payment failure reported by Premium Customer,Payment failure reported by Premium Customer. This task is blocking critical business operations.,-1,4,0.86,1.4,SaaS,HIGH
Critical issue in Mobile App,Critical issue in Mobile App. This task is blocking critical business operations.,-1,0,0.61,7.9,Fintech,HIGH
Upgrade billing process in Expense Audit,Upgrade billing process in Expense Audit. This enhancement supports ongoing optimization efforts.,37,0,0.43,1.2,EdTech,MEDIUM
Enhance performance of Frontend App,Enhance performance of Frontend App. This task will improve operational efficiency.,7,7,0.16,3.8,E-commerce,MEDIUM
Enhance internal documentation,Enhance internal documentation. No immediate operational risk involved.,11,0,0.0,0.3,Healthcare,LOW
Update dependency versions,Update dependency versions. Can be addressed during routine maintenance.,26,6,0.13,0.6,AI Platform,LOW
Implement new feature for Login,Implement new feature for Login. This task will improve operational efficiency.,21,4,0.12,1.3,EdTech,MEDIUM
Enhance internal documentation,Enhance internal documentation. This is a minor improvement with low business impact.,33,7,0.18,1.4,Healthcare,LOW
Revenue-impacting defect in Analytics,Revenue-impacting defect in Analytics. Failure to resolve may result in financial or reputational damage.,1,4,0.59,3.2,Healthcare,HIGH
Upgrade billing process in Invoice Processing,Upgrade billing process in Invoice Processing. This enhancement supports ongoing optimization efforts.,17,4,0.07,1.1,EdTech,MEDIUM
Fix minor typo in documentation,Fix minor typo in documentation. Can be addressed during routine maintenance.,40,0,0.06,0.4,Fintech,LOW
Update design theme slightly,Update design theme slightly. No immediate operational risk involved.,-1,2,0.13,0.1,Healthcare,LOW
Critical issue in Frontend App,Critical issue in Frontend App. This task is blocking critical business operations.,5,0,0.52,3.4,Healthcare,HIGH
Compliance violation in Support,Compliance violation in Support. This task is blocking critical business operations.,9,0,0.55,9.7,EdTech,HIGH
Cleanup unused resources,Cleanup unused resources. This is a minor improvement with low business impact.,18,2,0.0,0.5,SaaS,LOW
Optimize workflow in Marketing,Optimize workflow in Marketing. Important for improving overall system quality.,-1,2,0.07,0.7,SaaS,MEDIUM
Improve analytics reporting for Search,Improve analytics reporting for Search. Important for improving overall system quality.,28,7,0.01,0.3,Fintech,MEDIUM
Compliance violation in Sales,Compliance violation in Sales. This issue is affecting multiple stakeholders and requires immediate attention.,26,0,0.37,6.3,Fintech,HIGH
Organize file structure,Organize file structure. Can be addressed during routine maintenance.,43,1,0.12,0.6,E-commerce,LOW
Payment failure reported by Startup Client,Payment failure reported by Startup Client. This task is blocking critical business operations.,11,0,0.69,2.8,SaaS,HIGH
Critical issue in Auth Service,Critical issue in Auth Service. This task is blocking critical business operations.,5,0,0.69,6.0,E-commerce,HIGH
Audit failure in Marketing,Audit failure in Marketing. This issue is affecting multiple stakeholders and requires immediate attention.,17,0,0.29,5.6,Fintech,HIGH
Optimize workflow in Support,Optimize workflow in Support. This task will improve operational efficiency.,8,0,0.2,3.9,EdTech,MEDIUM
System crash during Dashboard,System crash during Dashboard. This task is blocking critical business operations.,2,2,0.47,9.8,Fintech,HIGH
Audit failure in Finance,Audit failure in Finance. Failure to resolve may result in financial or reputational damage.,13,8,0.81,8.7,Fintech,HIGH
Refactor codebase in Database,Refactor codebase in Database. This task will improve operational efficiency.,16,6,0.24,2.5,EdTech,MEDIUM
Audit failure in HR,Audit failure in HR. This task is blocking critical business operations.,13,5,0.41,5.5,SaaS,HIGH
Fix minor typo in documentation,Fix minor typo in documentation. No immediate operational risk involved.,-1,0,0.0,0.9,Fintech,LOW
System crash during Checkout,System crash during Checkout. Failure to resolve may result in financial or reputational damage.,-1,0,0.88,6.6,SaaS,HIGH
Refactor variable naming in Frontend App,Refactor variable naming in Frontend App. Can be addressed during routine maintenance.,54,2,0.06,0.3,SaaS,LOW
Improve onboarding process for Employee Onboarding,Improve onboarding process for Employee Onboarding. This task will improve operational efficiency.,15,0,0.07,0.0,E-commerce,MEDIUM
Integrate new API into Notification Service,Integrate new API into Notification Service. This task will improve operational efficiency.,14,8,0.4,1.4,Healthcare,MEDIUM
Minor UI alignment fix,Minor UI alignment fix. Can be addressed during routine maintenance.,54,3,0.01,0.1,E-commerce,LOW
Update design theme slightly,Update design theme slightly. This is a minor improvement with low business impact.,-1,2,0.0,1.8,Fintech,LOW
Critical issue in Payment Gateway,Critical issue in Payment Gateway. This task is blocking critical business operations.,0,5,0.63,4.3,E-commerce,HIGH
Refactor codebase in Mobile App,Refactor codebase in Mobile App. This enhancement supports ongoing optimization efforts.,17,5,0.4,3.2,E-commerce,MEDIUM
Implement new feature for Analytics,Implement new feature for Analytics. This task will improve operational efficiency.,8,4,0.18,3.3,Healthcare,MEDIUM
Compliance violation in Support,Compliance violation in Support. Failure to resolve may result in financial or reputational damage.,8,3,0.75,3.1,EdTech,HIGH
Improve onboarding process for Recruitment Drive,Improve onboarding process for Recruitment Drive. This task will improve operational efficiency.,19,9,0.13,2.4,SaaS,MEDIUM
Update design theme slightly,Update design theme slightly. No immediate operational risk involved.,44,0,0.18,0.3,E-commerce,LOW
Enhance performance of Backend API,Enhance performance of Backend API. This task will improve operational efficiency.,-1,0,0.32,0.1,AI Platform,MEDIUM
Compliance violation in Marketing,Compliance violation in Marketing. This task is blocking critical business operations.,17,13,0.69,3.1,SaaS,HIGH
Upgrade billing process in Expense Audit,Upgrade billing process in Expense Audit. This enhancement supports ongoing optimization efforts.,24,8,0.3,3.0,Fintech,MEDIUM
Minor UI alignment fix,Minor UI alignment fix. This is a minor improvement with low business impact.,27,6,0.06,0.8,Fintech,LOW
Enhance performance of Auth Service,Enhance performance of Auth Service. Important for improving overall system quality.,15,5,0.29,2.7,EdTech,MEDIUM
Automate campaign tracking for Email Automation,Automate campaign tracking for Email Automation. Important for improving overall system quality.,20,3,0.3,2.9,SaaS,MEDIUM
System crash during Search,System crash during Search. Failure to resolve may result in financial or reputational damage.,19,0,0.3,3.7,Healthcare,HIGH
Compliance violation in Marketing,Compliance violation in Marketing. Failure to resolve may result in financial or reputational damage.,17,0,0.49,5.0,SaaS,HIGH
Implement new feature for Profile,Implement new feature for Profile. This task will improve operational efficiency.,27,1,0.32,1.0,SaaS,MEDIUM
Optimize workflow in HR,Optimize workflow in HR. This enhancement supports ongoing optimization efforts.,-1,0,0.18,3.2,SaaS,MEDIUM
Compliance violation in Finance,Compliance violation in Finance. This issue is affecting multiple stakeholders and requires immediate attention.,7,10,0.42,7.7,Fintech,HIGH
Audit failure in HR,Audit failure in HR. This issue is affecting multiple stakeholders and requires immediate attention.,-1,0,0.81,9.2,Healthcare,HIGH
Integrate new API into Billing Service,Integrate new API into Billing Service. Important for improving overall system quality.,19,4,0.25,1.1,E-commerce,MEDIUM
Enhance UI for Analytics,Enhance UI for Analytics. This task will improve operational efficiency.,19,7,0.43,3.7,E-commerce,MEDIUM
Payment failure reported by Startup Client,Payment failure reported by Startup Client. This issue is affecting multiple stakeholders and requires immediate attention.,16,0,0.49,5.2,Healthcare,HIGH
Integrate new API into Notification Service,Integrate new API into Notification Service. This enhancement supports ongoing optimization efforts.,-1,0,0.24,2.0,Healthcare,MEDIUM
Cleanup unused resources,Cleanup unused resources. Can be addressed during routine maintenance.,25,0,0.2,0.7,Healthcare,LOW
Enhance UI for Search,Enhance UI for Search. This task will improve operational efficiency.,19,5,0.05,1.6,AI Platform,MEDIUM
Improve comments in codebase,Improve comments in codebase. This is a minor improvement with low business impact.,31,5,0.17,1.4,Fintech,LOW
Client escalation regarding Analytics,Client escalation regarding Analytics. Failure to resolve may result in financial or reputational damage.,15,15,0.34,6.5,E-commerce,HIGH
Improve comments in codebase,Improve comments in codebase. Can be addressed during routine maintenance.,-1,2,0.1,0.8,Healthcare,LOW
Enhance UI for Search,Enhance UI for Search. This task will improve operational efficiency.,7,0,0.37,0.6,SaaS,MEDIUM
Integrate new API into Reporting Service,Integrate new API into Reporting Service. This task will improve operational efficiency.,17,6,0.41,2.9,E-commerce,MEDIUM
Enhance internal documentation,Enhance internal documentation. This is a minor improvement with low business impact.,39,7,0.1,1.6,Healthcare,LOW
Improve comments in codebase,Improve comments in codebase. No immediate operational risk involved.,-1,0,0.06,1.7,SaaS,LOW
Production outage affecting User Service,Production outage affecting User Service. Failure to resolve may result in financial or reputational damage.,14,9,0.24,4.5,Healthcare,HIGH
Client escalation regarding Checkout,Client escalation regarding Checkout. Failure to resolve may result in financial or reputational damage.,19,0,0.42,9.8,Healthcare,HIGH
Enhance performance of Mobile App,Enhance performance of Mobile App. This enhancement supports ongoing optimization efforts.,16,5,0.33,2.0,Fintech,MEDIUM
Fix minor typo in documentation,Fix minor typo in documentation. Can be addressed during routine maintenance.,27,0,0.18,1.4,AI Platform,LOW
Compliance violation in Finance,Compliance violation in Finance. Failure to resolve may result in financial or reputational damage.,8,11,0.54,4.2,AI Platform,HIGH
Improve comments in codebase,Improve comments in codebase. This is a minor improvement with low business impact.,15,4,0.15,1.9,SaaS,LOW
Update dependency versions,Update dependency versions. No immediate operational risk involved.,60,7,0.16,1.9,SaaS,LOW
Implement new feature for Checkout,Implement new feature for Checkout. This enhancement supports ongoing optimization efforts.,17,0,0.05,3.4,SaaS,MEDIUM
Improve onboarding process for Employee Onboarding,Improve onboarding process for Employee Onboarding. Important for improving overall system quality.,11,13,0.18,0.4,E-commerce,MEDIUM
Minor UI alignment fix,Minor UI alignment fix. This is a minor improvement with low business impact.,23,3,0.17,0.7,EdTech,LOW
Critical issue in Frontend App,Critical issue in Frontend App. This task is blocking critical business operations.,-1,0,0.56,5.5,E-commerce,HIGH
Refactor variable naming in Frontend App,Refactor variable naming in Frontend App. This is a minor improvement with low business impact.,38,0,0.13,1.9,EdTech,LOW
Immediate rollback required for Database,Immediate rollback required for Database. Failure to resolve may result in financial or reputational damage.,-1,0,0.59,4.8,AI Platform,HIGH
Cleanup unused resources,Cleanup unused resources. Can be addressed during routine maintenance.,-1,0,0.01,1.0,SaaS,LOW
Integrate new API into Inventory Service,Integrate new API into Inventory Service. Important for improving overall system quality.,38,0,0.42,0.4,EdTech,MEDIUM
Implement new feature for Login,Implement new feature for Login. This task will improve operational efficiency.,-1,4,0.14,1.1,EdTech,MEDIUM
Cleanup unused resources,Cleanup unused resources. Can be addressed during routine maintenance.,12,2,0.15,0.3,EdTech,LOW
Update dependency versions,Update dependency versions. This is a minor improvement with low business impact.,20,3,0.06,1.0,EdTech,LOW
Improve analytics reporting for Settings,Improve analytics reporting for Settings. Important for improving overall system quality.,25,10,0.46,3.1,Healthcare,MEDIUM
Minor UI alignment fix,Minor UI alignment fix. Can be addressed during routine maintenance.,65,6,0.02,1.6,EdTech,LOW
Revenue-impacting defect in Login,Revenue-impacting defect in Login. This issue is affecting multiple stakeholders and requires immediate attention.,12,0,0.68,6.8,SaaS,HIGH
Organize file structure,Organize file structure. Can be addressed during routine maintenance.,-1,2,0.09,1.2,E-commerce,LOW
Audit failure in Marketing,Audit failure in Marketing. Failure to resolve may result in financial or reputational damage.,6,0,0.49,8.8,AI Platform,HIGH
Security breach detected in Mobile App,Security breach detected in Mobile App. This issue is affecting multiple stakeholders and requires immediate attention.,18,14,0.71,5.8,AI Platform,HIGH
Minor UI alignment fix,Minor UI alignment fix. Can be addressed during routine maintenance.,37,3,0.13,0.3,Fintech,LOW
Enhance performance of Auth Service,Enhance performance of Auth Service. This task will improve operational efficiency.,15,1,0.34,2.5,AI Platform,MEDIUM
Upgrade billing process in Invoice Processing,Upgrade billing process in Invoice Processing. This task will improve operational efficiency.,24,0,0.24,1.5,Fintech,MEDIUM
Production outage affecting Notification Service,Production outage affecting Notification Service. This issue is affecting multiple stakeholders and requires immediate attention.,25,17,0.81,6.1,AI Platform,HIGH
Upgrade billing process in Invoice Processing,Upgrade billing process in Invoice Processing. This task will improve operational efficiency.,34,0,0.08,0.1,Healthcare,MEDIUM
Enhance performance of Mobile App,Enhance performance of Mobile App. This enhancement supports ongoing optimization efforts.,-1,4,0.24,1.0,SaaS,MEDIUM
Payment failure reported by Government Client,Payment failure reported by Government Client. This task is blocking critical business operations.,-1,10,0.74,7.1,SaaS,HIGH
Revenue-impacting defect in Login,Revenue-impacting defect in Login. This task is blocking critical business operations.,-1,3,0.78,1.8,SaaS,HIGH
Improve formatting in Mobile App,Improve formatting in Mobile App. This is a minor improvement with low business impact.,19,0,0.03,0.6,E-commerce,LOW
Update design theme slightly,Update design theme slightly. No immediate operational risk involved.,81,2,0.01,0.7,Healthcare,LOW
Enhance performance of Frontend App,Enhance performance of Frontend App. This task will improve operational efficiency.,28,6,0.14,1.2,E-commerce,MEDIUM
Refactor codebase in Data Pipeline,Refactor codebase in Data Pipeline. This task will improve operational efficiency.,18,6,0.03,1.1,E-commerce,MEDIUM
Improve onboarding process for Employee Onboarding,Improve onboarding process for Employee Onboarding. This task will improve operational efficiency.,25,8,0.4,3.3,E-commerce,MEDIUM
Update dependency versions,Update dependency versions. No immediate operational risk involved.,70,3,0.17,1.4,E-commerce,LOW
Fix minor typo in documentation,Fix minor typo in documentation. This is a minor improvement with low business impact.,-1,3,0.05,1.4,SaaS,LOW
Production outage affecting Notification Service,Production outage affecting Notification Service. This issue is affecting multiple stakeholders and requires immediate attention.,25,3,0.86,2.9,Healthcare,HIGH
Automate campaign tracking for Q4 Launch,Automate campaign tracking for Q4 Launch. Important for improving overall system quality.,24,0,0.11,1.1,SaaS,MEDIUM
Improve onboarding process for Employee Onboarding,Improve onboarding process for Employee Onboarding. Important for improving overall system quality.,-1,1,0.4,2.3,SaaS,MEDIUM
Critical issue in Auth Service,Critical issue in Auth Service. This task is blocking critical business operations.,17,0,0.65,7.7,EdTech,HIGH
Implement new feature for Profile,Implement new feature for Profile. This enhancement supports ongoing optimization efforts.,8,0,0.38,1.7,AI Platform,MEDIUM
Fix minor typo in documentation,Fix minor typo in documentation. No immediate operational risk involved.,39,0,0.08,1.2,Healthcare,LOW
Enhance UI for Settings,Enhance UI for Settings. This task will improve operational efficiency.,-1,5,0.31,2.1,Healthcare,MEDIUM
Enhance internal documentation,Enhance internal documentation. Can be addressed during routine maintenance.,47,0,0.1,1.5,EdTech,LOW
Improve analytics reporting for Profile,Improve analytics reporting for Profile. This enhancement supports ongoing optimization efforts.,15,8,0.1,3.9,Fintech,MEDIUM
Automate campaign tracking for Email Automation,Automate campaign tracking for Email Automation. This task will improve operational efficiency.,18,0,0.12,3.0,E-commerce,MEDIUM
Cleanup unused resources,Cleanup unused resources. This is a minor improvement with low business impact.,55,0,0.07,1.5,EdTech,LOW
Security breach detected in Frontend App,Security breach detected in Frontend App. Failure to resolve may result in financial or reputational damage.,-1,6,0.88,9.9,E-commerce,HIGH
Update dependency versions,Update dependency versions. This is a minor improvement with low business impact.,32,4,0.03,1.5,Healthcare,LOW
Enhance internal documentation,Enhance internal documentation. No immediate operational risk involved.,-1,1,0.11,1.4,Fintech,LOW
Enhance performance of Database,Enhance performance of Database. This enhancement supports ongoing optimization efforts.,14,4,0.47,3.4,EdTech,MEDIUM
Integrate new API into Reporting Service,Integrate new API into Reporting Service. This enhancement supports ongoing optimization efforts.,10,3,0.23,1.1,Fintech,MEDIUM
Improve onboarding process for Payroll Review,Improve onboarding process for Payroll Review. This enhancement supports ongoing optimization efforts.,38,0,0.14,2.9,SaaS,MEDIUM
Refactor codebase in Database,Refactor codebase in Database. This task will improve operational efficiency.,-1,7,0.34,0.9,EdTech,MEDIUM
Client escalation regarding Profile,Client escalation regarding Profile. This task is blocking critical business operations.,12,12,0.39,9.4,Fintech,HIGH
Payment failure reported by Startup Client,Payment failure reported by Startup Client. Failure to resolve may result in financial or reputational damage.,2,0,0.75,3.1,SaaS,HIGH
Optimize workflow in HR,Optimize workflow in HR. This task will improve operational efficiency.,16,11,0.04,0.5,Healthcare,MEDIUM
Minor UI alignment fix,Minor UI alignment fix. This is a minor improvement with low business impact.,27,0,0.05,0.0,EdTech,LOW
Automate campaign tracking for Black Friday Campaign,Automate campaign tracking for Black Friday Campaign. This enhancement supports ongoing optimization efforts.,32,5,0.03,2.7,Fintech,MEDIUM
Update design theme slightly,Update design theme slightly. Can be addressed during routine maintenance.,17,0,0.03,1.4,SaaS,LOW
Update design theme slightly,Update design theme slightly. No immediate operational risk involved.,70,2,0.2,0.7,Healthcare,LOW
Enhance internal documentation,Enhance internal documentation. No immediate operational risk involved.,18,2,0.17,0.2,SaaS,LOW
Improve comments in codebase,Improve comments in codebase. No immediate operational risk involved.,41,5,0.2,1.0,E-commerce,LOW
Fix minor typo in documentation,Fix minor typo in documentation. Can be addressed during routine maintenance.,-1,1,0.06,0.3,E-commerce,LOW
Improve formatting in Database,Improve formatting in Database. Can be addressed during routine maintenance.,-1,6,0.11,1.4,AI Platform,LOW
Compliance violation in Finance,Compliance violation in Finance. This issue is affecting multiple stakeholders and requires immediate attention.,3,13,0.41,1.8,EdTech,HIGH
Enhance internal documentation,Enhance internal documentation. No immediate operational risk involved.,33,5,0.05,1.8,Fintech,LOW
Refactor variable naming in Data Pipeline,Refactor variable naming in Data Pipeline. Can be addressed during routine maintenance.,12,1,0.12,0.6,Fintech,LOW
Production outage affecting User Service,Production outage affecting User Service. This task is blocking critical business operations.,7,4,0.38,4.4,Healthcare,HIGH
Integrate new API into Reporting Service,Integrate new API into Reporting Service. This task will improve operational efficiency.,17,9,0.04,1.9,Healthcare,MEDIUM
Audit failure in Marketing,Audit failure in Marketing. This issue is affecting multiple stakeholders and requires immediate attention.,-1,0,0.64,4.5,Fintech,HIGH
Improve onboarding process for Payroll Review,Improve onboarding process for Payroll Review. This enhancement supports ongoing optimization efforts.,-1,0,0.22,3.7,EdTech,MEDIUM
System crash during Login,System crash during Login. This task is blocking critical business operations.,-1,0,0.86,5.7,AI Platform,HIGH
Payment failure reported by Enterprise Client,Payment failure reported by Enterprise Client. Failure to resolve may result in financial or reputational damage.,-1,0,0.52,1.9,E-commerce,HIGH
Cleanup unused resources,Cleanup unused resources. This is a minor improvement with low business impact.,-1,2,0.1,1.1,SaaS,LOW
Compliance violation in Finance,Compliance violation in Finance. This task is blocking critical business operations.,-1,0,0.3,8.8,AI Platform,HIGH
Organize file structure,Organize file structure. Can be addressed during routine maintenance.,57,0,0.18,1.3,AI Platform,LOW
Audit failure in HR,Audit failure in HR. Failure to resolve may result in financial or reputational damage.,9,19,0.62,5.0,E-commerce,HIGH
Immediate rollback required for Mobile App,Immediate rollback required for Mobile App. This task is blocking critical business operations.,4,6,0.61,6.6,SaaS,HIGH
Upgrade billing process in Budget Planning,Upgrade billing process in Budget Planning. This enhancement supports ongoing optimization efforts.,23,0,0.14,1.8,SaaS,MEDIUM
Compliance violation in Support,Compliance violation in Support. Failure to resolve may result in financial or reputational damage.,4,0,0.4,1.3,Fintech,HIGH
Production outage affecting Billing Service,Production outage affecting Billing Service. Failure to resolve may result in financial or reputational damage.,17,9,0.28,7.4,EdTech,HIGH
Automate campaign tracking for Black Friday Campaign,Automate campaign tracking for Black Friday Campaign. Important for improving overall system quality.,32,8,0.49,3.1,EdTech,MEDIUM
Enhance performance of Data Pipeline,Enhance performance of Data Pipeline. This task will improve operational efficiency.,14,3,0.39,1.8,Healthcare,MEDIUM
Refactor variable naming in Frontend App,Refactor variable naming in Frontend App. No immediate operational risk involved.,-1,0,0.06,1.5,EdTech,LOW
Improve analytics reporting for Settings,Improve analytics reporting for Settings. Important for improving overall system quality.,16,3,0.44,2.1,AI Platform,MEDIUM
Improve analytics reporting for Checkout,Improve analytics reporting for Checkout. This enhancement supports ongoing optimization efforts.,21,10,0.06,1.0,SaaS,MEDIUM
Revenue-impacting defect in Checkout,Revenue-impacting defect in Checkout. This issue is affecting multiple stakeholders and requires immediate attention.,3,18,0.55,4.1,E-commerce,HIGH
Improve onboarding process for Recruitment Drive,Improve onboarding process for Recruitment Drive. Important for improving overall system quality.,15,2,0.17,3.8,AI Platform,MEDIUM
Improve onboarding process for Payroll Review,Improve onboarding process for Payroll Review. This enhancement supports ongoing optimization efforts.,24,7,0.17,2.3,Fintech,MEDIUM
Enhance performance of Payment Gateway,Enhance performance of Payment Gateway. This task will improve operational efficiency.,-1,2,0.34,0.9,Healthcare,MEDIUM
Improve onboarding process for Recruitment Drive,Improve onboarding process for Recruitment Drive. This enhancement supports ongoing optimization efforts.,15,11,0.33,4.0,E-commerce,MEDIUM
Revenue-impacting defect in Checkout,Revenue-impacting defect in Checkout. This issue is affecting multiple stakeholders and requires immediate attention.,26,0,0.52,8.7,Healthcare,HIGH
Improve comments in codebase,Improve comments in codebase. Can be addressed during routine maintenance.,68,2,0.16,0.5,Healthcare,LOW
Cleanup unused resources,Cleanup unused resources. This is a minor improvement with low business impact.,-1,6,0.15,0.8,SaaS,LOW
Organize file structure,Organize file structure. No immediate operational risk involved.,68,3,0.08,1.6,E-commerce,LOW
Critical issue in Database,Critical issue in Database. This issue is affecting multiple stakeholders and requires immediate attention.,-1,16,0.74,6.0,SaaS,HIGH
Improve onboarding process for Employee Onboarding,Improve onboarding process for Employee Onboarding. This enhancement supports ongoing optimization efforts.,-1,4,0.29,0.8,Healthcare,MEDIUM
Improve onboarding process for Recruitment Drive,Improve onboarding process for Recruitment Drive. This task will improve operational efficiency.,-1,0,0.45,1.8,SaaS,MEDIUM
Improve comments in codebase,Improve comments in codebase. This is a minor improvement with low business impact.,62,0,0.06,0.4,Fintech,LOW
Compliance violation in Support,Compliance violation in Support. Failure to resolve may result in financial or reputational damage.,-1,0,0.71,9.1,Fintech,HIGH
Enhance performance of Payment Gateway,Enhance performance of Payment Gateway. This enhancement supports ongoing optimization efforts.,35,5,0.21,0.5,Healthcare,MEDIUM
Update design theme slightly,Update design theme slightly. No immediate operational risk involved.,17,7,0.11,0.1,Healthcare,LOW
Update design theme slightly,Update design theme slightly. Can be addressed during routine maintenance.,-1,2,0.2,1.2,AI Platform,LOW
Refactor variable naming in Mobile App,Refactor variable naming in Mobile App. Can be addressed during routine maintenance.,65,0,0.07,1.6,AI Platform,LOW
Refactor variable naming in Frontend App,Refactor variable naming in Frontend App. No immediate operational risk involved.,26,0,0.04,0.2,SaaS,LOW
Client escalation regarding Checkout,Client escalation regarding Checkout. Failure to resolve may result in financial or reputational damage.,-1,0,0.62,7.8,Fintech,HIGH
Compliance violation in Finance,Compliance violation in Finance. This task is blocking critical business operations.,24,0,0.26,4.4,E-commerce,HIGH
Improve formatting in Mobile App,Improve formatting in Mobile App. No immediate operational risk involved.,57,3,0.17,1.4,AI Platform,LOW
Compliance violation in Marketing,Compliance violation in Marketing. This issue is affecting multiple stakeholders and requires immediate attention.,6,10,0.81,7.2,Fintech,HIGH
Implement new feature for Search,Implement new feature for Search. This task will improve operational efficiency.,24,3,0.38,3.4,EdTech,MEDIUM
Enhance UI for Dashboard,Enhance UI for Dashboard. This enhancement supports ongoing optimization efforts.,15,6,0.06,1.6,Healthcare,MEDIUM
Revenue-impacting defect in Login,Revenue-impacting defect in Login. This issue is affecting multiple stakeholders and requires immediate attention.,20,11,0.27,3.0,Fintech,HIGH
Enhance internal documentation,Enhance internal documentation. This is a minor improvement with low business impact.,-1,3,0.19,0.8,AI Platform,LOW
Enhance internal documentation,Enhance internal documentation. Can be addressed during routine maintenance.,31,2,0.07,0.6,Healthcare,LOW
Refactor variable naming in Payment Gateway,Refactor variable naming in Payment Gateway. Can be addressed during routine maintenance.,11,0,0.19,1.3,E-commerce,LOW
Audit failure in Operations,Audit failure in Operations. Failure to resolve may result in financial or reputational damage.,19,10,0.39,9.1,EdTech,HIGH
Integrate new API into User Service,Integrate new API into User Service. This task will improve operational efficiency.,40,4,0.45,1.6,Fintech,MEDIUM
Improve onboarding process for Payroll Review,Improve onboarding process for Payroll Review. Important for improving overall system quality.,16,0,0.09,1.3,Fintech,MEDIUM
Security breach detected in Frontend App,Security breach detected in Frontend App. This task is blocking critical business operations.,9,9,0.85,2.8,SaaS,HIGH
Update dependency versions,Update dependency versions. This is a minor improvement with low business impact.,12,2,0.04,1.9,Fintech,LOW
Organize file structure,Organize file structure. Can be addressed during routine maintenance.,27,2,0.03,1.3,AI Platform,LOW
Minor UI alignment fix,Minor UI alignment fix. This is a minor improvement with low business impact.,33,0,0.07,1.4,EdTech,LOW
Improve comments in codebase,Improve comments in codebase. No immediate operational risk involved.,10,4,0.2,1.2,Healthcare,LOW
Enhance performance of Auth Service,Enhance performance of Auth Service. Important for improving overall system quality.,15,10,0.14,1.9,SaaS,MEDIUM
Update design theme slightly,Update design theme slightly. This is a minor improvement with low business impact.,50,2,0.17,1.3,AI Platform,LOW
Improve analytics reporting for Profile,Improve analytics reporting for Profile. This enhancement supports ongoing optimization efforts.,31,1,0.05,3.8,EdTech,MEDIUM
Enhance internal documentation,Enhance internal documentation. Can be addressed during routine maintenance.,25,0,0.05,0.7,EdTech,LOW
Audit failure in HR,Audit failure in HR. This task is blocking critical business operations.,3,16,0.55,6.0,E-commerce,HIGH
Update dependency versions,Update dependency versions. No immediate operational risk involved.,46,2,0.19,0.9,AI Platform,LOW
Integrate new API into Notification Service,Integrate new API into Notification Service. Important for improving overall system quality.,9,5,0.45,3.9,AI Platform,MEDIUM
System crash during Dashboard,System crash during Dashboard. This issue is affecting multiple stakeholders and requires immediate attention.,12,0,0.23,7.0,Fintech,HIGH
Payment failure reported by Enterprise Client,Payment failure reported by Enterprise Client. This issue is affecting multiple stakeholders and requires immediate attention.,15,9,0.28,3.0,E-commerce,HIGH
Enhance performance of Frontend App,Enhance performance of Frontend App. Important for improving overall system quality.,14,12,0.34,1.6,E-commerce,MEDIUM
Security breach detected in Payment Gateway,Security breach detected in Payment Gateway. Failure to resolve may result in financial or reputational damage.,21,11,0.55,3.3,EdTech,HIGH
Optimize workflow in Marketing,Optimize workflow in Marketing. This task will improve operational efficiency.,37,4,0.35,3.2,SaaS,MEDIUM
Cleanup unused resources,Cleanup unused resources. Can be addressed during routine maintenance.,-1,7,0.01,1.9,E-commerce,LOW
Refactor variable naming in Auth Service,Refactor variable naming in Auth Service. This is a minor improvement with low business impact.,38,0,0.12,0.5,AI Platform,LOW
Integrate new API into Billing Service,Integrate new API into Billing Service. This enhancement supports ongoing optimization efforts.,24,0,0.04,3.6,SaaS,MEDIUM
Compliance violation in HR,Compliance violation in HR. This task is blocking critical business operations.,4,9,0.36,9.5,SaaS,HIGH
Audit failure in Sales,Audit failure in Sales. Failure to resolve may result in financial or reputational damage.,15,0,0.9,9.9,E-commerce,HIGH
Revenue-impacting defect in Profile,Revenue-impacting defect in Profile. This task is blocking critical business operations.,18,8,0.54,2.8,AI Platform,HIGH
Cleanup unused resources,Cleanup unused resources. This is a minor improvement with low business impact.,41,1,0.18,0.0,EdTech,LOW
Revenue-impacting defect in Dashboard,Revenue-impacting defect in Dashboard. This task is blocking critical business operations.,14,9,0.33,9.9,SaaS,HIGH
Fix minor typo in documentation,Fix minor typo in documentation. No immediate operational risk involved.,34,4,0.02,0.8,Fintech,LOW
Fix minor typo in documentation,Fix minor typo in documentation. Can be addressed during routine maintenance.,42,0,0.15,1.1,EdTech,LOW
Compliance violation in Marketing,Compliance violation in Marketing. This task is blocking critical business operations.,-1,0,0.7,4.7,SaaS,HIGH
Improve onboarding process for Payroll Review,Improve onboarding process for Payroll Review. This enhancement supports ongoing optimization efforts.,34,3,0.18,3.2,Healthcare,MEDIUM
Fix minor typo in documentation,Fix minor typo in documentation. Can be addressed during routine maintenance.,22,3,0.14,0.2,AI Platform,LOW
Audit failure in Operations,Audit failure in Operations. This task is blocking critical business operations.,10,2,0.46,8.1,AI Platform,HIGH
Audit failure in Marketing,Audit failure in Marketing. This task is blocking critical business operations.,12,9,0.61,7.8,EdTech,HIGH
Enhance performance of Mobile App,Enhance performance of Mobile App. This enhancement supports ongoing optimization efforts.,14,3,0.03,2.2,E-commerce,MEDIUM
Minor UI alignment fix,Minor UI alignment fix. Can be addressed during routine maintenance.,45,5,0.02,0.1,E-commerce,LOW
Update dependency versions,Update dependency versions. Can be addressed during routine maintenance.,-1,0,0.1,2.0,E-commerce,LOW
Refactor variable naming in Frontend App,Refactor variable naming in Frontend App. Can be addressed during routine maintenance.,58,0,0.09,0.6,Healthcare,LOW
Optimize workflow in Sales,Optimize workflow in Sales. This enhancement supports ongoing optimization efforts.,14,6,0.11,2.4,Healthcare,MEDIUM
System crash during Checkout,System crash during Checkout. This task is blocking critical business operations.,-1,0,0.47,8.4,EdTech,HIGH
Payment failure reported by Enterprise Client,Payment failure reported by Enterprise Client. This task is blocking critical business operations.,6,8,0.46,1.0,EdTech,HIGH
Enhance UI for Profile,Enhance UI for Profile. This enhancement supports ongoing optimization efforts.,19,0,0.21,2.5,SaaS,MEDIUM
Automate campaign tracking for Email Automation,Automate campaign tracking for Email Automation. Important for improving overall system quality.,-1,13,0.31,0.4,Fintech,MEDIUM
Security breach detected in Payment Gateway,Security breach detected in Payment Gateway. This issue is affecting multiple stakeholders and requires immediate attention.,-1,0,0.83,1.3,AI Platform,HIGH
Immediate rollback required for Database,Immediate rollback required for Database. Failure to resolve may result in financial or reputational damage.,-1,6,0.37,3.2,SaaS,HIGH
Organize file structure,Organize file structure. This is a minor improvement with low business impact.,-1,4,0.08,0.3,SaaS,LOW
Improve comments in codebase,Improve comments in codebase. Can be addressed during routine maintenance.,28,2,0.13,1.1,Fintech,LOW
Improve onboarding process for Recruitment Drive,Improve onboarding process for Recruitment Drive. This enhancement supports ongoing optimization efforts.,16,9,0.05,2.6,Healthcare,MEDIUM
Security breach detected in Payment Gateway,Security breach detected in Payment Gateway. This issue is affecting multiple stakeholders and requires immediate attention.,-1,15,0.77,3.3,Healthcare,HIGH
Improve onboarding process for Payroll Review,Improve onboarding process for Payroll Review. Important for improving overall system quality.,6,0,0.48,3.0,SaaS,MEDIUM
Improve analytics reporting for Checkout,Improve analytics reporting for Checkout. This enhancement supports ongoing optimization efforts.,20,7,0.23,3.7,E-commerce,MEDIUM
Refactor variable naming in Mobile App,Refactor variable naming in Mobile App. This is a minor improvement with low business impact.,-1,0,0.14,1.5,E-commerce,LOW
Security breach detected in Data Pipeline,Security breach detected in Data Pipeline. This issue is affecting multiple stakeholders and requires immediate attention.,8,0,0.34,2.3,E-commerce,HIGH
Cleanup unused resources,Cleanup unused resources. Can be addressed during routine maintenance.,29,0,0.03,0.4,Healthcare,LOW
Improve onboarding process for Employee Onboarding,Improve onboarding process for Employee Onboarding. This enhancement supports ongoing optimization efforts.,13,9,0.4,2.4,Fintech,MEDIUM
Revenue-impacting defect in Analytics,Revenue-impacting defect in Analytics. This issue is affecting multiple stakeholders and requires immediate attention.,4,10,0.65,1.5,SaaS,HIGH
Automate campaign tracking for Referral Program,Automate campaign tracking for Referral Program. This enhancement supports ongoing optimization efforts.,30,14,0.44,2.5,Healthcare,MEDIUM
Security breach detected in Auth Service,Security breach detected in Auth Service. This task is blocking critical business operations.,7,0,0.51,2.2,SaaS,HIGH
Compliance violation in Marketing,Compliance violation in Marketing. Failure to resolve may result in financial or reputational damage.,3,16,0.39,6.9,Healthcare,HIGH
Enhance internal documentation,Enhance internal documentation. This is a minor improvement with low business impact.,32,2,0.05,0.9,Fintech,LOW
Organize file structure,Organize file structure. This is a minor improvement with low business impact.,-1,3,0.07,1.6,Healthcare,LOW
Enhance performance of Frontend App,Enhance performance of Frontend App. This enhancement supports ongoing optimization efforts.,26,1,0.47,1.7,SaaS,MEDIUM
Compliance violation in Support,Compliance violation in Support. Failure to resolve may result in financial or reputational damage.,6,0,0.78,7.4,Fintech,HIGH
Implement new feature for Search,Implement new feature for Search. This task will improve operational efficiency.,37,4,0.32,3.1,Fintech,MEDIUM
Revenue-impacting defect in Analytics,Revenue-impacting defect in Analytics. This issue is affecting multiple stakeholders and requires immediate attention.,7,9,0.57,2.7,Fintech,HIGH
Minor UI alignment fix,Minor UI alignment fix. Can be addressed during routine maintenance.,37,2,0.09,1.3,EdTech,LOW
Enhance internal documentation,Enhance internal documentation. This is a minor improvement with low business impact.,56,0,0.01,0.8,Healthcare,LOW
Payment failure reported by Enterprise Client,Payment failure reported by Enterprise Client. Failure to resolve may result in financial or reputational damage.,4,7,0.72,5.0,Healthcare,HIGH
Enhance internal documentation,Enhance internal documentation. Can be addressed during routine maintenance.,54,6,0.12,0.5,EdTech,LOW
Organize file structure,Organize file structure. Can be addressed during routine maintenance.,13,0,0.0,0.7,AI Platform,LOW
Refactor codebase in Backend API,Refactor codebase in Backend API. This enhancement supports ongoing optimization efforts.,-1,5,0.07,2.3,Fintech,MEDIUM
Compliance violation in Marketing,Compliance violation in Marketing. This task is blocking critical business operations.,-1,12,0.84,5.3,E-commerce,HIGH
Upgrade billing process in Expense Audit,Upgrade billing process in Expense Audit. Important for improving overall system quality.,8,12,0.34,1.1,AI Platform,MEDIUM
Improve formatting in Mobile App,Improve formatting in Mobile App. No immediate operational risk involved.,-1,5,0.08,1.7,EdTech,LOW
System crash during Login,System crash during Login. Failure to resolve may result in financial or reputational damage.,12,7,0.82,8.7,EdTech,HIGH
Payment failure reported by Government Client,Payment failure reported by Government Client. Failure to resolve may result in financial or reputational damage.,17,5,0.71,2.5,SaaS,HIGH
System crash during Search,System crash during Search. This issue is affecting multiple stakeholders and requires immediate attention.,26,2,0.78,2.9,AI Platform,HIGH
Improve onboarding process for Employee Onboarding,Improve onboarding process for Employee Onboarding. Important for improving overall system quality.,25,0,0.21,2.4,SaaS,MEDIUM
Cleanup unused resources,Cleanup unused resources. Can be addressed during routine maintenance.,-1,1,0.14,0.4,E-commerce,LOW
Automate campaign tracking for Email Automation,Automate campaign tracking for Email Automation. This enhancement supports ongoing optimization efforts.,16,7,0.48,0.3,AI Platform,MEDIUM
Security breach detected in Mobile App,Security breach detected in Mobile App. This task is blocking critical business operations.,7,12,0.87,7.5,E-commerce,HIGH
Update dependency versions,Update dependency versions. Can be addressed during routine maintenance.,70,0,0.09,1.0,SaaS,LOW
Improve comments in codebase,Improve comments in codebase. This is a minor improvement with low business impact.,31,2,0.2,1.8,SaaS,LOW
System crash during Profile,System crash during Profile. This task is blocking critical business operations.,4,13,0.26,5.6,Fintech,HIGH
Update design theme slightly,Update design theme slightly. This is a minor improvement with low business impact.,28,1,0.16,1.2,Fintech,LOW
Compliance violation in Operations,Compliance violation in Operations. This issue is affecting multiple stakeholders and requires immediate attention.,4,0,0.33,8.0,SaaS,HIGH
Revenue-impacting defect in Checkout,Revenue-impacting defect in Checkout. Failure to resolve may result in financial or reputational damage.,5,10,0.3,6.8,E-commerce,HIGH
Security breach detected in Backend API,Security breach detected in Backend API. Failure to resolve may result in financial or reputational damage.,2,7,0.63,3.8,E-commerce,HIGH
Automate campaign tracking for Email Automation,Automate campaign tracking for Email Automation. This enhancement supports ongoing optimization efforts.,9,8,0.49,2.4,Fintech,MEDIUM
Organize file structure,Organize file structure. Can be addressed during routine maintenance.,49,3,0.09,0.2,Healthcare,LOW
Fix minor typo in documentation,Fix minor typo in documentation. This is a minor improvement with low business impact.,25,7,0.09,1.9,Healthcare,LOW
Enhance UI for Settings,Enhance UI for Settings. This task will improve operational efficiency.,14,0,0.02,0.0,Fintech,MEDIUM
Enhance internal documentation,Enhance internal documentation. Can be addressed during routine maintenance.,38,7,0.05,0.3,AI Platform,LOW
Client escalation regarding Login,Client escalation regarding Login. This issue is affecting multiple stakeholders and requires immediate attention.,4,13,0.88,6.2,Fintech,HIGH
Upgrade billing process in Expense Audit,Upgrade billing process in Expense Audit. This task will improve operational efficiency.,15,9,0.01,3.5,E-commerce,MEDIUM
Enhance internal documentation,Enhance internal documentation. This is a minor improvement with low business impact.,-1,4,0.15,1.0,EdTech,LOW
Security breach detected in Payment Gateway,Security breach detected in Payment Gateway. This issue is affecting multiple stakeholders and requires immediate attention.,17,11,0.82,1.8,AI Platform,HIGH
Minor UI alignment fix,Minor UI alignment fix. No immediate operational risk involved.,23,2,0.19,1.7,SaaS,LOW
Integrate new API into User Service,Integrate new API into User Service. Important for improving overall system quality.,-1,11,0.11,1.0,E-commerce,MEDIUM
Payment failure reported by Government Client,Payment failure reported by Government Client. This task is blocking critical business operations.,15,17,0.27,9.8,SaaS,HIGH
Client escalation regarding Analytics,Client escalation regarding Analytics. Failure to resolve may result in financial or reputational damage.,15,5,0.48,3.7,Healthcare,HIGH
Client escalation regarding Dashboard,Client escalation regarding Dashboard. This issue is affecting multiple stakeholders and requires immediate attention.,14,13,0.52,7.1,AI Platform,HIGH
Immediate rollback required for Auth Service,Immediate rollback required for Auth Service. This task is blocking critical business operations.,8,0,0.74,3.2,Healthcare,HIGH
Security breach detected in Backend API,Security breach detected in Backend API. This task is blocking critical business operations.,11,0,0.76,7.2,SaaS,HIGH
Upgrade billing process in Budget Planning,Upgrade billing process in Budget Planning. Important for improving overall system quality.,18,4,0.45,0.2,SaaS,MEDIUM
Automate campaign tracking for Black Friday Campaign,Automate campaign tracking for Black Friday Campaign. This enhancement supports ongoing optimization efforts.,5,8,0.44,1.1,Fintech,MEDIUM
Security breach detected in Frontend App,Security breach detected in Frontend App. This task is blocking critical business operations.,-1,6,0.43,5.0,SaaS,HIGH
Update dependency versions,Update dependency versions. No immediate operational risk involved.,-1,3,0.1,1.1,Fintech,LOW
Enhance performance of Database,Enhance performance of Database. Important for improving overall system quality.,19,11,0.36,2.6,SaaS,MEDIUM
Immediate rollback required for Backend API,Immediate rollback required for Backend API. This issue is affecting multiple stakeholders and requires immediate attention.,14,5,0.49,7.3,AI Platform,HIGH
Update dependency versions,Update dependency versions. No immediate operational risk involved.,-1,0,0.12,0.2,Fintech,LOW
Refactor variable naming in Mobile App,Refactor variable naming in Mobile App. No immediate operational risk involved.,43,0,0.09,1.3,SaaS,LOW
Compliance violation in Sales,Compliance violation in Sales. Failure to resolve may result in financial or reputational damage.,5,0,0.61,1.5,EdTech,HIGH
Upgrade billing process in Invoice Processing,Upgrade billing process in Invoice Processing. This enhancement supports ongoing optimization efforts.,11,6,0.43,2.5,EdTech,MEDIUM
Fix minor typo in documentation,Fix minor typo in documentation. Can be addressed during routine maintenance.,36,7,0.12,1.6,Fintech,LOW
Minor UI alignment fix,Minor UI alignment fix. No immediate operational risk involved.,34,0,0.16,1.3,AI Platform,LOW
Enhance performance of Data Pipeline,Enhance performance of Data Pipeline. Important for improving overall system quality.,36,7,0.29,2.4,AI Platform,MEDIUM
Integrate new API into Billing Service,Integrate new API into Billing Service. Important for improving overall system quality.,9,5,0.11,1.2,Fintech,MEDIUM
Payment failure reported by Enterprise Client,Payment failure reported by Enterprise Client. Failure to resolve may result in financial or reputational damage.,16,10,0.22,4.6,EdTech,HIGH
Improve comments in codebase,Improve comments in codebase. No immediate operational risk involved.,-1,6,0.0,0.9,Healthcare,LOW
Update dependency versions,Update dependency versions. No immediate operational risk involved.,-1,7,0.11,1.9,SaaS,LOW
Revenue-impacting defect in Analytics,Revenue-impacting defect in Analytics. This issue is affecting multiple stakeholders and requires immediate attention.,13,0,0.3,7.1,AI Platform,HIGH
Fix minor typo in documentation,Fix minor typo in documentation. Can be addressed during routine maintenance.,37,4,0.15,0.0,E-commerce,LOW
Improve analytics reporting for Analytics,Improve analytics reporting for Analytics. Important for improving overall system quality.,28,5,0.28,1.0,E-commerce,MEDIUM
Audit failure in Operations,Audit failure in Operations. This task is blocking critical business operations.,-1,12,0.68,6.6,SaaS,HIGH
Improve comments in codebase,Improve comments in codebase. Can be addressed during routine maintenance.,13,4,0.06,1.8,Healthcare,LOW
Refactor codebase in Auth Service,Refactor codebase in Auth Service. This task will improve operational efficiency.,-1,6,0.35,1.2,SaaS,MEDIUM
Organize file structure,Organize file structure. This is a minor improvement with low business impact.,46,0,0.09,1.8,Fintech,LOW
Fix minor typo in documentation,Fix minor typo in documentation. No immediate operational risk involved.,41,0,0.19,1.2,EdTech,LOW
Fix minor typo in documentation,Fix minor typo in documentation. Can be addressed during routine maintenance.,6,4,0.06,1.9,E-commerce,LOW
System crash during Analytics,System crash during Analytics. Failure to resolve may result in financial or reputational damage.,25,8,0.77,9.5,SaaS,HIGH
Update design theme slightly,Update design theme slightly. Can be addressed during routine maintenance.,3,0,0.05,1.9,Fintech,LOW
Update design theme slightly,Update design theme slightly. No immediate operational risk involved.,43,1,0.04,0.7,Healthcare,LOW
Payment failure reported by Premium Customer,Payment failure reported by Premium Customer. This task is blocking critical business operations.,23,9,0.67,6.9,Healthcare,HIGH
Security breach detected in Backend API,Security breach detected in Backend API. Failure to resolve may result in financial or reputational damage.,11,0,0.68,6.4,Fintech,HIGH
Integrate new API into Notification Service,Integrate new API into Notification Service. This task will improve operational efficiency.,32,9,0.38,1.4,SaaS,MEDIUM
Optimize workflow in Operations,Optimize workflow in Operations. Important for improving overall system quality.,33,6,0.35,0.6,EdTech,MEDIUM
Improve comments in codebase,Improve comments in codebase. Can be addressed during routine maintenance.,-1,3,0.06,0.8,E-commerce,LOW
Client escalation regarding Checkout,Client escalation regarding Checkout. This issue is affecting multiple stakeholders and requires immediate attention.,-1,10,0.58,3.6,Fintech,HIGH
Cleanup unused resources,Cleanup unused resources. No immediate operational risk involved.,40,2,0.01,0.7,Healthcare,LOW
Critical issue in Frontend App,Critical issue in Frontend App. Failure to resolve may result in financial or reputational damage.,4,14,0.81,2.3,E-commerce,HIGH
Security breach detected in Backend API,Security breach detected in Backend API. This task is blocking critical business operations.,7,4,0.62,4.0,Fintech,HIGH
Fix minor typo in documentation,Fix minor typo in documentation. Can be addressed during routine maintenance.,56,0,0.07,0.8,E-commerce,LOW
Implement new feature for Analytics,Implement new feature for Analytics. This enhancement supports ongoing optimization efforts.,14,7,0.2,1.6,SaaS,MEDIUM
Enhance performance of Payment Gateway,Enhance performance of Payment Gateway. Important for improving overall system quality.,21,9,0.31,0.1,AI Platform,MEDIUM
Organize file structure,Organize file structure. No immediate operational risk involved.,29,5,0.06,1.2,EdTech,LOW
Fix minor typo in documentation,Fix minor typo in documentation. No immediate operational risk involved.,32,3,0.02,1.4,EdTech,LOW
Improve analytics reporting for Profile,Improve analytics reporting for Profile. This enhancement supports ongoing optimization efforts.,17,10,0.02,3.3,AI Platform,MEDIUM
Production outage affecting Notification Service,Production outage affecting Notification Service. Failure to resolve may result in financial or reputational damage.,13,5,0.62,5.5,Healthcare,HIGH
Update design theme slightly,Update design theme slightly. Can be addressed during routine maintenance.,20,6,0.03,0.5,SaaS,LOW
Improve comments in codebase,Improve comments in codebase. No immediate operational risk involved.,63,0,0.08,0.3,Fintech,LOW
Improve formatting in Data Pipeline,Improve formatting in Data Pipeline. This is a minor improvement with low business impact.,49,2,0.04,1.3,SaaS,LOW
Improve analytics reporting for Dashboard,Improve analytics reporting for Dashboard. This task will improve operational efficiency.,-1,3,0.18,0.3,AI Platform,MEDIUM
Improve comments in codebase,Improve comments in codebase. This is a minor improvement with low business impact.,21,1,0.05,0.3,Fintech,LOW
Improve onboarding process for Employee Onboarding,Improve onboarding process for Employee Onboarding. Important for improving overall system quality.,-1,0,0.12,3.5,E-commerce,MEDIUM
Refactor variable naming in Auth Service,Refactor variable naming in Auth Service. This is a minor improvement with low business impact.,-1,8,0.1,1.0,E-commerce,LOW
Enhance internal documentation,Enhance internal documentation. No immediate operational risk involved.,77,7,0.19,1.9,AI Platform,LOW
Production outage affecting Billing Service,Production outage affecting Billing Service. This issue is affecting multiple stakeholders and requires immediate attention.,22,8,0.33,9.3,E-commerce,HIGH
Payment failure reported by Startup Client,Payment failure reported by Startup Client. This task is blocking critical business operations.,17,0,0.76,3.8,AI Platform,HIGH
Immediate rollback required for Frontend App,Immediate rollback required for Frontend App. This issue is affecting multiple stakeholders and requires immediate attention.,4,0,0.28,4.7,E-commerce,HIGH
Improve comments in codebase,Improve comments in codebase. This is a minor improvement with low business impact.,26,3,0.09,0.6,SaaS,LOW
Critical issue in Database,Critical issue in Database. Failure to resolve may result in financial or reputational damage.,12,8,0.88,9.2,Fintech,HIGH
Minor UI alignment fix,Minor UI alignment fix. Can be addressed during routine maintenance.,19,0,0.11,1.5,EdTech,LOW
System crash during Login,System crash during Login. This issue is affecting multiple stakeholders and requires immediate attention.,15,0,0.77,2.2,Healthcare,HIGH
Payment failure reported by Government Client,Payment failure reported by Government Client. This issue is affecting multiple stakeholders and requires immediate attention.,1,4,0.54,8.2,SaaS,HIGH
Update dependency versions,Update dependency versions. No immediate operational risk involved.,24,5,0.05,0.6,AI Platform,LOW
Cleanup unused resources,Cleanup unused resources. Can be addressed during routine maintenance.,-1,7,0.06,0.0,AI Platform,LOW
Update design theme slightly,Update design theme slightly. This is a minor improvement with low business impact.,33,2,0.11,0.7,Fintech,LOW
Enhance performance of Database,Enhance performance of Database. Important for improving overall system quality.,18,8,0.03,2.5,EdTech,MEDIUM
Automate campaign tracking for Black Friday Campaign,Automate campaign tracking for Black Friday Campaign. Important for improving overall system quality.,23,2,0.21,1.6,Healthcare,MEDIUM
Optimize workflow in Sales,Optimize workflow in Sales. Important for improving overall system quality.,6,0,0.22,3.5,E-commerce,MEDIUM
Improve comments in codebase,Improve comments in codebase. No immediate operational risk involved.,67,4,0.08,1.0,EdTech,LOW
Refactor variable naming in Payment Gateway,Refactor variable naming in Payment Gateway. This is a minor improvement with low business impact.,41,5,0.08,0.9,AI Platform,LOW
Production outage affecting Reporting Service,Production outage affecting Reporting Service. Failure to resolve may result in financial or reputational damage.,8,9,0.58,9.5,AI Platform,HIGH
Payment failure reported by Premium Customer,Payment failure reported by Premium Customer. Failure to resolve may result in financial or reputational damage.,3,10,0.71,4.8,AI Platform,HIGH
Audit failure in Finance,Audit failure in Finance. This task is blocking critical business operations.,3,15,0.44,8.5,Healthcare,HIGH
Improve formatting in Database,Improve formatting in Database. Can be addressed during routine maintenance.,75,2,0.06,2.0,AI Platform,LOW
Organize file structure,Organize file structure. This is a minor improvement with low business impact.,45,3,0.04,1.4,AI Platform,LOW
Refactor variable naming in Auth Service,Refactor variable naming in Auth Service. No immediate operational risk involved.,21,2,0.03,0.1,Healthcare,LOW
Enhance performance of Data Pipeline,Enhance performance of Data Pipeline. Important for improving overall system quality.,18,0,0.16,2.3,Healthcare,MEDIUM
Implement new feature for Profile,Implement new feature for Profile. Important for improving overall system quality.,22,0,0.25,1.0,Fintech,MEDIUM
Payment failure reported by Enterprise Client,Payment failure reported by Enterprise Client. This issue is affecting multiple stakeholders and requires immediate attention.,1,0,0.33,6.7,Healthcare,HIGH
Optimize workflow in Marketing,Optimize workflow in Marketing. Important for improving overall system quality.,-1,11,0.37,1.4,SaaS,MEDIUM
Improve onboarding process for Employee Onboarding,Improve onboarding process for Employee Onboarding. This task will improve operational efficiency.,-1,4,0.07,2.4,Healthcare,MEDIUM
Immediate rollback required for Data Pipeline,Immediate rollback required for Data Pipeline. This issue is affecting multiple stakeholders and requires immediate attention.,6,15,0.89,9.1,SaaS,HIGH
Client escalation regarding Dashboard,Client escalation regarding Dashboard. This task is blocking critical business operations.,-1,0,0.34,3.0,AI Platform,HIGH
Security breach detected in Mobile App,Security breach detected in Mobile App. Failure to resolve may result in financial or reputational damage.,8,11,0.88,4.6,Healthcare,HIGH
Audit failure in Operations,Audit failure in Operations. This issue is affecting multiple stakeholders and requires immediate attention.,16,8,0.81,9.5,SaaS,HIGH
Implement new feature for Profile,Implement new feature for Profile. This enhancement supports ongoing optimization efforts.,-1,3,0.35,2.4,AI Platform,MEDIUM
Update design theme slightly,Update design theme slightly. This is a minor improvement with low business impact.,73,2,0.13,0.6,AI Platform,LOW
Improve analytics reporting for Profile,Improve analytics reporting for Profile. This task will improve operational efficiency.,-1,5,0.44,0.2,Healthcare,MEDIUM
Security breach detected in Data Pipeline,Security breach detected in Data Pipeline. This issue is affecting multiple stakeholders and requires immediate attention.,12,11,0.54,6.8,Fintech,HIGH
Optimize workflow in Operations,Optimize workflow in Operations. This task will improve operational efficiency.,7,7,0.1,0.1,Fintech,MEDIUM
Compliance violation in Support,Compliance violation in Support. This task is blocking critical business operations.,14,10,0.88,1.9,EdTech,HIGH
Refactor variable naming in Mobile App,Refactor variable naming in Mobile App. No immediate operational risk involved.,39,3,0.1,1.8,EdTech,LOW
Security breach detected in Mobile App,Security breach detected in Mobile App. This issue is affecting multiple stakeholders and requires immediate attention.,-1,0,0.67,7.8,E-commerce,HIGH
Client escalation regarding Settings,Client escalation regarding Settings. This issue is affecting multiple stakeholders and requires immediate attention.,10,8,0.85,8.5,Healthcare,HIGH
Client escalation regarding Login,Client escalation regarding Login. This task is blocking critical business operations.,8,0,0.46,5.5,EdTech,HIGH
Cleanup unused resources,Cleanup unused resources. No immediate operational risk involved.,22,4,0.08,1.2,E-commerce,LOW
Fix minor typo in documentation,Fix minor typo in documentation. Can be addressed during routine maintenance.,38,5,0.17,1.1,Fintech,LOW
Immediate rollback required for Database,Immediate rollback required for Database. This issue is affecting multiple stakeholders and requires immediate attention.,7,0,0.69,6.6,EdTech,HIGH
Improve analytics reporting for Profile,Improve analytics reporting for Profile. Important for improving overall system quality.,21,6,0.27,0.8,Healthcare,MEDIUM
Audit failure in Operations,Audit failure in Operations. Failure to resolve may result in financial or reputational damage.,3,11,0.55,9.6,E-commerce,HIGH
Revenue-impacting defect in Profile,Revenue-impacting defect in Profile. Failure to resolve may result in financial or reputational damage.,18,0,0.75,7.9,E-commerce,HIGH
Security breach detected in Frontend App,Security breach detected in Frontend App. This task is blocking critical business operations.,13,12,0.34,8.8,E-commerce,HIGH
Refactor variable naming in Payment Gateway,Refactor variable naming in Payment Gateway. No immediate operational risk involved.,60,0,0.16,0.6,SaaS,LOW
Improve formatting in Frontend App,Improve formatting in Frontend App. This is a minor improvement with low business impact.,52,0,0.15,1.0,Healthcare,LOW
System crash during Login,System crash during Login. Failure to resolve may result in financial or reputational damage.,15,6,0.27,2.3,Fintech,HIGH
Refactor variable naming in Frontend App,Refactor variable naming in Frontend App. Can be addressed during routine maintenance.,75,0,0.14,1.8,Healthcare,LOW
Enhance performance of Auth Service,Enhance performance of Auth Service. Important for improving overall system quality.,-1,0,0.21,2.4,EdTech,MEDIUM
Integrate new API into User Service,Integrate new API into User Service. This enhancement supports ongoing optimization efforts.,20,4,0.45,2.7,Fintech,MEDIUM
Improve comments in codebase,Improve comments in codebase. Can be addressed during routine maintenance.,27,1,0.11,1.1,Healthcare,LOW
Minor UI alignment fix,Minor UI alignment fix. No immediate operational risk involved.,-1,2,0.05,1.1,AI Platform,LOW
Update dependency versions,Update dependency versions. No immediate operational risk involved.,51,6,0.07,1.4,AI Platform,LOW
Update dependency versions,Update dependency versions. No immediate operational risk involved.,51,0,0.08,1.5,AI Platform,LOW
Immediate rollback required for Auth Service,Immediate rollback required for Auth Service. Failure to resolve may result in financial or reputational damage.,10,7,0.88,2.6,Healthcare,HIGH
Critical issue in Data Pipeline,Critical issue in Data Pipeline. This issue is affecting multiple stakeholders and requires immediate attention.,5,0,0.32,1.6,SaaS,HIGH
Improve comments in codebase,Improve comments in codebase. Can be addressed during routine maintenance.,39,6,0.14,0.9,E-commerce,LOW
Production outage affecting Inventory Service,Production outage affecting Inventory Service. This task is blocking critical business operations.,-1,10,0.26,9.4,Fintech,HIGH
Refactor variable naming in Database,Refactor variable naming in Database. This is a minor improvement with low business impact.,-1,7,0.02,1.8,Fintech,LOW
Improve analytics reporting for Checkout,Improve analytics reporting for Checkout. This enhancement supports ongoing optimization efforts.,-1,3,0.19,0.4,Fintech,MEDIUM
Improve onboarding process for Employee Onboarding,Improve onboarding process for Employee Onboarding. This task will improve operational efficiency.,18,0,0.14,0.6,SaaS,MEDIUM
Improve formatting in Backend API,Improve formatting in Backend API. No immediate operational risk involved.,32,6,0.13,0.3,E-commerce,LOW
Payment failure reported by Enterprise Client,Payment failure reported by Enterprise Client. This issue is affecting multiple stakeholders and requires immediate attention.,-1,10,0.78,2.7,Healthcare,HIGH
Improve analytics reporting for Analytics,Improve analytics reporting for Analytics. This enhancement supports ongoing optimization efforts.,23,0,0.11,0.3,Fintech,MEDIUM
Refactor variable naming in Payment Gateway,Refactor variable naming in Payment Gateway. Can be addressed during routine maintenance.,40,2,0.06,0.7,EdTech,LOW
System crash during Search,System crash during Search. This task is blocking critical business operations.,-1,9,0.77,1.6,Fintech,HIGH
Revenue-impacting defect in Analytics,Revenue-impacting defect in Analytics. This task is blocking critical business operations.,15,12,0.32,7.8,Healthcare,HIGH
Audit failure in Sales,Audit failure in Sales. Failure to resolve may result in financial or reputational damage.,15,0,0.41,6.8,AI Platform,HIGH
Update design theme slightly,Update design theme slightly. This is a minor improvement with low business impact.,46,0,0.07,0.3,AI Platform,LOW
Update dependency versions,Update dependency versions. No immediate operational risk involved.,56,4,0.09,1.3,Healthcare,LOW
Improve onboarding process for Payroll Review,Improve onboarding process for Payroll Review. This enhancement supports ongoing optimization efforts.,18,0,0.38,3.9,EdTech,MEDIUM
Enhance UI for Dashboard,Enhance UI for Dashboard. This task will improve operational efficiency.,8,0,0.01,4.0,AI Platform,MEDIUM
Integrate new API into Notification Service,Integrate new API into Notification Service. Important for improving overall system quality.,10,0,0.42,1.0,Fintech,MEDIUM
Revenue-impacting defect in Login,Revenue-impacting defect in Login. Failure to resolve may result in financial or reputational damage.,12,9,0.71,1.8,Healthcare,HIGH
Improve comments in codebase,Improve comments in codebase. No immediate operational risk involved.,35,5,0.11,0.8,Fintech,LOW
Security breach detected in Frontend App,Security breach detected in Frontend App. This task is blocking critical business operations.,3,12,0.43,8.7,SaaS,HIGH
Improve onboarding process for Payroll Review,Improve onboarding process for Payroll Review. This task will improve operational efficiency.,-1,4,0.05,3.8,SaaS,MEDIUM
Integrate new API into Billing Service,Integrate new API into Billing Service. This task will improve operational efficiency.,25,0,0.18,0.4,AI Platform,MEDIUM
Critical issue in Payment Gateway,Critical issue in Payment Gateway. Failure to resolve may result in financial or reputational damage.,27,2,0.27,2.0,E-commerce,HIGH
Audit failure in Operations,Audit failure in Operations. This issue is affecting multiple stakeholders and requires immediate attention.,15,15,0.63,4.0,AI Platform,HIGH
Implement new feature for Profile,Implement new feature for Profile. This task will improve operational efficiency.,34,8,0.08,2.3,EdTech,MEDIUM
Enhance internal documentation,Enhance internal documentation. Can be addressed during routine maintenance.,16,7,0.04,1.1,E-commerce,LOW
Compliance violation in Marketing,Compliance violation in Marketing. Failure to resolve may result in financial or reputational damage.,16,10,0.52,6.8,Fintech,HIGH
Revenue-impacting defect in Login,Revenue-impacting defect in Login. Failure to resolve may result in financial or reputational damage.,18,14,0.62,8.3,Fintech,HIGH
Client escalation regarding Settings,Client escalation regarding Settings. This issue is affecting multiple stakeholders and requires immediate attention.,0,16,0.84,1.6,EdTech,HIGH
Implement new feature for Checkout,Implement new feature for Checkout. Important for improving overall system quality.,-1,0,0.48,1.2,E-commerce,MEDIUM
Security breach detected in Payment Gateway,Security breach detected in Payment Gateway. This task is blocking critical business operations.,4,1,0.76,3.5,SaaS,HIGH
Enhance UI for Dashboard,Enhance UI for Dashboard. Important for improving overall system quality.,14,0,0.41,2.2,E-commerce,MEDIUM
Upgrade billing process in Budget Planning,Upgrade billing process in Budget Planning. Important for improving overall system quality.,8,7,0.07,2.5,AI Platform,MEDIUM
Improve analytics reporting for Login,Improve analytics reporting for Login. This enhancement supports ongoing optimization efforts.,-1,0,0.31,0.1,E-commerce,MEDIUM
Client escalation regarding Settings,Client escalation regarding Settings. This issue is affecting multiple stakeholders and requires immediate attention.,22,11,0.71,2.9,EdTech,HIGH
Enhance internal documentation,Enhance internal documentation. No immediate operational risk involved.,24,0,0.12,1.0,Fintech,LOW
Refactor variable naming in Database,Refactor variable naming in Database. Can be addressed during routine maintenance.,17,4,0.04,1.1,E-commerce,LOW
Update dependency versions,Update dependency versions. This is a minor improvement with low business impact.,41,5,0.08,0.0,Fintech,LOW
Improve comments in codebase,Improve comments in codebase. No immediate operational risk involved.,70,3,0.08,1.7,Healthcare,LOW
Update dependency versions,Update dependency versions. Can be addressed during routine maintenance.,67,0,0.09,0.2,SaaS,LOW
Optimize workflow in Sales,Optimize workflow in Sales. This enhancement supports ongoing optimization efforts.,7,2,0.07,3.7,E-commerce,MEDIUM
Improve comments in codebase,Improve comments in codebase. No immediate operational risk involved.,6,0,0.12,1.0,SaaS,LOW
Organize file structure,Organize file structure. This is a minor improvement with low business impact.,57,0,0.07,1.1,SaaS,LOW
Refactor variable naming in Data Pipeline,Refactor variable naming in Data Pipeline. Can be addressed during routine maintenance.,75,4,0.17,1.0,Fintech,LOW
Refactor codebase in Auth Service,Refactor codebase in Auth Service. Important for improving overall system quality.,30,8,0.36,1.5,EdTech,MEDIUM
Minor UI alignment fix,Minor UI alignment fix. Can be addressed during routine maintenance.,-1,4,0.15,0.3,EdTech,LOW
Implement new feature for Login,Implement new feature for Login. Important for improving overall system quality.,16,3,0.24,2.1,Healthcare,MEDIUM
Update dependency versions,Update dependency versions. No immediate operational risk involved.,-1,0,0.01,1.6,Healthcare,LOW
Minor UI alignment fix,Minor UI alignment fix. Can be addressed during routine maintenance.,5,4,0.02,1.5,Healthcare,LOW
Revenue-impacting defect in Analytics,Revenue-impacting defect in Analytics. This issue is affecting multiple stakeholders and requires immediate attention.,15,5,0.22,5.6,E-commerce,HIGH
Implement new feature for Dashboard,Implement new feature for Dashboard. Important for improving overall system quality.,-1,2,0.5,1.7,E-commerce,MEDIUM
Refactor codebase in Backend API,Refactor codebase in Backend API. Important for improving overall system quality.,24,3,0.03,3.3,Healthcare,MEDIUM
Refactor codebase in Database,Refactor codebase in Database. This task will improve operational efficiency.,38,3,0.41,1.4,E-commerce,MEDIUM
Revenue-impacting defect in Login,Revenue-impacting defect in Login. This issue is affecting multiple stakeholders and requires immediate attention.,6,0,0.29,5.3,EdTech,HIGH
Payment failure reported by Enterprise Client,Payment failure reported by Enterprise Client. This task is blocking critical business operations.,2,0,0.72,5.8,EdTech,HIGH
Implement new feature for Login,Implement new feature for Login. Important for improving overall system quality.,31,10,0.43,0.7,AI Platform,MEDIUM
Improve comments in codebase,Improve comments in codebase. No immediate operational risk involved.,-1,0,0.12,1.0,Fintech,LOW
Optimize workflow in Operations,Optimize workflow in Operations. This task will improve operational efficiency.,22,0,0.43,2.7,E-commerce,MEDIUM
Minor UI alignment fix,Minor UI alignment fix. No immediate operational risk involved.,58,4,0.02,0.2,Healthcare,LOW
Security breach detected in Frontend App,Security breach detected in Frontend App. This issue is affecting multiple stakeholders and requires immediate attention.,-1,4,0.28,2.2,AI Platform,HIGH
Improve analytics reporting for Analytics,Improve analytics reporting for Analytics. This enhancement supports ongoing optimization efforts.,31,5,0.13,1.8,E-commerce,MEDIUM
Improve onboarding process for Payroll Review,Improve onboarding process for Payroll Review. This enhancement supports ongoing optimization efforts.,23,9,0.07,0.7,AI Platform,MEDIUM
Implement new feature for Search,Implement new feature for Search. This enhancement supports ongoing optimization efforts.,19,0,0.43,3.1,SaaS,MEDIUM
Improve onboarding process for Recruitment Drive,Improve onboarding process for Recruitment Drive. Important for improving overall system quality.,31,0,0.38,0.1,AI Platform,MEDIUM
Organize file structure,Organize file structure. No immediate operational risk involved.,29,1,0.0,1.3,Healthcare,LOW
Fix minor typo in documentation,Fix minor typo in documentation. Can be addressed during routine maintenance.,51,0,0.02,1.6,AI Platform,LOW
Organize file structure,Organize file structure. Can be addressed during routine maintenance.,-1,2,0.18,0.7,Fintech,LOW
Fix minor typo in documentation,Fix minor typo in documentation. This is a minor improvement with low business impact.,27,1,0.04,0.4,EdTech,LOW
Improve analytics reporting for Checkout,Improve analytics reporting for Checkout. This enhancement supports ongoing optimization efforts.,12,5,0.5,3.6,Healthcare,MEDIUM
Enhance UI for Login,Enhance UI for Login. Important for improving overall system quality.,27,3,0.16,1.0,SaaS,MEDIUM
Organize file structure,Organize file structure. This is a minor improvement with low business impact.,42,3,0.14,1.0,Healthcare,LOW
Security breach detected in Backend API,Security breach detected in Backend API. This task is blocking critical business operations.,-1,0,0.64,6.3,AI Platform,HIGH
Update dependency versions,Update dependency versions. This is a minor improvement with low business impact.,26,1,0.08,1.4,Healthcare,LOW
Client escalation regarding Analytics,Client escalation regarding Analytics. This task is blocking critical business operations.,5,14,0.23,5.6,Healthcare,HIGH
Security breach detected in Mobile App,Security breach detected in Mobile App. This issue is affecting multiple stakeholders and requires immediate attention.,5,0,0.46,4.9,EdTech,HIGH
Refactor codebase in Mobile App,Refactor codebase in Mobile App. Important for improving overall system quality.,11,3,0.47,2.9,SaaS,MEDIUM
Improve onboarding process for Recruitment Drive,Improve onboarding process for Recruitment Drive. Important for improving overall system quality.,17,0,0.43,2.0,E-commerce,MEDIUM
Upgrade billing process in Invoice Processing,Upgrade billing process in Invoice Processing. This enhancement supports ongoing optimization efforts.,29,6,0.05,1.2,Fintech,MEDIUM
Improve comments in codebase,Improve comments in codebase. No immediate operational risk involved.,40,3,0.1,0.1,SaaS,LOW
Revenue-impacting defect in Dashboard,Revenue-impacting defect in Dashboard. This task is blocking critical business operations.,-1,13,0.5,5.5,E-commerce,HIGH
Improve comments in codebase,Improve comments in codebase. No immediate operational risk involved.,47,2,0.09,2.0,Healthcare,LOW
Immediate rollback required for Auth Service,Immediate rollback required for Auth Service. This issue is affecting multiple stakeholders and requires immediate attention.,2,1,0.86,8.3,Healthcare,HIGH
Update dependency versions,Update dependency versions. This is a minor improvement with low business impact.,48,2,0.12,0.6,SaaS,LOW
Refactor variable naming in Payment Gateway,Refactor variable naming in Payment Gateway. No immediate operational risk involved.,22,8,0.03,1.1,AI Platform,LOW
Security breach detected in Mobile App,Security breach detected in Mobile App. This issue is affecting multiple stakeholders and requires immediate attention.,7,11,0.39,9.4,EdTech,HIGH
Enhance internal documentation,Enhance internal documentation. This is a minor improvement with low business impact.,38,3,0.15,0.4,Healthcare,LOW
Enhance UI for Checkout,Enhance UI for Checkout. Important for improving overall system quality.,36,4,0.4,1.1,SaaS,MEDIUM
Minor UI alignment fix,Minor UI alignment fix. Can be addressed during routine maintenance.,42,3,0.16,1.5,Fintech,LOW
Improve formatting in Payment Gateway,Improve formatting in Payment Gateway. No immediate operational risk involved.,66,3,0.1,1.6,E-commerce,LOW
Revenue-impacting defect in Profile,Revenue-impacting defect in Profile. This task is blocking critical business operations.,6,3,0.31,1.9,EdTech,HIGH
Improve analytics reporting for Analytics,Improve analytics reporting for Analytics. Important for improving overall system quality.,16,6,0.1,2.4,Healthcare,MEDIUM
Organize file structure,Organize file structure. No immediate operational risk involved.,19,5,0.03,0.2,E-commerce,LOW
Revenue-impacting defect in Analytics,Revenue-impacting defect in Analytics. Failure to resolve may result in financial or reputational damage.,7,8,0.48,6.1,Fintech,HIGH
Update design theme slightly,Update design theme slightly. No immediate operational risk involved.,30,0,0.12,0.3,E-commerce,LOW
Client escalation regarding Analytics,Client escalation regarding Analytics. This issue is affecting multiple stakeholders and requires immediate attention.,20,0,0.7,6.8,SaaS,HIGH
Integrate new API into Reporting Service,Integrate new API into Reporting Service. This enhancement supports ongoing optimization efforts.,18,9,0.17,1.7,AI Platform,MEDIUM
Client escalation regarding Dashboard,Client escalation regarding Dashboard. This issue is affecting multiple stakeholders and requires immediate attention.,16,6,0.37,3.9,Healthcare,HIGH
Production outage affecting Notification Service,Production outage affecting Notification Service. This task is blocking critical business operations.,17,0,0.71,8.4,EdTech,HIGH
Refactor codebase in Payment Gateway,Refactor codebase in Payment Gateway. This task will improve operational efficiency.,38,5,0.09,3.4,Fintech,MEDIUM
Payment failure reported by Government Client,Payment failure reported by Government Client. This task is blocking critical business operations.,12,0,0.48,9.9,Healthcare,HIGH
Refactor variable naming in Payment Gateway,Refactor variable naming in Payment Gateway. No immediate operational risk involved.,37,4,0.15,1.8,SaaS,LOW
Improve comments in codebase,Improve comments in codebase. This is a minor improvement with low business impact.,30,0,0.06,1.6,Healthcare,LOW
Update design theme slightly,Update design theme slightly. Can be addressed during routine maintenance.,44,6,0.17,1.0,Fintech,LOW
Improve analytics reporting for Analytics,Improve analytics reporting for Analytics. This task will improve operational efficiency.,14,2,0.22,3.4,AI Platform,MEDIUM
Security breach detected in Frontend App,Security breach detected in Frontend App. This task is blocking critical business operations.,7,9,0.56,9.9,E-commerce,HIGH
Immediate rollback required for Database,Immediate rollback required for Database. This issue is affecting multiple stakeholders and requires immediate attention.,13,0,0.3,4.8,Healthcare,HIGH
Automate campaign tracking for Referral Program,Automate campaign tracking for Referral Program. Important for improving overall system quality.,23,0,0.05,0.5,Fintech,MEDIUM
Improve comments in codebase,Improve comments in codebase. Can be addressed during routine maintenance.,68,5,0.19,0.8,AI Platform,LOW
Critical issue in Payment Gateway,Critical issue in Payment Gateway. Failure to resolve may result in financial or reputational damage.,10,0,0.26,8.4,Fintech,HIGH
Update design theme slightly,Update design theme slightly. This is a minor improvement with low business impact.,76,0,0.05,1.7,EdTech,LOW
Enhance performance of Backend API,Enhance performance of Backend API. Important for improving overall system quality.,-1,10,0.48,1.5,SaaS,MEDIUM
Cleanup unused resources,Cleanup unused resources. No immediate operational risk involved.,-1,0,0.13,0.1,EdTech,LOW
Enhance performance of Mobile App,Enhance performance of Mobile App. Important for improving overall system quality.,12,2,0.09,2.7,Healthcare,MEDIUM
Production outage affecting Billing Service,Production outage affecting Billing Service. This issue is affecting multiple stakeholders and requires immediate attention.,4,9,0.52,7.3,AI Platform,HIGH
Update design theme slightly,Update design theme slightly. No immediate operational risk involved.,54,0,0.05,1.4,EdTech,LOW
Payment failure reported by Enterprise Client,Payment failure reported by Enterprise Client. This issue is affecting multiple stakeholders and requires immediate attention.,7,0,0.68,8.7,AI Platform,HIGH
Production outage affecting Inventory Service,Production outage affecting Inventory Service. Failure to resolve may result in financial or reputational damage.,5,8,0.3,7.6,E-commerce,HIGH
Minor UI alignment fix,Minor UI alignment fix. This is a minor improvement with low business impact.,-1,5,0.12,1.8,SaaS,LOW
Enhance UI for Dashboard,Enhance UI for Dashboard. This task will improve operational efficiency.,17,0,0.48,0.6,Fintech,MEDIUM
Minor UI alignment fix,Minor UI alignment fix. No immediate operational risk involved.,35,7,0.04,1.5,Healthcare,LOW
Audit failure in HR,Audit failure in HR. This issue is affecting multiple stakeholders and requires immediate attention.,5,15,0.51,6.3,AI Platform,HIGH
Upgrade billing process in Invoice Processing,Upgrade billing process in Invoice Processing. This task will improve operational efficiency.,-1,3,0.46,0.1,AI Platform,MEDIUM
System crash during Search,System crash during Search. Failure to resolve may result in financial or reputational damage.,-1,6,0.49,1.2,AI Platform,HIGH
Revenue-impacting defect in Settings,Revenue-impacting defect in Settings. This task is blocking critical business operations.,12,14,0.85,1.1,SaaS,HIGH
Minor UI alignment fix,Minor UI alignment fix. Can be addressed during routine maintenance.,79,0,0.14,2.0,EdTech,LOW
Compliance violation in Operations,Compliance violation in Operations. Failure to resolve may result in financial or reputational damage.,10,9,0.47,1.5,AI Platform,HIGH
Enhance UI for Dashboard,Enhance UI for Dashboard. This enhancement supports ongoing optimization efforts.,24,9,0.04,1.8,AI Platform,MEDIUM
Update dependency versions,Update dependency versions. Can be addressed during routine maintenance.,27,7,0.12,1.3,Healthcare,LOW
Enhance UI for Search,Enhance UI for Search. This task will improve operational efficiency.,-1,3,0.11,2.3,Fintech,MEDIUM
Payment failure reported by Government Client,Payment failure reported by Government Client. Failure to resolve may result in financial or reputational damage.,1,4,0.34,6.8,SaaS,HIGH
Minor UI alignment fix,Minor UI alignment fix. Can be addressed during routine maintenance.,36,0,0.0,0.0,AI Platform,LOW
Improve analytics reporting for Profile,Improve analytics reporting for Profile. This enhancement supports ongoing optimization efforts.,22,0,0.06,1.2,E-commerce,MEDIUM
Client escalation regarding Login,Client escalation regarding Login. Failure to resolve may result in financial or reputational damage.,6,0,0.8,5.0,EdTech,HIGH
Critical issue in Payment Gateway,Critical issue in Payment Gateway. This task is blocking critical business operations.,-1,0,0.85,9.0,Healthcare,HIGH
Immediate rollback required for Backend API,Immediate rollback required for Backend API. Failure to resolve may result in financial or reputational damage.,-1,0,0.85,4.2,AI Platform,HIGH
Organize file structure,Organize file structure. This is a minor improvement with low business impact.,13,0,0.11,0.2,AI Platform,LOW
Improve formatting in Database,Improve formatting in Database. This is a minor improvement with low business impact.,50,6,0.13,1.0,Healthcare,LOW
Automate campaign tracking for Black Friday Campaign,Automate campaign tracking for Black Friday Campaign. This enhancement supports ongoing optimization efforts.,-1,14,0.21,2.7,Healthcare,MEDIUM
Security breach detected in Auth Service,Security breach detected in Auth Service. Failure to resolve may result in financial or reputational damage.,9,15,0.22,5.9,SaaS,HIGH
Payment failure reported by Government Client,Payment failure reported by Government Client. This task is blocking critical business operations.,2,4,0.45,8.0,AI Platform,HIGH
Cleanup unused resources,Cleanup unused resources. No immediate operational risk involved.,32,1,0.09,0.4,E-commerce,LOW
Upgrade billing process in Budget Planning,Upgrade billing process in Budget Planning. Important for improving overall system quality.,19,0,0.13,0.8,SaaS,MEDIUM
Critical issue in Mobile App,Critical issue in Mobile App. This task is blocking critical business operations.,-1,4,0.84,7.3,Healthcare,HIGH
Refactor variable naming in Auth Service,Refactor variable naming in Auth Service. This is a minor improvement with low business impact.,32,5,0.17,1.4,Healthcare,LOW
Security breach detected in Payment Gateway,Security breach detected in Payment Gateway. Failure to resolve may result in financial or reputational damage.,9,0,0.45,3.4,SaaS,HIGH
Improve comments in codebase,Improve comments in codebase. This is a minor improvement with low business impact.,29,1,0.06,1.5,Fintech,LOW
Update dependency versions,Update dependency versions. No immediate operational risk involved.,32,8,0.03,0.9,E-commerce,LOW
Client escalation regarding Search,Client escalation regarding Search. Failure to resolve may result in financial or reputational damage.,10,12,0.72,7.4,EdTech,HIGH
Minor UI alignment fix,Minor UI alignment fix. No immediate operational risk involved.,39,2,0.07,0.9,E-commerce,LOW
Minor UI alignment fix,Minor UI alignment fix. No immediate operational risk involved.,46,0,0.2,0.7,Healthcare,LOW
Compliance violation in Sales,Compliance violation in Sales. This issue is affecting multiple stakeholders and requires immediate attention.,6,5,0.22,2.3,AI Platform,HIGH
Integrate new API into User Service,Integrate new API into User Service. Important for improving overall system quality.,11,3,0.45,0.9,EdTech,MEDIUM
Improve comments in codebase,Improve comments in codebase. No immediate operational risk involved.,-1,7,0.08,1.8,AI Platform,LOW
Fix minor typo in documentation,Fix minor typo in documentation. This is a minor improvement with low business impact.,20,0,0.19,0.8,Healthcare,LOW
Cleanup unused resources,Cleanup unused resources. No immediate operational risk involved.,48,0,0.19,0.5,E-commerce,LOW
Improve formatting in Data Pipeline,Improve formatting in Data Pipeline. No immediate operational risk involved.,-1,7,0.19,1.4,E-commerce,LOW
System crash during Login,System crash during Login. Failure to resolve may result in financial or reputational damage.,-1,5,0.31,5.2,Healthcare,HIGH
Enhance performance of Frontend App,Enhance performance of Frontend App. Important for improving overall system quality.,21,4,0.45,2.4,E-commerce,MEDIUM
Update dependency versions,Update dependency versions. Can be addressed during routine maintenance.,43,1,0.08,1.6,AI Platform,LOW
Audit failure in Marketing,Audit failure in Marketing. Failure to resolve may result in financial or reputational damage.,8,9,0.33,1.4,Fintech,HIGH
Upgrade billing process in Invoice Processing,Upgrade billing process in Invoice Processing. This task will improve operational efficiency.,30,0,0.02,2.9,Fintech,MEDIUM
Automate campaign tracking for Email Automation,Automate campaign tracking for Email Automation. Important for improving overall system quality.,5,0,0.13,1.3,EdTech,MEDIUM
Fix minor typo in documentation,Fix minor typo in documentation. This is a minor improvement with low business impact.,-1,3,0.2,1.0,Healthcare,LOW
Cleanup unused resources,Cleanup unused resources. Can be addressed during routine maintenance.,38,0,0.17,1.4,EdTech,LOW
Update design theme slightly,Update design theme slightly. This is a minor improvement with low business impact.,10,9,0.03,1.4,E-commerce,LOW
Refactor codebase in Payment Gateway,Refactor codebase in Payment Gateway. Important for improving overall system quality.,22,6,0.19,0.4,Healthcare,MEDIUM
Upgrade billing process in Budget Planning,Upgrade billing process in Budget Planning. This enhancement supports ongoing optimization efforts.,25,5,0.08,3.9,Healthcare,MEDIUM
Payment failure reported by Startup Client,Payment failure reported by Startup Client. Failure to resolve may result in financial or reputational damage.,16,0,0.42,8.3,AI Platform,HIGH
Minor UI alignment fix,Minor UI alignment fix. No immediate operational risk involved.,26,3,0.18,0.3,AI Platform,LOW
Cleanup unused resources,Cleanup unused resources. This is a minor improvement with low business impact.,-1,3,0.08,1.7,EdTech,LOW
Optimize workflow in Marketing,Optimize workflow in Marketing. This task will improve operational efficiency.,-1,4,0.23,3.6,EdTech,MEDIUM
Optimize workflow in Operations,Optimize workflow in Operations. Important for improving overall system quality.,12,4,0.1,3.3,E-commerce,MEDIUM
Production outage affecting Inventory Service,Production outage affecting Inventory Service. Failure to resolve may result in financial or reputational damage.,-1,6,0.7,5.5,Fintech,HIGH
Payment failure reported by Government Client,Payment failure reported by Government Client. Failure to resolve may result in financial or reputational damage.,13,13,0.5,1.5,SaaS,HIGH
Production outage affecting Inventory Service,Production outage affecting Inventory Service. This task is blocking critical business operations.,5,0,0.69,4.6,AI Platform,HIGH
System crash during Login,System crash during Login. This issue is affecting multiple stakeholders and requires immediate attention.,9,13,0.54,2.7,Healthcare,HIGH
Enhance performance of Frontend App,Enhance performance of Frontend App. Important for improving overall system quality.,-1,9,0.24,1.2,Fintech,MEDIUM
Payment failure reported by Government Client,Payment failure reported by Government Client. Failure to resolve may result in financial or reputational damage.,4,0,0.88,2.9,SaaS,HIGH
Refactor variable naming in Database,Refactor variable naming in Database. No immediate operational risk involved.,-1,0,0.16,1.9,SaaS,LOW
Improve onboarding process for Recruitment Drive,Improve onboarding process for Recruitment Drive. Important for improving overall system quality.,31,10,0.05,3.4,E-commerce,MEDIUM
Fix minor typo in documentation,Fix minor typo in documentation. This is a minor improvement with low business impact.,22,1,0.17,1.9,SaaS,LOW
Upgrade billing process in Expense Audit,Upgrade billing process in Expense Audit. Important for improving overall system quality.,15,4,0.35,0.3,EdTech,MEDIUM
Fix minor typo in documentation,Fix minor typo in documentation. This is a minor improvement with low business impact.,32,1,0.05,1.1,SaaS,LOW
Upgrade billing process in Budget Planning,Upgrade billing process in Budget Planning. This task will improve operational efficiency.,12,0,0.06,0.6,AI Platform,MEDIUM
Fix minor typo in documentation,Fix minor typo in documentation. No immediate operational risk involved.,-1,0,0.05,0.1,Healthcare,LOW
Update design theme slightly,Update design theme slightly. Can be addressed during routine maintenance.,72,7,0.18,1.5,AI Platform,LOW
Optimize workflow in Sales,Optimize workflow in Sales. This enhancement supports ongoing optimization efforts.,21,4,0.32,2.3,AI Platform,MEDIUM
Optimize workflow in Support,Optimize workflow in Support. Important for improving overall system quality.,13,7,0.18,3.9,EdTech,MEDIUM
Enhance performance of Mobile App,Enhance performance of Mobile App. This task will improve operational efficiency.,30,7,0.08,3.6,Fintech,MEDIUM
Minor UI alignment fix,Minor UI alignment fix. No immediate operational risk involved.,-1,2,0.19,1.1,AI Platform,LOW
Fix minor typo in documentation,Fix minor typo in documentation. No immediate operational risk involved.,79,0,0.04,1.5,E-commerce,LOW
Fix minor typo in documentation,Fix minor typo in documentation. This is a minor improvement with low business impact.,59,0,0.02,1.6,Fintech,LOW
Refactor codebase in Payment Gateway,Refactor codebase in Payment Gateway. This task will improve operational efficiency.,29,7,0.16,2.9,SaaS,MEDIUM
Critical issue in Auth Service,Critical issue in Auth Service. Failure to resolve may result in financial or reputational damage.,15,0,0.6,3.6,Healthcare,HIGH
Immediate rollback required for Auth Service,Immediate rollback required for Auth Service. Failure to resolve may result in financial or reputational damage.,25,14,0.32,8.8,Fintech,HIGH
Improve onboarding process for Recruitment Drive,Improve onboarding process for Recruitment Drive. Important for improving overall system quality.,30,13,0.27,1.9,E-commerce,MEDIUM
Update dependency versions,Update dependency versions. No immediate operational risk involved.,49,0,0.01,0.8,Fintech,LOW
